album_id,album_artists_id
7nTvm6EgmFWPLMLxj6aksS,4Ga1P7PMIsmqEZqhYZQgDo
3dwBW5p65buVtiTmr2a0Wl,1OmJlIsNDkAVfdkmHbvQFM
5CigVuEyiAYaNYx2M2w4hh,3vDpQbGnzRbRVirXlfQagB
2M3IBMpOszCjnxwG1sWOqT,3tlXnStJ1fFhdScmQeLpuG
0HZiTcB82OPdvbJ2Hny6bK,5rjz63sgMaAUAyBMyCUK5D
2TrwVayZ9oD42PkEI9Nk5Q,5LGo1zHegJTWzqVXgeNplt
6F6ZYE96lTFgzWotepEDhZ,3bhu7P5PfngueRHiB9hjcx
6F6ZYE96lTFgzWotepEDhZ,66lH4jAE7pqPlOlzUKbwA0
6s84u2TUpR3wdUv4NgKA2j,1McMsnEElThX1knmY4oliG
622NFw5Yk0OReMJ2XWcXUh,7jVv8c5Fj3E9VhNjxT4snq
622NFw5Yk0OReMJ2XWcXUh,2LIk90788K0zvyj2JJVwkJ
6qf1Qjmib5fOTb18Ju6uA9,502gYHkFCtLzBIcU4ctPLd
6QeosPQpJckkW0Obir5RT8,00FQb4jTyendYWaN8pK0wa
4WyhB7bn1Dy3w7GBWUAO1a,4BYxqVkZyFjtik7crYLg5Q
1nAQbHeOWTfQzbOoFrvndW,5cj0lLjcoR7YOSnhnX0Po5
3dgsCZMswt6TWbsKcMgoO2,1VPmR4DJC1PlOtd0IADAO0
0qecSxB8NZ4ga9s9FqkboY,4ZAk3yVJdtf1CFnTiG08U3
5L5evi5tJPh8WaEFAQp7Tp,1Xyo4u8uXC1ZmMpatF05PJ
3HqmX8hGcbbQZODgayNEYx,5SXuuuRpukkTvsLuUknva1
3HqmX8hGcbbQZODgayNEYx,2YZyLoL8N0Wb9xBt1NhZWg
4O7Fn6jEB5xN1HXjMALCHp,3wrFoI9EVjWg6m8xXeWr5t
4O7Fn6jEB5xN1HXjMALCHp,4fv1OFJywZ7DHCz3mVQQ45
1UglarHubZKdQNBzRLF7dt,0Ya43ZKWHTKkAbkoJJkwIB
1UglarHubZKdQNBzRLF7dt,4QAp87iZerUP9PKxtLhmW1
021fiBoLY6KwQmgIvByEtG,3hcs9uc56yIGFCSy9leWe7
021fiBoLY6KwQmgIvByEtG,4oUHIQIBe0LHzYfvXNW4QM
2iTmTEm55PIjLdYjDCKh96,1LZEQNv7sE11VDY3SdxQeN
2iTmTEm55PIjLdYjDCKh96,0GG2cWaonE4JPrjcCCQ1EG
1a7BlXLCqjTxQh6X8L9JBL,2gBjLmx6zQnFGQJCAQpRgw
1uD1kdwTWH1DZQZqGKz6rY,7MoIc5s9KXolCBH1fy9kkw
3Q8XfnyXY1KUqnfjkyGwWa,0snouHYzOWSgxRBYMQsa3H
5Gm2XKBgnlzd6qTi7LE1z2,2jku7tDXc6XoB6MO2hFuqg
3C4JU2iVIEI5F8B59b7upA,0iDx4sYtJ0FfXi5tdGGXTA
6kBuGNoOGE7uiPhN82dcJ1,4sTQVOfp9vEMCemLw50sbu
6kBuGNoOGE7uiPhN82dcJ1,1Cs0zKBU1kc0i8ypK3B9ai
6kBuGNoOGE7uiPhN82dcJ1,3e7awlrlDSwF3iM0WBjGMp
45ba6QAtNrdv6Ke4MFOKk9,4V8LLVI7PbaPR0K2TGSxFF
531c37GGv5IvddCvBv3sWT,6eUKZXaKkcviH0Ku9w2n3V
1SXdfBOoIPb094UtbsLjvP,4xE3NbWDeC7BEIlzQIjG5H
1SXdfBOoIPb094UtbsLjvP,5GNSiWmGlKoycbxC8htQaH
7l72jwIz37QsEP1RzSNG5O,6JFaTYyfO9VRWnlC3ypYJh
5CS8E6JVACItYto4OOJoPW,790FomKkXshlbRYZFtlgla
0b693AisoJYg4Ilj10LkYG,2RQXRUsr4IW1f3mKyKsy4B
3p89sh1IV385sHS85PHe8w,579LsvZcRVKtToYjS0tkKz
4hDok0OAJd57SGIT8xuWJH,06HL4z0CvFAxyc27GXpf02
3497MUjpGLcslVVb9ZeteM,78YqeIji3mgAS2K1Maca6x
39qsmsNRXjVaFqTZj9af0j,7i9j813KFoSBMldGqlh2Z1
39qsmsNRXjVaFqTZj9af0j,1gALaWbNDnwS2ECV09sn2A
39qsmsNRXjVaFqTZj9af0j,4L2dV3zY7RmkeiNO035Fi0
4B143uGP1Wwhb5xO95nvaS,6GpFiBAVovOVJfK7OTWnxN
6mSqysiE0NE7TbFosoJGTv,1VPmR4DJC1PlOtd0IADAO0
0brMHlMYz5t58uT1Q4bkdF,6eJa3zG1QZLRB3xgRuyxbm
3Us0eofAYq7tRuaH7A56i0,50hkKRxo0g8Ck4JqlwoJr4
5cAd6WOG1zVNQ2KDCOLtuf,4fxd5Ee7UefO4CUXgwJ7IP
35qVMfUfBN6q2xzm9rZn5a,2Waw2sSbqvAwK8NwACNjVo
0SO86DCFiwaTqchBpujace,5f7VJjfbwm532GiveGC0ZK
0SO86DCFiwaTqchBpujace,4FlG0V0jhLO4qGpayFOphj
44NnM38oAf0i0gWqkVVA1x,1EnZjgGD81emhSdq6adEKt
1UtMaTZl4kau9NSFqc8wHp,0ys2OFYzWYB5hRDLCsBqxt
558tpdCejjVQNFAumRAeQj,2dIgFjalVxs4ThymZ67YCE
5DMfgmlbRD0HeUi5QQgOAD,2AMeiDbfU2vonrTkpXDKUu
6cZ39G1mahxDAGfoPzDllb,4MzJMcHQBl9SIYSjwWn8QW
4qY3S2Iz6VpAa2EzhWkrpo,2tl280wIokrLjabzrSKTgU
4pZal8ISuVy34AOkGGbiZ6,3M1quhETLChtt9NHKVaajX
4lPqFAvgmG97pxyxQsyCQx,57LYzLEk2LcFghVwuWbcuS
3hdw3AH6dkRpONWlJnotZn,1iCnM8foFssWlPRLfAbIwo
1yjrtwm2ru1qPGBPBUDE0x,6y8XlgIV8BLlIg1tT1R10i
32iAEBstCjauDhyKpGjTuq,6eUKZXaKkcviH0Ku9w2n3V
2YSlIS6gM38w7ZJNj8F3s6,5Pwc4xIPtQLFEnJriah9YJ
1jbRY71konakrKvDUiW7Rp,21dVknSLCsK37cWozWDZZS
6tdl27ojBwZ5ZexzZOP4mG,0ynzbXwyCzxicMKHBoOkSH
4ssppGN0Qy4OeJTUDr1Etd,7wlFDEWiM5OoIAt8RSli8b
2kzPJWrTjVKEYWWhowXLnz,6qqNVTkY8uBg9cP3Jd7DAH
1DKgZeAYrjslAPZVMe6EFt,7cVZApDoQZpS447nHTsNqu
3bqEvlGHE4amqPGZtdMnep,49HlOY4gkHqsYG9GCuhkcc
3zjKITMp5FHj5aqtWWXrxH,1mcTU81TzQhprhouKaTkpq
69p42ovQdwmYPLUsAQpeNn,3uwAm6vQy7kWPS2bciKWx9
0Q5XBpCYFgUWiG9DUWyAmJ,3YQKmKGau1PzlVlkL1iodx
4Xnlm5GHBeoAGA6SUHrDFr,39xSFVoeHPX87DYQWe6z3y
0w1dwXfG5z6Xjjgj524JkD,1uNFoZAHBGtllmzznpCI3s
5SKnXCvB4fcGSZu32o3LRY,4LLpKhyESsyAXpc4laK94U
4UP2s4n7nyzHPYpNh7qfH4,7eEiDNxx0ZlaXHkn74qOrM
4Dn7V8EU84yPMe03MsefyU,5F1aAS1duwlzExnPs3l2Xe
4uLn2Ci7bNaHSZ0tBHYlxt,4pfy05cNNTacuOQ6SiSu4v
4l58JlPq72gOA4veRxboVR,5Bw9kFNhy019e4IBCJZlzw
4l58JlPq72gOA4veRxboVR,0Y6dVaC9DZtPNH4591M42W
3og8X1LYiVq3nPdMxpM9Wb,6zLBxLdl60ekBLpawtT63I
6kPeskyrkdkWT3xFYx9kvb,4jogXSSvlyMkODGSZ2wc2P
6kPeskyrkdkWT3xFYx9kvb,4tm8CEdm4pkQsEh4jIr9Yp
6kPeskyrkdkWT3xFYx9kvb,6kPf6aO5cAHU2RJUDN1UUy
4N8qhDeqx8AHoEhMnYEC2Y,1FtBEIWAwvw5ymBen5GICR
2wcv0lHk5fUYyNGKugGa7q,5H6xmHXjsq98NLbEjuE29f
2wcv0lHk5fUYyNGKugGa7q,1BEUkE2CSUgHTLSBMZdnFB
6f2fSCVZvFScRgppc1MTVv,7tje8UB3cuR1ZfeJx2U38T
5uQt9PVJIZvYjOL43EkOId,7HjGPPtdNuHcK8crc7iNkn
4zxSM7n57ny7FztFtjSj7n,71szvmFWd7TUa7b6XmXj9k
1FsFHXroF1ILBdVyBRMt3A,6Xgp2XMz1fhVYe7i6yNAax
1FsFHXroF1ILBdVyBRMt3A,699OTQXzgjhIYAHMy9RyPD
4OyzQQJHEfKXRfyN4QyLR7,1CbA4z6JauNQnHzOErDQL6
2WmJ5wp5wKBlIJE6FDAIBJ,4Gso3d4CscCijv0lmajZWs
2PIReru2w5i4JXOzeZnamd,7nqOGRxlXj7N2JYbgNEjYH
0mPKxIXNf7okZAFkCTMZlV,1muzcpVFKmKSrT7rVNAwBB
2Zd7deeqEMClIaUCo19aIc,5SyGEPymt1G2uto47tVWvZ
6CvBb1XqN0igtQrWrbXD80,5f7VJjfbwm532GiveGC0ZK
6CvBb1XqN0igtQrWrbXD80,3hcs9uc56yIGFCSy9leWe7
5lwUnuV4PJekfTcYIbkq6a,4sIl4BTo9l9KqEi0Y3RE72
0c6lcJKUnuBj8qtwZDgXpw,3Z7sI9OvtPJDAtjrZQKIAE
6AeF9IkXFpHz5H3wUNX3L3,06HL4z0CvFAxyc27GXpf02
4y50i4pFfW9v9vAvxuLFBw,7MbxdnkfBJ2STy1K8VzbzJ
56meo2KJ9tRlaGUHSGfTpP,7okSU80WTrn4LXlyXYbX3P
4eyBviSES0CZjUaipdnHku,12j6dJrPXanCBwY599pZxf
7F9yYqHRtIZnEGF2tANI4b,7jZM5w05mGhw6wTB1okhD9
7F9yYqHRtIZnEGF2tANI4b,0u6GtibW46tFX7koQ6uNJZ
7F9yYqHRtIZnEGF2tANI4b,5Wg2b4Mp42gicxEeDNawf7
3hFObbQaeADDqmUJM6BXlQ,1UyzP6admqk7jIIgedlD4B
6N9oICOUm4QT2YpWdKwUlu,4r63FhuTkUYltbVAg5TQnk
6SEeNB2xGW1kmysKSvWYqC,0Njy6yR9LykNKYg9yE23QN
6SEeNB2xGW1kmysKSvWYqC,1RyvyyTE3xzB2ZywiAwp0i
6SEeNB2xGW1kmysKSvWYqC,5f7VJjfbwm532GiveGC0ZK
6JlCkqkqobGirPsaleJpFr,4oUHIQIBe0LHzYfvXNW4QM
2oyN9nzl627l8ZeovPo46F,7wlFDEWiM5OoIAt8RSli8b
2oyN9nzl627l8ZeovPo46F,35sCXuy5gN6Or69rZ9vqBs
5x7JzoE4A3DwwU6FPt8qws,04gDigrS5kc9YWfZHwBETP
3uW306euM0l6tAJpae90LS,7GcVOOrldYLwxGrCkELOno
5YFrFIwYuNxdYIA0I0qFy1,6QgOGgahvXBHEEzpjbDsOj
35UOSWUudVMViGWMUXiNQC,7tFehEdzjjoeiwUExR89qs
5gdgH8d7W2KwkK03Ea0vpi,4GGfAshSkqoxpZdoaHm7ky
5gdgH8d7W2KwkK03Ea0vpi,4oUHIQIBe0LHzYfvXNW4QM
2ZaFqYD9a3U6qJhyS2LDRf,4utLUGcTvOJFr6aqIJtYWV
2ZaFqYD9a3U6qJhyS2LDRf,6AgTAQt8XS6jRWi4sX7w49
2ZaFqYD9a3U6qJhyS2LDRf,7dGJo4pcD2V6oG8kP0tJRR
538BxdI7oOQykSkEtyjhUD,66W9LaWS0DPdL7Sz8iYGYe
5hy25TSUbMLRjGzyQp0FMR,1bgpRrszIfYOXgzXcR02jP
0XCoR1j5Sa2su9uDS9AScR,06HL4z0CvFAxyc27GXpf02
7wHczdY0ek3FHnfVhk10om,3PhoLpVuITZKcymswpck5b
3i5LIueVgxjgCu1TIZOraP,2kucQ9jQwuD8jWdtR9Ef38
7gEGuvkVs79hY4tG7OYnzx,181bsRPaVXVlUKXrxwZfHK
2wwCc6fcyhp1tfY3J6Javr,00FQb4jTyendYWaN8pK0wa
4U0en0trmZzCyst9IvCvDA,7zVXfjqG8yM5gVp8WLab5s
5uL2IYw4ub2PuWRIESxwzd,7EOpIcFOVG2PedJgVbCHJ2
5uL2IYw4ub2PuWRIESxwzd,6ElqtIfQsAkEYypgfJIjeK
5r8T7S23cVDSd7a045h4N5,0Q8NcsJwoCbZOHHW63su5S
5itVTi6rI3MlOcWBxROxd9,4AVFqumd2ogHFlRbKIjp1t
5itVTi6rI3MlOcWBxROxd9,6jJ0s89eD6GaHleKKya26X
28wKxlJocWCrrxUgYC2zEQ,1A9o3Ljt67pFZ89YtPPL5X
0zwSEVp17wHbivhkBSHJY6,5yw4tA8D5uG7tT3NaDvq10
3G0b8ob9anYQl8a1t3GpOF,0XFgyr4jwM0MGeZZW0VzA5
1ecaLnHZm8kr5Eu63Xw6UU,3tqosLbNFNekyZyO2KJ6qd
1hJUh5y1ggqqGsCivnRmHw,7tYKF4w9nC0nq9CsPZTHyP
7LlTjovytMWtPVHm7cJku2,2LRoIwlKmHjgvigdNGBHNo
7LlTjovytMWtPVHm7cJku2,790FomKkXshlbRYZFtlgla
5aSofcF0U90UxJaDr62r6X,0Njy6yR9LykNKYg9yE23QN
5aSofcF0U90UxJaDr62r6X,3hcs9uc56yIGFCSy9leWe7
5aSofcF0U90UxJaDr62r6X,1URnnhqYAYcrqrcwql10ft
01mFXTbIelBrBEs8Hw3QbI,7HTLVyjNf0VRxfIgNcfRRH
2Nt6MDJXfoxQ22tIQgWXIh,1mcTU81TzQhprhouKaTkpq
2uXE0PE2nWgjXDV6nZi1l0,3V0ZQW0dNuVaFtbVYgSI24
5LuoozUhs2pl3glZeAJl89,3TVXtAsR1Inumwj472S9r4
58MbYehGOl5NAOdfWY5aHa,3MdXrJWsbVzdn6fe5JYkSQ
0DqDdZGSQkWQiE0TzBqeLA,6cK3NBO6uP7hh0oyuVELFl
5vkFV8CLrYIXm5ag9bwdto,4r6joVLgbTD7M07z1KIooA
00rNMpiSdqmVWMmQsahNTo,5pyVHz7lcfqKoV9BflFYwN
1KBoH5xsMCXPuVsZMORvtO,7pwufEBGfggjoI8twqlsmQ
1KBoH5xsMCXPuVsZMORvtO,6Y64EaNqpqcZYTgs4c76gF
3apQZbgVql9mHJlp43jk5D,5hKGLu4Ik88FzWcTPhWNTN
38nZLvJx8A9p4YYpTG5iFP,6EPlBSH2RSiettczlz7ihV
1otOJAtgvO5VCBL4Gykrrd,4fxd5Ee7UefO4CUXgwJ7IP
2Jj4mjzEDaXp9X3AHpo5Gu,1gW6pz5n1aK249L0GvfQCC
4LBe254NURiRmej6BSdQLn,0XeEobZplHxzM9QzFQWLiR
7q5xGp0tEnJ8s1ZumqiRSk,45TgXXqMDdF8BkjA83OM7z
00vb6sViDbJLmLLchfbRh4,7n2Ycct7Beij7Dj7meI4X0
6UsualeqgzPnb8cfaQ5nL7,7FNnA9vBm6EKceENgCGRMb
4TXZgt2GxZONIMcxAhVH9w,6ElqtIfQsAkEYypgfJIjeK
2vb8B3MYGjfYlGch4KlEfe,0jPnVIasXzBYjrlpO5irii
2vb8B3MYGjfYlGch4KlEfe,2kucQ9jQwuD8jWdtR9Ef38
4d0a5uamW9NWRc1KXFeErI,5Pwc4xIPtQLFEnJriah9YJ
2VG4oj0kGjOydr6j8deI7Z,0dUYLC7DLjeS8gIh8cz2Pq
6o86bV7TAt5x4exc2qLDqC,4oLeXFyACqeem2VImYeBFe
6LBPsXUjVuNe9ywLY4xgvX,4oUHIQIBe0LHzYfvXNW4QM
2VUhkRrg5dEJIGewOBOc7J,3KNIG74xSTc3dj0TRy7pGX
4Qku5Zl0Smuzw2ZbupxtaV,7FOQfJbC3e4GNoheojERnF
48ahZJLcagb8VTgRAuv6WQ,6C1ohJrd5VydigQtaGy5Wa
48ahZJLcagb8VTgRAuv6WQ,5f7VJjfbwm532GiveGC0ZK
7EO5zGsZP0HHxEhSLGw2aj,3qiHUAX7zY4Qnjx8TNUzVx
4MCZWUKxkvdMITh4KapBKX,0Q8NcsJwoCbZOHHW63su5S
4MCZWUKxkvdMITh4KapBKX,4q3ewBCX7sLwd24euuV69X
4MCZWUKxkvdMITh4KapBKX,77ziqFxp5gaInVrF2lj4ht
4aGM4L8ks2bc51kAKcVA9V,7GcVOOrldYLwxGrCkELOno
4aGM4L8ks2bc51kAKcVA9V,0LWHFUzXPTl9BDdJHDE001
407qOoTCcCGtc6DP2Wm0zi,7j6DKwmjbxvpQO8h914uEz
5Zdr9vactwnJH4Vpe9Mid9,0ghlgldX5Dd6720Q3qFyQB
3yKGB4IYu6MeLkhFJFn9eI,2VDZoCBGjxbHJbnzSX5nP6
0RCxiP3V5WEl9LY3KS9mxP,5zixe6AbgXPqt4c1uSl94L
7MJhmpSt8rHsk44vyrBQvh,0ErzCpIMyLcjPiwT4elrtZ
2EhxiHgVM7Xp3zw59TuSsT,35WVTyRnKAoaGExqgktVyb
09h4w3F8jXAQnbYmGYktRR,5C2iFRY2UldL2hv9THw4aB
4TATXEH2tnZVTqlyURoWUR,0elWFr7TW8piilVRYJUe4P
1PuZ5juin9Mpt3Tyiygzio,4eYE8Z6cfEHEdG22lTyucP
1OnzqJTL9bwe4kvaLxRYxt,5cj0lLjcoR7YOSnhnX0Po5
1OnzqJTL9bwe4kvaLxRYxt,7tYKF4w9nC0nq9CsPZTHyP
6B26OzQRObxAp1tbf8jeTq,181bsRPaVXVlUKXrxwZfHK
5hxKw2PurC0i1VVJMAntDU,06HL4z0CvFAxyc27GXpf02
7gVVCqQnGgybY3OTdkJuKY,3Rx4PJ7SP6unkOk5elPUK7
6wO4VuzPpcIfh4W8AOjUPI,1gPhS1zisyXr5dHTYZyiMe
2MbdQUj7tAaaBBhUwJE3KG,06HL4z0CvFAxyc27GXpf02
6P5mONYxeYoklwHZa8VLFx,6oqHT4S7trO98T8NkbQJ4h
2JJ2v7A5nR6HaYxyO2T0PX,0fiWOxhsBsQQvFDtxUQWo0
5Zm6BtWH4CgLV83H2nWBsL,0LyfQWJT6nXafLPZqxe9Of
3myUd2MqJKr3rfUrAf41Us,5Vuvs6Py2JRU7WiFDVsI7J
3myUd2MqJKr3rfUrAf41Us,3ycxRkcZ67ALN3GQJ57Vig
3myUd2MqJKr3rfUrAf41Us,7E2ioKxoxI2J94tUkIx6As
5XOo1c28e4YMxp4uLh70qS,1xgl9yxqIVq8PEEMai38uV
5XOo1c28e4YMxp4uLh70qS,63ELR8SMfqu8EH9eXqCt9j
6bpCbQ5GTNZ9IE1nvJ0zQA,718COspgdWOnwOFpJHRZHS
6PwnWA19E1JThqWMdRrj6l,4r63FhuTkUYltbVAg5TQnk
6PwnWA19E1JThqWMdRrj6l,55Aa2cqylxrFIXC767Z865
3SF8e5ewF7PaqWw6rPnfEg,0XeEobZplHxzM9QzFQWLiR
5dGWwsZ9iB2Xc3UKR0gif2,1uNFoZAHBGtllmzznpCI3s
7jNlQ6ps2bh1OzROWHL08Z,5hkcGbdTv8nC62vVT7RJmZ
7jNlQ6ps2bh1OzROWHL08Z,5TcnuUD5MHBfd1cO4kweWD
0LmoB3rBXBGCdEDquHXKmA,2oWN3OXJUk1mh7CAhkJeqX
6fgSKdHloRioPrZ9oJC7FH,246dkjvS1zLTtiykXe5h60
6fgSKdHloRioPrZ9oJC7FH,1Xyo4u8uXC1ZmMpatF05PJ
3v0EO4EsCPW8nZiqwbVVZH,0OpXeanba0vYnyoft00BP6
1arPptaPtDyBisMtMBe2q6,6MPCFvOQv5cIGfw3jODMF0
1arPptaPtDyBisMtMBe2q6,2hlmm7s2ICUX0LVIhVFlZQ
4BUBmfexqfuvnaVT7ZnFiR,4MCBfE4596Uoi2O4DtmEMz
51kijm0sjZz0yOa3kVBPUU,1uNFoZAHBGtllmzznpCI3s
4NTDxbwbo2rMGMm6U9UAEP,22wbnEMDvgVIAGdFeek6ET
4eZKjfeKPSwd6NYsmlKjuR,06HL4z0CvFAxyc27GXpf02
4eZKjfeKPSwd6NYsmlKjuR,4TCXgdDPm10ensLNCVnIYa
4eZKjfeKPSwd6NYsmlKjuR,1yDI9pWnlrJmi9kZn3gkCb
6x9s2ObPdpATZgrwxsk9c0,06HL4z0CvFAxyc27GXpf02
5RongMpRt5jcdZ7gpAKtWn,4G1zP5i0r57g1c1CxrPhfM
1Rty2CL0UZeJWeCcCiXmhg,2XIbOWDT5vZPW7jNyzdfcK
0VotmXUwQt1UHyFH4VVrvt,3gBZUcNeVumkeeJ19CY2sX
5vP0fNictdWyU48o83Q7ob,6TLwD7HPWuiOzvXEa3oCNe
0kxA9Bc8pamypR5GYXmeti,2Pv9ZGQqEflbdavLk6rr0t
0kxA9Bc8pamypR5GYXmeti,0y33MPw94ln3pVCaRYAfE8
0kxA9Bc8pamypR5GYXmeti,4Q6CxLeEfgULmUCUEVxApw
0DiZ7mmFppDNbEtoRPvSGf,6EPlBSH2RSiettczlz7ihV
0ccEYmcKK8UKt5zZ0lGgJ7,2jku7tDXc6XoB6MO2hFuqg
76f2Wq7QxiHImxzsYwiXWW,07YZf4WDAMNwqr4jfgOZ8y
6mNYZNJ4a0tzSS3nPVnkO2,5L15t6I0PQS9SBXbiklPEN
5LjSnB8XhGUTQ47WAzdXJb,4lhUHpVOXmkEBGGHV71QCh
7KSf6p0G0mZd7j60etVTwT,6AgTAQt8XS6jRWi4sX7w49
7jeIigTciBnw9zadRsYqIC,2ElMqlv5py0QFIVXUff627
12zL1YZJeADPb6hPdD9Mqm,0XFgyr4jwM0MGeZZW0VzA5
18CtLoAMTr7F8ngtuM6D8i,5XKFrudbV4IiuE5WuTPRmT
5c5S9cyjHKBQRm1DGU1E8J,3RqBeV12Tt7A8xH3zBDDUF
5c5S9cyjHKBQRm1DGU1E8J,49tQo2QULno7gxHutgccqF
3dv1xXXFHlv3WNSNsSZ93d,7pwufEBGfggjoI8twqlsmQ
2QFjS8IsDZd1sUdGZ4rnDS,7qj3R7pI5z0H1AxH5X4oK8
3W2BTPUHJX51hweWPNRenv,6x2LnllRG5uGarZMsD4iO8
1XMYvsHRt52sMi6wittWqI,6RHTUrRF63xao58xh9FXYJ
4210mSQ3r10AsJMZEYAH5l,3JsHnjpbhX4SnySpvpa9DK
7IvJgDRcimWThDEVCGpzPB,7FGjkq9WfrRmBFL64ST0p9
4GhGSIS6nha0XoeSQHRyq8,3win9vGIxFfBRag9S63wwf
0A9eIFTz09ciHqCHJNYyf2,3gIRvgZssIb9aiirIg0nI3
0A9eIFTz09ciHqCHJNYyf2,5JMLG56F1X5mFmWNmS0iAp
5x8HOMCMbODsMSJtMtNXF7,6jGMq4yGs7aQzuGsMgVgZR
5x8HOMCMbODsMSJtMtNXF7,14CHVeJGrR5xgUGQFV5BVM
5x8HOMCMbODsMSJtMtNXF7,2AMeiDbfU2vonrTkpXDKUu
6DHfD3rZapWFmEKX1FNNZF,4EPJlUEBy49EX1wuFOvtjK
6DHfD3rZapWFmEKX1FNNZF,1Cs0zKBU1kc0i8ypK3B9ai
7HGjNJBj1NQGNwCzFD2LHj,01XYiBYaoMJcNhPokrg0l0
5wNvYNyHCzjuanmvzM2wC8,2AXsnwUyL9eMUy3y0ly2si
6Aqt69riJ3JPLxIEI8EkzT,2tIP7SsRs7vjIcLrU85W8J
6Aqt69riJ3JPLxIEI8EkzT,5YGY8feqx7naU7z4HrwZM6
5lVImnUah94yoxXy2H1qo7,2kRfqPViCqYdSGhYSM9R0Q
1x55Z0fYARLdeJVjG2UESs,3qiHUAX7zY4Qnjx8TNUzVx
2jGa3OwXatFYQAIS7OV7k9,0C8ZW7ezQVs4URX5aX7Kqx
4p3WczKLm6G2DHv2NnoCFk,2kCcBybjl3SAtIcwdWpUe3
4p3WczKLm6G2DHv2NnoCFk,5g63iWaMJ2UrkZMkCC8dMi
4l9wMVL4XAM5jPMXP5RAbL,37czgDRfGMvgRiUKHvnnhj
4l9wMVL4XAM5jPMXP5RAbL,0aOIluXr131XqrXFwFCFGT
2rLqUcipEjIKK9rma5OTN8,6AgTAQt8XS6jRWi4sX7w49
2ZdYh11KscDPsVKtxQY0ev,4HzKw8XcD0piJmDrrPRCYk
25L8ck3KGcmCo3901ztPzR,4aXXDj9aZnlshx7mzj3W1N
25L8ck3KGcmCo3901ztPzR,5NTEjLv3GEX1Vx0ITx9Pxe
25L8ck3KGcmCo3901ztPzR,3xLU748QxpTmIVaiNXXg0P
6kaYDcX9dNmJE5OU71IUby,4r63FhuTkUYltbVAg5TQnk
1lsf7hKaOd3r214nvwmtwg,3YCKuqpv9nCsIhJ2v8SMix
1lsf7hKaOd3r214nvwmtwg,58r1rB5t3VF5X6yXGPequV
7n23fjZTviIUnHyvZGQjni,5SXuuuRpukkTvsLuUknva1
2WFC0XUBROo4X2vxLwtB4u,757aE44tKEUQEqRuT6GnEB
72wry9m70h3pKzXODfTkou,6gpLXhxeNFNiz38dyNqJ1C
4y1qhmoZxvSyymJ1wZCtLE,3PhoLpVuITZKcymswpck5b
7eQGtkzCgrIWDOe76E9F8t,6fOMl44jA4Sp5b9PpYCkzz
7jMo8dhMIorHoLlzTisjJy,56oDRnqbIiwx4mymNEv7dS
7jMo8dhMIorHoLlzTisjJy,4kYSro6naA4h99UJvo89HB
1OFfEo5jIQpvjQXD8OFcsx,12GqGscKJx3aE4t07u7eVZ
0q6qOUfC4ikWtv62KCnoip,20sxb77xiYeusSH8cVdatc
0g81USzuFuid3QkYfxeMXM,6UBA15slIuadJ8h2lPRPos
1Aiov6IELpNAdCHMzbz6Ml,1dKdetem2xEmjgvyymzytS
2HPj0XZe9WduSsyKTQqgVa,2kxP07DLgs4xlWz8YHlvfh
3hi8gSzAJT4KGaJrylnccp,7tFehEdzjjoeiwUExR89qs
1EEKcUdS6QxuVMBFcK224N,5qOORCmdl34SsKnB8o4aaF
1EEKcUdS6QxuVMBFcK224N,2urobxol2zYHXOUJXDh8n4
7kjLKy9JLbwM9F7eDQEnd2,4NpFxQe2UvRCAjto3JqlSl
2JmfwvRDitJlTUoLCkp61z,0hEurMDQu99nJRq8pTxO14
5leBUcbk6qAb5cDHYuVwBO,4fpwOzxFRMVGfd197dKIdY
5leBUcbk6qAb5cDHYuVwBO,0eVyjRhzZKke2KFYTcDkeu
2CjIfWoFITACUOlWGB7os5,0ghlgldX5Dd6720Q3qFyQB
5ffogo3K3fYibGWa93IzUe,3tJoFztHeIJkJWMrx0td2f
0SrskI3mHcu5MzKeZNv2f6,5Pwc4xIPtQLFEnJriah9YJ
5WvmRAsjmB3uPLoFeCioC5,6Rw7DRa1dzChBvxGPCpOxU
0R1Ygba9KBj95maQnUvZm5,1r4hJ1h58CWwUQe3MxPuau
6pOiDiuDQqrmo5DbG0ZubR,7jVv8c5Fj3E9VhNjxT4snq
05QOSu1AEcQxM5jvZFuann,3qiHUAX7zY4Qnjx8TNUzVx
0JeyP8r2hBxYIoxXv11XiX,6M2wZ9GZgrQXHCFfjv46we
1gfSftIuafqkGu28ely5z6,0bAsR2unSRpn6BQPEnNlZm
6nuNgD841boUffjDiI8et4,687cZJR45JO7jhk1LHIbgq
6nuNgD841boUffjDiI8et4,3tlXnStJ1fFhdScmQeLpuG
1VKFaHoIvkZTzsSRad2jDZ,6C1ohJrd5VydigQtaGy5Wa
1VKFaHoIvkZTzsSRad2jDZ,6l3HvQ5sa6mXTsMTB19rO5
1xhO0GSoezdPJcSuNe1ySv,64tJ2EAv1R6UaZqc4iOCyj
58cd90Jkrovggh556JPN9L,4pnp4w9g30yLfVIAFnZMRd
1LyS8xc10xqZS5BewUxH9c,58eJhHRICp87T2IFcP0bYh
1LyS8xc10xqZS5BewUxH9c,64EHXDoln95lnccszdPum0
5D8Rdb09BkmHscEGSWAlA6,3PhoLpVuITZKcymswpck5b
5D8Rdb09BkmHscEGSWAlA6,6M2wZ9GZgrQXHCFfjv46we
5D8Rdb09BkmHscEGSWAlA6,6n28c9qs9hNGriNa72b26u
6E8lxwX7KMAO9nCx4A5tAR,2kCO8LXN1usaOPL3iEE28I
2G6xRZxWrt9mBXgHclg2i4,7o96HO2zrujyATtVsqGhh3
1KJbUGHHOEQfz3MZM9Qk9E,56gMovAlFdnmrDk2BcfUlJ
1KJbUGHHOEQfz3MZM9Qk9E,3lyW79oolCj6PAaLUqnze5
0vlxtyaep2FkkVidYC49PA,7lDVEkjIURPMyUYwoQRrpw
2diC6yg6Uf2W5eodLX8sMY,1glBi4zyzqaSQoy8ReU0rz
1i9flcfwW08i5ynf4YZHsb,4q0N3EI67tVnAeeaXbNQIj
1i9flcfwW08i5ynf4YZHsb,37fzXndf2fxVrk7qarhyo0
4cmu24lnj0NI8lHG6vra6h,1Cd373x8qzC7SNUg5IToqp
1Sp4OvpqqGqGsJbiFj3ICO,11662aaOqDYv2EBHSxJPJV
5N6REUhO5E2MviBC6thktg,3LZZPxNDGDFVSIPqf4JuEf
5q84FQfWp3Q7XnoMlzLRD3,78rUTD7y6Cy67W1RVzYs7t
30ECcjA3lMZPRpdJDyHAnT,66lH4jAE7pqPlOlzUKbwA0
6vNXl3IqWlhMUxPKv3R969,35WVTyRnKAoaGExqgktVyb
4ar4zcVlbYDYKgq5wEdq0T,3rWZHrfrsPBxVy692yAIxF
4ar4zcVlbYDYKgq5wEdq0T,4exLIFE8sISLr28sqG1qNX
1AK6peN1DwvYRXN19cqWoP,1PKErrAhYFdfrDymGHRQRo
3ajAv3GaQivcQyU5JuE8eY,2eIB6vFotL2su94z3pUC1j
16maAu5lqvFBSEEHyB5GzV,2cWZOOzeOm4WmBJRnD5R7I
16maAu5lqvFBSEEHyB5GzV,4kYSro6naA4h99UJvo89HB
5ExDI42RCtISkQXAgv8dtZ,3Nrfpe0tUJi4K4DXYWgMUX
6DdM7MRFC9G9BAGANWKQvp,47RTTEHKmO94V6qGq5xhbn
6zp8MKrhIwSdZojADmIDim,5ZS223C6JyBfXasXxrRqOk
06mk4vdbCFKD3K3sIEpEd6,08GfvCW09pv2QP4y9sle2a
0ZjOFfItjIA9YbzhERRIBr,6EPlBSH2RSiettczlz7ihV
0ZjOFfItjIA9YbzhERRIBr,1tG7s7S4sq2eFFW0QZyLbm
6F2YyORz7NH8jzGutSh4q2,1GzMtNyLiP1oM7yW0DyRhP
1AZjTOqvw2ZogWZxnDlhEN,2NjfBq1NflQcKSeiDooVjY
1imBqh217L161tQk9OUeWK,1bhZt10yZVCJfp3HaNxJv8
6obhr3xfkuIYkwvEukc2y2,6ElqtIfQsAkEYypgfJIjeK
5QUwCi1lbk0kZ5k87fRNbK,7lDVEkjIURPMyUYwoQRrpw
5QUwCi1lbk0kZ5k87fRNbK,6WY7D3jk8zTrHtmkqqo5GI
1rW4SdSGRziYMzyteohUwP,30e8DmahrEamvLbFRPdWmk
60Od32zDXklGhsYo6ADaPG,2rhFzFmezpnW82MNqEKVry
5abrKr37SdeemQnTuKewVq,3gfeKrOBLlmoaUXfGJzmS5
5OPlgjfJT4M8WNZNtOvUGB,4YEl33ar2WlUSF94Yh9CCf
7jainWomsRbTs5dGUOP21C,5CiGnKThu5ctn9pBxv7DGa
5WjaIWthUR3AjA0UYG3jR5,1gl0S9pS0Zw0qfa14rDD3D
4UDIkdymlERIIdW744hTmY,2kCcBybjl3SAtIcwdWpUe3
65YAjLCn7Jp33nJpOxIPMe,78rUTD7y6Cy67W1RVzYs7t
5KVfexccg4jLnnmbHfJZn0,0OEYE03fBF2VoTBxGuaUxL
5h23sIlF1FvjdIdcJofXlI,1U1el3k54VvEUzo3ybLPlM
5h23sIlF1FvjdIdcJofXlI,7tYKF4w9nC0nq9CsPZTHyP
44qqs0b21hn7gAsuTioQkT,0eVyjRhzZKke2KFYTcDkeu
4zJiUubJvgUJNq0BVD9Mvs,45gHcnDnMC15sgx3VL7ROG
3ihwKkIMJWmmp1huNH0iWC,1xr2G8Hlx4QWmT9HaUbmoO
3ihwKkIMJWmmp1huNH0iWC,50co4Is1HCEo8bhOyUWKpn
3ihwKkIMJWmmp1huNH0iWC,2hlmm7s2ICUX0LVIhVFlZQ
4I7Z9WobmkfZ6lK4nilKJt,6qxpnaukVayrQn6ViNvu9I
0bfXZQxSJElGATQnCvFSMc,6hfwwpXqZPRC9CsKI7qtv1
5VjgH8wgFP70tarZ6iJChd,7BA072InWOjB1X7MZGOloy
0VtWoMZIJp2kyJcbzBJxLO,0K87f3owemzI8NUCoEIXOB
0pTj7z7TG1Uu8LT1upuwep,5tQMB0cuNXdCtzovGt55uD
6w0l7fLsiJTgVAgoxMzBIu,1E2AEtxaFaJtH0lO7kgNKw
6w0l7fLsiJTgVAgoxMzBIu,0DxPHf2flBAcV2SnZPg3SV
6IPrta7kcyyOWTQIJZWz5J,5aHKxMwIrPVwy4m6FTOiXK
3w1Tr9F91XMcsmBJQ8hS7H,1mcTU81TzQhprhouKaTkpq
3w1Tr9F91XMcsmBJQ8hS7H,37230BxxYs9ksS7OkZw3IU
4IGyRFgzpVUXtcFdhUGiLP,1FX1BFU0DbHRYgKP83pA0d
4q4rHdKxyCzxuQrPcdjPyC,21UPYSRWFKwtqvSAnFnSvS
4q4rHdKxyCzxuQrPcdjPyC,1U1el3k54VvEUzo3ybLPlM
1eVrpJbHRLBbioB9sb5b94,757aE44tKEUQEqRuT6GnEB
0ghwCnjmc0QPPccZfYQuXc,4ETSs924pXMzjIeD6E9b4u
0QB8JzlX70ame6G972aEF1,3XxNRirzbjfLdDli06zMaB
6VnfHoGb1PKxRPmjNBmeMf,4tuJ0bMpJh08umKkEXKUI5
0EKm3aZ46GWhE31rdKY5oj,7DQYAz99eM3Y5PkP9WtUew
4mR99Q1wGLHgzGyCW4UfGT,5yw4tA8D5uG7tT3NaDvq10
3o5Dz1PLFlYXplnsp5zZxh,4ET82ZtSfAK4utfjDauImD
3o5Dz1PLFlYXplnsp5zZxh,3bSyv1vO8ye6PKyWcJeVbI
4aWPCLZWr9gG0ucLIMJavx,19k8AgwwTSxeaxkOuCQEJs
4JAvwK4APPArjIsOdGoJXX,6l3HvQ5sa6mXTsMTB19rO5
3mBLmOCKHY1MAOD8fYmffg,2W6WP4pHQTFlbr2z9S4n54
57sbdNZpBOb1g2NrqcJ1CT,4o6dCIkmONTJL0ByDDUNYd
4KTZrjVFSMS2TqNAGVxMfJ,3pIwImfumJioKb0zHHP61x
4uWN7YSR2HKkNkrlY9HiQP,5iqStkZi6QmG8sgQZQrfGN
78f5Iz6Gwjlys2vvmhC3hL,6zA19zdA3bkCzHnAfcwFag
3c4oSWcwEGxKYIvl9PsnKP,4UrIphY7uGLwD0rRd6NIi9
24TL4BB4I6PlLw4Qfc1FVG,3tJoFztHeIJkJWMrx0td2f
3nG6F5yVPJubWNP5dp24b2,40LHVA5BTQp9RxHOQ9JPYj
2upw5IrzeqKApIQZyx5o6r,0hCNtLu0JehylgoiP8L4Gh
3PDjhTtjrjMLcNXjnfykz7,1Cd373x8qzC7SNUg5IToqp
21fAzUzwhkiSEHCzhtSC2x,3444S3C4U9Ts86BnCtSPRV
0aqGz4Uth6nswnJifY4Cdv,72y6MZHIPEyS64ACSCtIq6
584aNZB5CF6IXG90Ch28KC,7o96HO2zrujyATtVsqGhh3
4E691gbRgo2Zb6ToII2DWO,0knGpCTbmG4ctl1wzYRZs4
0o1pUhqBO6zq1t0PiWVDSf,7Gi6gjaWy3DxyilpF1a8Is
0o1pUhqBO6zq1t0PiWVDSf,0elWFr7TW8piilVRYJUe4P
5DVaT8HXcp9bbJh7p4dSpf,2NjfBq1NflQcKSeiDooVjY
5kcBHP5GH7fsOJLwVfXmx3,7yntSJ6uojO3z6GFUVwhAW
5kcBHP5GH7fsOJLwVfXmx3,2y246nnP9pQT0E6v3ZMMOO
4oQiUHa2cBZiio6H7ONJXE,1Iww3Y4gDbNvjkqnjUzIZu
5WWAwbRCM3CyiZNO9rsfWS,0pePYDrJGk8gqMRbXrLJC8
0a0ftVkZr4K1QoOXcZF0V1,2jwC7uml6QVgLBfx1Hbtek
26l2ZJWYc3vRHc7dDuT2r8,6tfVJrqicGpxRbz7q6NJ0L
6N4ySRXQsXl6g9mCr7QPFx,78rUTD7y6Cy67W1RVzYs7t
5BNrcvfbLyADks4RXPW7VP,4kYSro6naA4h99UJvo89HB
2cydSJJLXu2TtP9VoOnGn4,3FfvYsEGaIb52QPXhg4DcH
6SeFBqjQUAF0s2JVaoU8eJ,1u9z4r9MRMjVc4t2bI2z4W
6GsRwYmzOWbrMDXtBUmkCN,0fHeyixPnac66k5oBPclVW
1b6svBmo0eVcAIfhOSmf71,30e8DmahrEamvLbFRPdWmk
5eCmZVM5Kspu2B1cyVdSqq,6P5NO5hzJbuOqSdyPB7SJM
0GjbNjkZ7Bp8rvzU6y8L4w,66ihevNkSYNzRAl44dx6jJ
6PzYuR9c0CYCPJTnqylPhd,6QMABvTzixnxzsLYyhqRxI
6PzYuR9c0CYCPJTnqylPhd,54R6Y0I7jGUCveDTtI21nb
3upu3TUmDtq90LfWIxlQCC,7j6DKwmjbxvpQO8h914uEz
3upu3TUmDtq90LfWIxlQCC,2LRoIwlKmHjgvigdNGBHNo
3D9xKfDgJXpGCpaupEg74q,1CbA4z6JauNQnHzOErDQL6
2iguPTaSTwtx4MiAkj6w5O,3sklFG9fuDAq3vbIZlkNH6
0dk1131P27XQgkbt8bbkiU,7kgwMm8d2igABad4wfEKti
2y9DFhTWC7QQJMvygK0TzO,77kULmXAQ6vWer7IIHdGzI
0R9QjGSDl6EX4yWu3Rr1eU,6ZV6lGY0prbqpTD0Md8i29
7wfrRI6BAK3b973nWm8mza,1CbA4z6JauNQnHzOErDQL6
2KfndxPOnsZsAWAllEsBfc,0XwVARXT135rw8lyw1EeWP
2KfndxPOnsZsAWAllEsBfc,2C6i0I5RiGzDKN9IAF8reh
2npzGBEPDOfVLN8ajYm3pZ,38wxcfNEqMwuPniHvplin5
66JuK41D3LpkbX3HCTGcQk,64KEffDW9EtZ1y2vBYgq8T
66JuK41D3LpkbX3HCTGcQk,7gOdHgIoIKoe4i9Tta6qdD
2HYufzr6XUqSurRZdY0D9w,2TcGJdSOiOvITBzhvfX8XB
2HYufzr6XUqSurRZdY0D9w,1Cs0zKBU1kc0i8ypK3B9ai
1YrACh9xDRGpjrkdWz4MfP,41X1TR6hrK8Q2ZCpp2EqCz
1YrACh9xDRGpjrkdWz4MfP,2IDLDx25HU1nQMKde4n61a
3dlb9Ln4sYzsJEppql4uy4,3ZHU5AKrUmIPnCFfr82QER
4BOqtqeAHmUv4phMH35S4g,36lCD1wpgG2iZFY57owCNi
6mBVdi3OYfVGmMiT4jXkYz,3gGUMEwIX6XodWsYEvKSal
6mBVdi3OYfVGmMiT4jXkYz,1URnnhqYAYcrqrcwql10ft
1PAmNh4VorpJrt4QgfEaHS,1pWm8RcyiWZehSnb38i4fM
1hfRW8Q9CbSzVaKCbaFMxB,0OO76E5lRfeyBI3fkA73Dr
2TvfE8CY37OQIPVGcWYpEA,2o5jDhtHVPhrJdv3cEQ99Z
2TvfE8CY37OQIPVGcWYpEA,790FomKkXshlbRYZFtlgla
7vus4Q8r5DS2Dl1JClxEsA,1uU7g3DNSbsu0QjSEqZtEd
5Z16tpUTnDDwejC6Dvad5r,1Zkxm1dM3HI3QkTmxUEVQA
6gaOMLivdMhiFaTuPqTmgj,1RryIbDjpwt00AKkSpCGvP
6gaOMLivdMhiFaTuPqTmgj,55fhWPvDiMpLnE4ZzNXZyW
0AFaIppKjr2lO1pCjx1wK5,6Iz3eq2aQGFf7TbGT2iahL
21jF5jlMtzo94wbxmJ18aa,4dpARuHxo51G3z768sgnrY
1GuNa6xVjgJIPS0VNll8TR,1MUV2xrrCkG9mhZyVUDGEy
3tY6ZOPhcl9B5HVVhs7GkC,78rUTD7y6Cy67W1RVzYs7t
3OFuRXFkPOzEZbFp3Os28q,0bBz5bRBkExaej2HxtVfCw
2RrZgDND03MLu6pRJdTkz5,45TgXXqMDdF8BkjA83OM7z
3OE8gkPLqI9zr3hlEz6ruQ,46HzS7yz0c9udVwtbHk1sx
3OE8gkPLqI9zr3hlEz6ruQ,5IbEL2xjRtKsunfmsahLuO
3r46DPIQeBQbjvjjV5mXGg,5SXuuuRpukkTvsLuUknva1
2Iyw159svPU1i8iNnHDIne,7htQnykNfk2Bu39bSw7owz
5YKqfiQdPYWJ0kZ5pttY5o,26cMerAxjx9GedFt0lMDjm
2phcfZd44niczjY0xybcS6,5G9kmDLg3OeUyj8KVBLzbu
7aObAFaIOcczMSDnfXz5z6,4MCBfE4596Uoi2O4DtmEMz
6RQzi0RPigwT6Y75lVTtYv,3aHe9rMa5HFTjXHw8tEz0A
5YrOK7zze6egKg9a8WRcnD,7f5Zgnp2spUuuzKplmRkt7
5YrOK7zze6egKg9a8WRcnD,6ydoSd3N2mwgwBHtF6K7eX
6rdVcCcUOkf0UbuEm7i5Tu,1Zi1c8sWZTy5rDiN3lAuEj
06mXfvDsRZNfnsGZvX2zpb,4gzpq5DPGxSnKTe4SA8HAU
5UthVBNdNdHyqHmSKUlegX,7502fDxg339jvGV08Jd4R0
5cqTGnTR7shuPCA2FqyFtR,58r1rB5t3VF5X6yXGPequV
5cqTGnTR7shuPCA2FqyFtR,107CG0UhUl9GJnPwF83N63
6Q3iHNU0fOwOxoCvyteue0,22vqVhfPJab5kkU9txDGX3
0kI46dzlikgAVpJ6LdkbJE,2LRoIwlKmHjgvigdNGBHNo
3MEKpJ7wSSp6Z661ThjrUJ,6jGMq4yGs7aQzuGsMgVgZR
205UoabL8LIgfrjHi0uvUw,7pEVNuJRlpDXlsrcq32yHp
5052Ip89wdW8EGdpjEpNeq,7n2Ycct7Beij7Dj7meI4X0
5Pd9BAdq82WtSRll6W9zHC,53Ogdlq3YW29r02FV64tYH
1N1BtWoCxBjmLwTTMFRgaG,5OGraDcSkO4oTWthkm77WL
4yhdOzyz5ih5L6YA7kOnAK,2L0WmgzvOHv3xAbc3NY3K6
1F7sDdTBfac69FjehSaCc9,2urobxol2zYHXOUJXDh8n4
32ium7Cxb1Xwp2MLzH2459,3l0CmX0FuQjFxr8SK7Vqag
4cGY0jqWYTCIPwQRXHgKvy,4jwROPSUkTkohLCRiyjiZZ
0rDFeKay5JBgF7fFIUWYca,4J13m9IZh03PEhoxAxRhXO
5BQcoDfcZ8aBcikYX9B7Ob,3eVa5w3URK5duf6eyVDbu9
3zTdYxlP3AQMBvbLtJQeBE,12GqGscKJx3aE4t07u7eVZ
5hUFZjxtqYvxm9FGUhHCdE,4MCBfE4596Uoi2O4DtmEMz
5hUFZjxtqYvxm9FGUhHCdE,50co4Is1HCEo8bhOyUWKpn
527JxbrqUTevhf0mgQlMWB,3tJoFztHeIJkJWMrx0td2f
3fG4IID2LEPJ7iBSsnVvuG,540vIaP2JwjQb9dm3aArA4
3fG4IID2LEPJ7iBSsnVvuG,1RyvyyTE3xzB2ZywiAwp0i
2oWrvVt4fIMO5DEHXSUrhS,7HaSqpaqnOWSaqvezpdhX4
66OYt73mqan1hWa78BhfPd,5L1lO4eRHmJ7a0Q6csE5cT
44CdsgXhU5R2esprq0tf43,3WGpXCj9YhhfX11TToZcXP
5CnpZV3q5BcESefcB3WJmz,5K4W6rqBFWDnAN6FQUkS6x
5gH9EDMWWiLEplNCLb1r7l,2WgfkM8S11vg4kxLgDY3F5
4NlCk3xPB0LE5Ab9UwSK7A,1SwmXTElW9TlkK2Rydgb4D
1MyVogY0FXlgs1qtDGk7OK,0dXXFVCw0LKzmHFrTLUaQJ
0gXdxNdLAdxnqITRqOaMYX,5D7x9esAF6twPxuOqSMkeO
7mJxDGu1Ch9awEssKwiqg3,1dKdetem2xEmjgvyymzytS
7mJxDGu1Ch9awEssKwiqg3,2Dlvgi70UoJJicfKgoW5Vo
3B7qr4tEfAr6vqxG8KREW4,5BnvoIO9j362IcN5NkZ9Tq
0oI1JYlTYpbR1ewBStl7Qs,3HkwYBXLxmRKfWOkaknVQ7
2bnuOCorMF9NzCFQegmfnC,718COspgdWOnwOFpJHRZHS
74vajFwEwXJ61OW1DKSPEa,66CXWjxzNUsdJxJ2JdwvnR
23zzZlUiABIg4ftZbJ7peK,1qto4hHid1P71emI6Fd8xi
23zzZlUiABIg4ftZbJ7peK,4q3ewBCX7sLwd24euuV69X
2XtDT9YT729iLxWjuTMtrR,0wHeZY93Ede0g1jXaWsiFS
35Q09Y0b7ZxOoCdF7sBiGf,5ENS85nZShljwNgg4wFD7D
35Q09Y0b7ZxOoCdF7sBiGf,0TKFPt9w0AAEnhB9bd0pLy
35Q09Y0b7ZxOoCdF7sBiGf,3iMzbvXlgNUpoFccD60bvr
51IGu0d5eyVVO3wAxIm2Ep,5d1JhBfyb58upMXCZOdbQu
6EOyWmHnLJptnyjB8xrYT5,7zkwepHPyac6tCYl0fL0co
3VCaKLIlIDrfKvurZcTmBl,3oSJ7TBVCWMDMiYjXNiCKE
6AORtDjduMM3bupSWzbTSG,06HL4z0CvFAxyc27GXpf02
7l2g05NyprwonSFIs2y8at,4tuJ0bMpJh08umKkEXKUI5
5dLs93ATW8WYVlszbtKKRa,639xerhpqwPMYay6bkjz75
2YkyuQGoMV2FlG7mFprnRf,7gW0r5CkdEUMm42w9XpyZO
2YkyuQGoMV2FlG7mFprnRf,09KZU0NsS7jRa5p0SflmGY
22ljnmjYzy4TS5tCtaRIUE,0xPoVNPnxIIUS1vrxAYV00
0Fe4Uj7GkgA1uDGGk8s92C,4kYSro6naA4h99UJvo89HB
4ks1Xkpt67UXbJamJFZ8et,6mx5dgNlLjrDDMyFsgrW87
2JnZQM70jbT0J1Xq0qgl24,7riQPkkGZBnTh9ve5qIhYo
754Bhr4Ck2WcFAvHWlykmp,1dKdetem2xEmjgvyymzytS
754Bhr4Ck2WcFAvHWlykmp,3hTffafUYLLgO4yuPAxb5U
7N2DIKOu4lxVAqcLX8ZOqp,2AMeiDbfU2vonrTkpXDKUu
2Hjcfw8zHN4dJDZJGOzLd6,7jVv8c5Fj3E9VhNjxT4snq
4LGYBcRsteiXjcPD4QQvxv,5t5FqBwTcgKTaWmfEbwQY9
1pCA38N6MkLlthXtAOvZTU,04gDigrS5kc9YWfZHwBETP
6cWawCk4DohREQA42eEOe1,4ofCBoyEiGSePFAG500xev
6cWawCk4DohREQA42eEOe1,3WGpXCj9YhhfX11TToZcXP
6cWawCk4DohREQA42eEOe1,45dkTj5sMRSjrmBSBeiHym
2CPwUEgvViKF6S7LAchZAZ,7EOpIcFOVG2PedJgVbCHJ2
6uiblZVOgKdhYp96cSCtqu,0Z8XVUAOBPM4x12wKnFHEQ
6hw4US0vWulw2mwHkI6W2B,2gpFIVZUCq1gf8RALTZaWj
4QLAtpLNUsHEYrcHXmMIZZ,2tIP7SsRs7vjIcLrU85W8J
4QLAtpLNUsHEYrcHXmMIZZ,1uNFoZAHBGtllmzznpCI3s
3I0SEplNpqsPfnLVZsNPif,6tPHARSq45lQ8BSALCfkFC
5mfu4PYgYHbDBUvfCcAMVy,6qxpnaukVayrQn6ViNvu9I
5XyrJDyXLimURWjVboM1tC,14uo609t1MvRGZcskySt9R
2WG76KEpCWL8c790ZIEXk7,2oQX8QiMXOyuqbcZEFsZfm
2WG76KEpCWL8c790ZIEXk7,7arQA31aZVS8yS6zUveWzb
2WG76KEpCWL8c790ZIEXk7,2iI5KWXLjw1tqLQsdjuo0e
3NRAio2j75NpNvs8KcIgtc,790FomKkXshlbRYZFtlgla
2vR2wBrb5I4UKOVyMxxVz8,5aHKxMwIrPVwy4m6FTOiXK
2vR2wBrb5I4UKOVyMxxVz8,111WEufNVhB1lRCVHAqEve
7IKkHmEk4It4cRdOYanyvW,50co4Is1HCEo8bhOyUWKpn
5BlMYaGM6uoxCXfzHkZida,5EvA844VMdq61U5M4Ds0Fk
27rVuwJ0g0eKRpnvEhQl3G,0xRXCcSX89eobfrshSVdyu
27rVuwJ0g0eKRpnvEhQl3G,2FXC3k01G6Gw61bmprjgqS
4ASsNh1WHAjrGKh5jp0Q4F,2DXPtOc14uPVvK7qggj2a3
4U7rGOkJgtxs27H9L93Xli,2KC9Qb60EaY0kW4eH68vr3
71c88ePh8VRMXLmLdDEGzf,5WC6EbIrTO76x30w5LtzS6
2A5ksnhz7YWbRLvFMjX1j1,329e4yvIujISKGKz1BZZbO
27gsXWvDKDGRRaEiqxGuP2,3jAZsSIIA8HLjxR99biJyx
3ciVcxQykTNkAznZzpDOJK,2oX42qP5ineK3hrhBECLmj
23M1xUF2RoRSvXtpwQP4rJ,2VSHKHBTiXWplO8lxcnUC9
1RYBqAoMBjelC8bI6UJX2O,5PxCTrv3Y1xVACfngpt7D2
4nProAxFavzKkbaRQ2Otyk,7n2wHs1TKAczGzO7Dd2rGr
4nProAxFavzKkbaRQ2Otyk,0GM7qgcRCORpGnfcN2tCiB
4tokbQaFXRrq8keVGBD9vb,246dkjvS1zLTtiykXe5h60
07TMPBekE9j6Q1ae126ysU,44mEtidu0VdRkIqO4IbkNa
6ymw9w3tGhxVGBskQAhsvm,3tlXnStJ1fFhdScmQeLpuG
6ymw9w3tGhxVGBskQAhsvm,5BozIJTTNCufaZpjhy2der
50SdnzlrXUMadt9JYeaJSh,1TA5sGRlKUJXBN4ZyJuDIX
33O2GXSm43GLTmYQSTxDoL,1m7LSAMIB1BErIHYSOn32W
338LPt19lJ2GiGmxDSOAtR,0Njy6yR9LykNKYg9yE23QN
5ZI0k3IynnC5C9QKMmY7cB,3oVcF3VdpMuvMvLLyHPT4t
6tUQPKlpR4x1gjrXTtOImI,2VSHKHBTiXWplO8lxcnUC9
1e35jCMYgVC4dOt1YykB6v,0my6Pg4I28dVcZLSpAkqhv
5MzgI1Hzjkf1Dj7xW7d1GL,6zLBxLdl60ekBLpawtT63I
6GzXN4CWv0p5jIMKRU0ZBZ,77SW9BnxLY8rJ0RciFqkHh
3VXjXfZCtUllbqHKAYLSzC,4RddZ3iHvSpGV4dvATac9X
3VXjXfZCtUllbqHKAYLSzC,2hmePXeTr2b7cdRAtRjvPq
1TphjjWjHo2s2nFeZWrThI,1SwmXTElW9TlkK2Rydgb4D
1DJ4bBATfVNTZ3Y0JlX9oi,3Fl1V19tmjt57oBdxXKAjJ
1DJ4bBATfVNTZ3Y0JlX9oi,6bS1ddLkqrK5Jl6GyKK4j2
3XoK5Dz1cSeeRi5bbO2Gbt,1p6CdzJRoicjRcSdWoB9Qc
0YXwzkrl8DQFvjXbcTdeSe,3GLqH1P5kbxsIWqCwOwaB8
1RsqFdvHFKN9VGpBmJtUku,4FlG0V0jhLO4qGpayFOphj
6vJEQDkD0nvKBuEgWiigVh,7wU4Xw4xqmBzfy2TIej8qa
3uyOwJu4r3yroAkFywNFM3,6oMuImdp5ZcFhWP0ESe6mG
4UoCxroyE9PTk016nnqKiK,5ujvZU2thXjZgFKPUt1rDt
0m3xqY9mNxOakhzLMipjKl,73BLwSX6gsNeVzS7DgI4xe
09qRQwHteDmqgCTEe2HcYl,3L8lia6SiogIvkEl2qQ32d
7nHMe9rUda5n7GwppbV4lV,7J2iS8AJGjC7om2vgBXdDJ
5wJb3DBSoSMKYJA8TrNKi8,6DgP9otnZw5z6daOntINxp
5wJb3DBSoSMKYJA8TrNKi8,4Q6nIcaBED8qUel8bBx6Cr
5wJb3DBSoSMKYJA8TrNKi8,25uiPmTg16RbhZWAqwLBy5
6kZ42qRrzov54LcAk4onW9,06HL4z0CvFAxyc27GXpf02
4QOjBDPM9AbaxFzV9khrca,35WVTyRnKAoaGExqgktVyb
6h3QqAyUznHmGJj90J3WZl,2L9DVKDXY3W8uRl5TwLbMC
0e6v7RAfsLk2UHr5gvDitO,0mA4dkNGiN4fqTBi2SLlAv
5PrhnVNOKoJC2aLLfabxuB,4ETSs924pXMzjIeD6E9b4u
5CAI53hmKfuMEiDuWIUg2F,4TBU1LUldUubb3RaqmLLN7
6rFyXU9FiGytyYqfbwYO09,2p4aN0Uxkk3iT3HK0cJ2cJ
6rFyXU9FiGytyYqfbwYO09,7ltDVBr6mKbRvohxheJ9h1
5cyWGgkGniYOaNkKrPOy1p,1dKdetem2xEmjgvyymzytS
5cyWGgkGniYOaNkKrPOy1p,1r4hJ1h58CWwUQe3MxPuau
7neQoxL2lAY27Xa7FMQj4y,3gGUMEwIX6XodWsYEvKSal
63JLhZdWWlSldDCyScZ3wB,0ZMoJIyiDeIMJOqt7Pu74b
63JLhZdWWlSldDCyScZ3wB,4ejCEsiLoioHxdLmYNvIAY
4Uf8BVznefnd2xZm2nRFUx,1QfpRUtH14JLoY6F6AYmwt
6IZm7NfvWyXp952VF36Z5F,06HL4z0CvFAxyc27GXpf02
2fyOpT5c9kxR8zbDh6UtXh,1Xyo4u8uXC1ZmMpatF05PJ
2fyOpT5c9kxR8zbDh6UtXh,66CXWjxzNUsdJxJ2JdwvnR
3T0gMffhvjVW4DQi6PUj1L,7o96HO2zrujyATtVsqGhh3
50zMs3AwxduoOoQoN17955,1p6CdzJRoicjRcSdWoB9Qc
7snqOEQEtKqxJw3NTGml6i,0RESbWvOMyua0yuyVrztJ5
0HaY1bBhaYUEXBOSva6Pf7,2ICR2m4hOBPhaYiZB3rnLW
0HaY1bBhaYUEXBOSva6Pf7,1CoZyIx7UvdxT5c8UkMzHd
6iMshsixZe8oMteQdln5kp,41X1TR6hrK8Q2ZCpp2EqCz
3uBJcpWWkUjf67rmvtJ4Fc,2B8ofgf0e96eyGnXfYNtST
70uNWLPkbci5L1bZI1Mzp6,1Z25ZlGHqqlr3o1UGQOfNn
70uNWLPkbci5L1bZI1Mzp6,04uu8U3I1h26Fp2NBkPTRZ
6CR4ozv4yOdaA3f6PPQepA,5RJFJWYgtgWktosLrUDzff
38P4ol8xZRrL4DqxxWKMAo,7DkseLyOZrdRjCuoWFtqFi
5kE2OAuUYGBqqzscqgBXXf,0QHgL1lAIqAw0HtD7YldmP
4aGT0S4pchi25g6mtEbZ5j,4alndwWPbM9ApMYLjg19oD
7swo0lVREzeFmLpCTKAkzs,6veh5zbFpm31XsPdjBgPER
7swo0lVREzeFmLpCTKAkzs,0hCNtLu0JehylgoiP8L4Gh
2UwJ4Nt10VStLczYefhcEV,5F1aAS1duwlzExnPs3l2Xe
2Ke07jWpOWaNVYpNMmXt7C,5FQ8tBUtIamA2hRtatrYUF
2Ke07jWpOWaNVYpNMmXt7C,1mcTU81TzQhprhouKaTkpq
2Ke07jWpOWaNVYpNMmXt7C,1aMt4A5jrQHxDYyC7rXgV0
1sujvm6paInfm8fYnNdjIy,15iVAtD3s3FsQR4w1v6M0P
0NzheutoSuzfMlENTnHTQl,1Cd373x8qzC7SNUg5IToqp
3SpBlxme9WbeQdI9kx7KAV,3TVXtAsR1Inumwj472S9r4
3cLQ49Ll3nGRkw3HSSk92K,20sxb77xiYeusSH8cVdatc
0RiimwsSMUsxrBu0RsyuRH,3kft86DbqCNr7rjq3pEj0G
24t0q0pqu7y9udfr89qf42,0ErzCpIMyLcjPiwT4elrtZ
01dPJcwyht77brL4JQiR8R,3HqSLMAZ3g3d5poNaI7GOU
1toqZv5ko57peyVVpYJFvo,7vp0b6TMlF5PF9eIeSzadf
28Yv9BE6ZI6dccK0sxbEq4,6cK3NBO6uP7hh0oyuVELFl
28Yv9BE6ZI6dccK0sxbEq4,5cj0lLjcoR7YOSnhnX0Po5
3lMWNCoEQzdbb9lSZa5gv9,0RESbWvOMyua0yuyVrztJ5
2y8j3djW8ZswvAbEcPBBti,6TIYQ3jFPwQSRmorSezPxX
2y8j3djW8ZswvAbEcPBBti,7yntSJ6uojO3z6GFUVwhAW
424bxvpYyNDM2DFFibeKs0,5szilpXHcwOqnyKLqGco5j
53fwPwnhRo2WpC45mQahUL,3Kb7e8b1tSd7TLa3cy7HUV
1NsJ6u8jcjsyZi9igmkbqw,5N3AyFVEE8vJa7AZEl7nD3
3SdFuYwyWoq7kuaHdTDcyD,0Y5tJX1MQlPlqiwlOH1tJY
3SdFuYwyWoq7kuaHdTDcyD,2o08sCWF5yyo2G4DCiT7T9
3sDud6BapENewYxlL8VH8r,7n2wHs1TKAczGzO7Dd2rGr
4K3SQSfKMXLcVnyUSFELZw,2LIk90788K0zvyj2JJVwkJ
4K3SQSfKMXLcVnyUSFELZw,5F1aAS1duwlzExnPs3l2Xe
270o30h7cAlEhBnbuSpFZq,6fWVd57NKTalqvmjRd2t8Z
438ToDoVaJH5aTIXXrlDyI,3PyJHH2wyfQK3WZrk9rpmP
576UTio7xgY7YUxrHMzxeI,2tIP7SsRs7vjIcLrU85W8J
2D5tHTr2nSi97CTDsPoDAa,2kCcBybjl3SAtIcwdWpUe3
2D5tHTr2nSi97CTDsPoDAa,5g63iWaMJ2UrkZMkCC8dMi
4BwfoXhDqTfiGS6pZueR9g,6qgnBH6iDM91ipVXv28OMu
4VZ7jhV0wHpoNPCB7Vmiml,0du5cEVh5yTK9QJze8zA0C
4VZ7jhV0wHpoNPCB7Vmiml,3jK9MiCrA42lLAdMGUZpwa
4VZ7jhV0wHpoNPCB7Vmiml,6PvvGcCY2XtUcSRld1Wilr
0x2ntwkM3GoLVAPjAOPrWv,687cZJR45JO7jhk1LHIbgq
11xZPFzFKdaLz2BTS1d48T,6Y64EaNqpqcZYTgs4c76gF
2momrvUqAMigmBoOOKuavE,0ynzbXwyCzxicMKHBoOkSH
62fU5P80Fv7suhcIt568tB,5v2WhpA59TJSdPh7LCx1lN
11GmvpYnbgK0rSryPaV5BP,1vyhD5VmyZ7KMfW5gqLgo5
15BnishwaiZhh0ZY3fnxMN,45TgXXqMDdF8BkjA83OM7z
4SD2UxRO9OgeSCQK0PN7cC,2n2RSaZqBuUUukhbLlpnE6
3AwzfcsXeljU7JkG5GQn8Y,6nVcHLIgY5pE2YCl8ubca1
4tnNsvUsbJAoI9FESgvkOJ,6rIaHuCIUu32uj2CjlEBN3
6qNMYsx5OUFDXWAoct9Pge,1uU7g3DNSbsu0QjSEqZtEd
6GuGhvQs5EpSxr6wQd71Bd,1MAazf048soVcELWMYehho
0CPD6yP11H86RohYYNBD76,1NNRWkhwmcXRimFYSBpB1y
2wq6cnNKGy6tP5c5ow5Uo8,46HzS7yz0c9udVwtbHk1sx
4CK4qIkDBB1Knqwzkm12RZ,4jogXSSvlyMkODGSZ2wc2P
6ZKRu38HcgmoIaJwj61XgD,6ipASreqbHk6a7aR2xo9BW
7vHnOZjiqPEgDP6BkmEp2Z,0sMAHzxguan2KpnKFZPW2d
4b2xHCwmoOeGHbo15dtqfb,716NhGYqD1jl2wI1Qkgq36
4b2xHCwmoOeGHbo15dtqfb,5XJDexmWFLWOkjOEjOVX3e
2myOeDsuEGTSUhmkRQMH0v,4qUoZ6ErhTYFhAI0W1iI9q
6MGSAlP80JS800sXlYroNG,2kCO8LXN1usaOPL3iEE28I
1bTgKomQYSkKYPD9UI9W4b,53XhwfbYqKCa1cC15pYq2q
1bTgKomQYSkKYPD9UI9W4b,6U3ybJ9UHNKEdsH7ktGBZ7
1bTgKomQYSkKYPD9UI9W4b,57nPqD7z62gDdq37US9XJR
6VSOIs13DaSG2IPilNviX5,4q3ewBCX7sLwd24euuV69X
3boOG8cQ8szHDizPKUyBFD,3pc0bOVB5whxmD50W79wwO
6USJaTtVIy0YH5hhzOWVHe,12GqGscKJx3aE4t07u7eVZ
3752EkZZ1wjEzZ1MRd9rsV,1fctva4kpRbg2k3v7kwRuS
3752EkZZ1wjEzZ1MRd9rsV,1mcTU81TzQhprhouKaTkpq
3752EkZZ1wjEzZ1MRd9rsV,7bXgB6jMjp9ATFy66eO08Z
2bY51cinHBlscXIoLUsDYa,0p4ViyfJUTW0IT4SCBLexf
74UvOvL6L4tZbYFtY759ZG,1W7FNibLa0O0b572tB2w7t
0jpQZkMeWh9yysxyTSCywk,3oSJ7TBVCWMDMiYjXNiCKE
0jpQZkMeWh9yysxyTSCywk,2cFrymmkijnjDg9SS92EPM
0H1ASykMKIX8PYfqxbxBar,7dGJo4pcD2V6oG8kP0tJRR
0H1ASykMKIX8PYfqxbxBar,2LIk90788K0zvyj2JJVwkJ
0H1ASykMKIX8PYfqxbxBar,0huGjMyP507tBCARyzSkrv
4Wj7RdGgmcNbNghdgUVQXi,4CAL0nDGvLhUfQEpwSLnUz
7Jgwg8nxsehAXjIYYsdanE,3HFWqhd60hrJB8fpyjrTLu
07ta8NK5ZipBOVSQgbGxtd,6Iz3eq2aQGFf7TbGT2iahL
03HTFr18vhLwCLFq6kWHIw,4Uc8Dsxct0oMqx0P6i60ea
4MRgsu0MBuBHzMhTLBgnNz,2IvkS5MXK0vPGnwyJsrEyV
3QXYqRVyBQfNK3MDn82hVF,46HzS7yz0c9udVwtbHk1sx
4TENiEyNNnHbRixbSa0XKg,1bqxdqvUtPWZri43cKHac8
4TENiEyNNnHbRixbSa0XKg,4rTv3Ejc7hKMtmoBOK1B4T
2TGtXG18s21Q1jnY2TC39M,540vIaP2JwjQb9dm3aArA4
2TGtXG18s21Q1jnY2TC39M,1i8SpTcr7yvPOmcqrbnVXY
2TGtXG18s21Q1jnY2TC39M,5L1lO4eRHmJ7a0Q6csE5cT
6EBrUVVsjIQD8N0c63mqjv,35l9BRT7MXmM8bv2WDQiyB
2u1Wc12FWm7X2ueUHCHxJC,4r63FhuTkUYltbVAg5TQnk
4sS5IjHR0YOJQdSTQ8whWz,6Xgp2XMz1fhVYe7i6yNAax
2i5NyX1puwpGt7tmaP5sEg,3x3jSlhyv5CiCZDZlaTq0M
4n05Mdr8HuetVr4V6TWnWI,0ys2OFYzWYB5hRDLCsBqxt
7tJ8Wtej161vR0uCbGDiDR,0NB5HROxc8dDBXpkIi1v3d
2UzTbwe7H4pgyenZB8s8bR,6jdXzmcf0crcLQOkn58oLQ
55ALbKLzliLSlrbVRcWft9,0ys2OFYzWYB5hRDLCsBqxt
55ALbKLzliLSlrbVRcWft9,0pePYDrJGk8gqMRbXrLJC8
55ALbKLzliLSlrbVRcWft9,6dLuQ5qXxIuWc5urxfIiZR
4DZWXg7CmxlSFgIt83wTYr,4b3DUSYA69Wfn0AmgD0Zaj
278z9UXJaMNDH9Bel9uAxV,2o5jDhtHVPhrJdv3cEQ99Z
278z9UXJaMNDH9Bel9uAxV,4npEfmQ6YuiwW1GpUmaq3F
1c53AOH8tvbZb1mY3jpAHq,0my6Pg4I28dVcZLSpAkqhv
59DJY70HuReCmWs6EzRoNA,4qDQBPUMcJUH7BQ9dfJnfI
59DJY70HuReCmWs6EzRoNA,16mcbsKWKfaPgtPLXACWC4
3YbMxdapL6mvSQjosFkc0T,7gXy60xRcwYujBFoYHnR2O
4j2syEjl3h1To8KbRgvmJn,06HL4z0CvFAxyc27GXpf02
3Jv8XjzlQel3avRbOzysXB,2hejA1Dkf8v8R0koF44FvW
3Jv8XjzlQel3avRbOzysXB,0XwVARXT135rw8lyw1EeWP
4zi0Wh076joFe9HESotzxP,2C32BFATM0fyN4FFTl3fHe
3Hz3XGYtM6rcRIPBJVAury,7yntSJ6uojO3z6GFUVwhAW
1YgekJJTEueWDaMr7BYqPk,0du5cEVh5yTK9QJze8zA0C
1YgekJJTEueWDaMr7BYqPk,3jK9MiCrA42lLAdMGUZpwa
1YgekJJTEueWDaMr7BYqPk,6PvvGcCY2XtUcSRld1Wilr
4rznzfuokCVEOo5amWNx7c,1z7b1Pr1rSlvWRzsW3HOrS
4JaYe7HIddzNaF3rUgJzHI,5XJDexmWFLWOkjOEjOVX3e
1jTRS4KS666BesH1GUHyEV,5hdhHgpxyniooUiQVaPxQ0
1jTRS4KS666BesH1GUHyEV,1vyhD5VmyZ7KMfW5gqLgo5
1jTRS4KS666BesH1GUHyEV,4q3ewBCX7sLwd24euuV69X
1KUJKWXmE95TPXxeJecop9,718COspgdWOnwOFpJHRZHS
1KUJKWXmE95TPXxeJecop9,1ZN1c1qWEGZNX1pGeKCPpf
6zQCdokfVne8dFU5Z5BpS3,10exVja0key0uqUkk6LJRT
0VaHnwzDug4AcDkejYDUl5,7qmpXeNz2ojlMl2EEfkeLs
0VaHnwzDug4AcDkejYDUl5,38PzLQE4GW8o7A18oGhi0x
2iooIm9txIXCow2rvSg7Aa,5ujvZU2thXjZgFKPUt1rDt
2Y9Kal9IDz6JphsCfY6GzG,53XhwfbYqKCa1cC15pYq2q
2Y9Kal9IDz6JphsCfY6GzG,57nPqD7z62gDdq37US9XJR
2Y9Kal9IDz6JphsCfY6GzG,47mIJdHORyRerp4os813jD
3PgoWZSSEFdI0f5gektpdn,6qW2MCeqjNlMwiLl0JPbuZ
1VxVQAgekwkFo8yoXvFZ8o,31W5EY0aAly4Qieq6OFu6I
4TxQPPeud0bVH3RcoHCzcT,7kjqkL4lIUyxO4HLzpRYo9
4TxQPPeud0bVH3RcoHCzcT,1a7xjqgtH0LtzVv80S9kVx
01rBH68wmywHjXgati7fzd,3Y2MLcrD3ZQXRXmtn4fZQx
01rBH68wmywHjXgati7fzd,0ErzCpIMyLcjPiwT4elrtZ
5fNgtPuw6QFGW7M9FdOX5x,3exvMmrLV6o4R42YnG3Id6
5fNgtPuw6QFGW7M9FdOX5x,1HD6q5dxREv64GOc3H7vBs
04QDTmdKMoDHqqFaHEoDVP,3Tv1UzQAvn0v0hKTxisXnR
04QDTmdKMoDHqqFaHEoDVP,2ledyuziz6YjLK5Dw483Oc
04QDTmdKMoDHqqFaHEoDVP,5kkVPwCLmdkqaSQpptZtXj
0BA1h18jGi9tQ4iUAacLMG,5tQMB0cuNXdCtzovGt55uD
0BA1h18jGi9tQ4iUAacLMG,6NmvwMFvNRQmWdW5N1nxsC
7L8IHgiomfEpxOm61vgPTm,7z5WFjZAIYejWy0NI5lv4T
4IZknU9lFykJaudWhINIDl,5A7T1LAGJg5NXySBoIKUmF
7pooeoqY4uJkTaW70qxm3z,7gW0r5CkdEUMm42w9XpyZO
3WCLzYOlSmLD2cy1RXdwUd,0LyfQWJT6nXafLPZqxe9Of
6TQ8nqw43uUOWu7Yqp58ko,6aaMZ3fcfLv4tEbmY7bjRM
1uNypcb5QCqYQ70tg6LV5q,7HTLVyjNf0VRxfIgNcfRRH
2dEf6lN5qYFQQy3Jd3ScHG,581C5Qwl87TskfBEzuoisu
7AzZB0UHZtWu7Ya8yQN3iW,6MWr1SmTaCU5BJzOZxwJEw
7hnH4pDgMDP4veSuZ7Uxlz,4pQxRQ2bUyVpk89wzztCLw
7KF1Ain9mYYlg5M46g0i4A,0lAWpj5szCSwM4rUMHYmrr
43yKUvEVZ2dTy2vOrozS2j,33tFkBLsl6f8TjKkV0uF0C
1y2AzG31F4CuCKQ1rpIzaI,6s22t5Y3prQHyaHWUN1R1C
4TzzpYnIMI8opSO9koKKVG,0WK3H9OErSn5zKOkOV5egm
4TzzpYnIMI8opSO9koKKVG,5hhgghBFkLDdMn93GW4x3I
39McjovZ3M6n5SFtNmWTdp,4gzpq5DPGxSnKTe4SA8HAU
39McjovZ3M6n5SFtNmWTdp,3Nrfpe0tUJi4K4DXYWgMUX
3467Wn1M2kESux2YS9Rczi,7kplJl06UmldxLKseURAYi
5jmp7q0hmtB7vlacGfTdAB,3win9vGIxFfBRag9S63wwf
0JGOiO34nwfUdDrD612dOp,6qqNVTkY8uBg9cP3Jd7DAH
6K77XaXUfKyBHyow6u7XPl,40ZNYROS4zLfyyBSs2PGe2
0s1A44tg1Y21SLHDylmugR,1UTPBmNbXNTittyMJrNkvw
7mbvRPQce4Lg8NpQkpOzxX,4SfGzWmeoNPKIOmiyc7Pav
6dfdmMDGw988CzNEFdnIcY,3b8QkneNDz4JHKKKlLgYZg
3AocIGXpIRlNgd2BSoETUH,1l39BupEDqsioWGVDXluVG
3AocIGXpIRlNgd2BSoETUH,1gPhS1zisyXr5dHTYZyiMe
7zV4TOfILpmyaArpIZqzkO,550PiaxNneb0AaqPp7sWWS
00WvhKa7aS4GRBHsRy2vRS,2Ggj5XNlIb4Lnbqe307FyB
00WvhKa7aS4GRBHsRy2vRS,3P2dL1jA3FykjGry2EcZEf
7uzmNefPoRgc5Pi9DS00CC,4adSXA1GDOxNG7Zw89YHyz
4DmITPOATTsiWEWtJrPqkk,6PH3FLQAxtqYy46Zv08bpV
7HCh4HQHDNZkXphOzb6ugT,3IaKn0ExWTMPqa0mscUYw3
4589OIFRZp41qbsp7TWFCx,0GM7qgcRCORpGnfcN2tCiB
4589OIFRZp41qbsp7TWFCx,4q3ewBCX7sLwd24euuV69X
4589OIFRZp41qbsp7TWFCx,2QWIScpFDNxmS6ZEMIUvgm
33TRcgk13pDfnELf22G8wN,4TshyQDihSYXSWqvclXl3I
5nlhLmWKBfIzkCxwVRAFd2,33tFkBLsl6f8TjKkV0uF0C
5FB5E1fwFeVqpz2CCzRSve,0Y5tJX1MQlPlqiwlOH1tJY
0e4cbWt2IcUYPXn7jCQXt0,12GqGscKJx3aE4t07u7eVZ
0bwtv7A8S0PMvgobvukQO7,2ElMqlv5py0QFIVXUff627
4jPnb0rdxEawWMlO8RfzJP,1Tp7C6LzxZe9Mix6rn4zbI
0W26SC6AcPdqk1Hz5hfWnj,2WzaAvm2bBCf4pEhyuDgCY
7iMzKbqiM22sVThqjOWqPl,35WVTyRnKAoaGExqgktVyb
1LeB4us5kQb6xoSXM1kws8,41X1TR6hrK8Q2ZCpp2EqCz
1LeB4us5kQb6xoSXM1kws8,1OzGBMZ8rp73R6DWx0IUr5
66kse7y7d7ycufUwpUr184,22y08IZx7u6SWpsfap1Cub
2F58yhcgZckSuL5pDXqEi8,1dKdetem2xEmjgvyymzytS
2F58yhcgZckSuL5pDXqEi8,2Dlvgi70UoJJicfKgoW5Vo
7x0UG4rToHvR7HkzqGN06a,1oH2B8tcHn4Gpl2bmmyd4A
5MCXOrCsU3R1xQ3kLI4oXM,7x8nK0m0cP2ksQf0mjWdPS
0gAyvJCgGfm5AqcRvAV3Ob,0avMDS4HyoCEP6RqZJWpY2
224jZ4sUX7OhAuMwaxp86S,4dpARuHxo51G3z768sgnrY
1yXAYcuyEvKKc8SKJVnmyM,0wGzciem2JUvglxX6Hr3E9
4GnznPcGs85z1yeeWA5Gyi,6qm0DFounuQWwu6IF0ZGH2
2ioMOjxtndeNFrssEFnIjF,6jeg7JBX9J9097esK752iR
6QYK9rRB1nJ1ZnhEiOKT1J,1z7b1Pr1rSlvWRzsW3HOrS
59rZF6CVD9k11WPzt8eC5G,7rybj6DFBE9HYjDsD4ILuA
