artist_id,artist_name,artist_popularity,artist_followers
5g8mXUQcC8DVAHLwGGAIrJ,Booka600,52,94175
4ejCEsiLoioHxdLmYNvIAY,Jacob Richmond,39,1082
4Js9eYwAf9rypNtV8pNSw9,Petey Pablo,59,505748
2IDLDx25HU1nQMKde4n61a,Rich Brian,69,2157153
2W6WP4pHQTFlbr2z9S4n54,Kordhell,78,707647
1pWm8RcyiWZehSnb38i4fM,Young Slo-Be,60,70832
2LRoIwlKmHjgvigdNGBHNo,Feid,92,5196586
3Vl9fyKMIdLMswk8ai3mm9,Rebecca Black,48,126653
7Fby9r2IyDqTZrXZv9Ob0L,Slug Christ,38,42
1pgDilWYDWLoOgGjf1iHNu,Zion,74,3673813
2EMAnMvWE2eb56ToJVfCWs,Bryson Tiller,79,6936948
3Nrfpe0tUJi4K4DXYWgMUX,BTS,90,64752045
13ubrt8QOOCPljQ2FL1Kca,A$AP Rocky,82,12223157
27R1aBy7FfkYevfYen4sMp,George Birge,43,12508
4mPrHfhtQUBoHgTxkBieLY,VickeeLo,39,21431
2pSObt5Fk8izuX8ZfI3jRn,Upchurch,70,1539498
2Dlvgi70UoJJicfKgoW5Vo,Grupo Recluta,67,799300
6BH1xcDkwbbyrLMUKECsW1,Toosii,72,1061717
3Tv1UzQAvn0v0hKTxisXnR,Kaito Shoma,59,93787
7vTyZmNA6LC0WRDg7V6yle,King Iso,57,87169
2e3LzbZx1VP4wBNFCaxZVD,TheHxliday,45,75391
1bqxdqvUtPWZri43cKHac8,MAX,69,811280
0Z8XVUAOBPM4x12wKnFHEQ,Parker McCollum,69,319773
2ExGrw6XpbtUAJHTLtUXUD,Stefflon Don,67,1125364
5OCZWZ399lBKgxBxE8cjRM,Willie Jones,49,38022
51XrH5fQP2oIQynuKxSWcW,Sky Rompiendo,65,55125
1TlELkGydPWokADoHCm4d5,Baby K,28,414
3IG49Dhngr903hQWOFzmlh,Big Homiie G,47,48554
19ic9bjrTrZ3vWol0u3sSz,Illest Uminati,19,6
5LGo1zHegJTWzqVXgeNplt,Ryan Mack,64,185097
4FlG0V0jhLO4qGpayFOphj,EST Gee,69,399973
7z5WFjZAIYejWy0NI5lv4T,Dan + Shay,73,2932222
7n2Ycct7Beij7Dj7meI4X0,TWICE,82,17544057
7BA072InWOjB1X7MZGOloy,Soldier Kidd,53,169148
3gGUMEwIX6XodWsYEvKSal,YBN Nahmir,64,2975131
4xE3NbWDeC7BEIlzQIjG5H,Nature Recordings,53,646
1z7b1Pr1rSlvWRzsW3HOrS,Russ,78,4819179
39xSFVoeHPX87DYQWe6z3y,Rain Inc,56,186
6Xiuj9T13YmHkjZ70VWerK,PTAF,40,341
7rybj6DFBE9HYjDsD4ILuA,A Dreaming Machine,54,204
3FCYSWNVmpjTCiwzJwbMAC,lil aaron,47,133422
1A8NEJYo3VW9aIZ6l55Dgu,Joey Cool,53,37320
4AVFqumd2ogHFlRbKIjp1t,Alesso,75,3940482
60JjUCBeLsuJ95WFvqFiFz,Dante Bowe,60,171181
5SXuuuRpukkTvsLuUknva1,Baby Keem,79,1472068
6bS1ddLkqrK5Jl6GyKK4j2,Og Bobby Billions,52,8928
1wZtkThiXbVNtj6hee6dz9,Wisin & Yandel,80,6316281
371jpyGdoChzUASOIG2ECV,Ashley McBryde,59,212537
4rc8nzClXj7sUjvsHVg6AD,Naomi Raine,61,113333
4vhNDa5ycK0ST968ek7kRr,Carlos Vives,74,5939782
37M5pPGs6V1fchFJSgCguX,FINNEAS,68,1831468
1Tp7C6LzxZe9Mix6rn4zbI,Wilderado,55,92261
1RyvyyTE3xzB2ZywiAwp0i,Future,90,13850233
2ICR2m4hOBPhaYiZB3rnLW,Sonder,69,623711
3dnNuI5EU8TEdiAT73kj27,JessB,35,11806
5YGY8feqx7naU7z4HrwZM6,Miley Cyrus,89,20704363
2oX42qP5ineK3hrhBECLmj,Andy Grammer,70,1143840
4ET82ZtSfAK4utfjDauImD,Black Gryph0n,61,90095
4J13m9IZh03PEhoxAxRhXO,Gerardo Ortiz,74,7098592
7srh14kswDlgTIIK4SKdSf,Memo600,43,24362
6aZyMrc4doVtZyKNilOmwu,Colbie Caillat,69,2465481
4stSxe6AbpXw3x7nRDsYVX,Remmy Valenzuela,64,1570739
0jPnVIasXzBYjrlpO5irii,Ingrid Andress,63,128280
5OBK3iQwjNQqElPmn4TgAE,Natan & Shander,57,7603
3gIRvgZssIb9aiirIg0nI3,Jeremy Zucker,72,2147227
3HFWqhd60hrJB8fpyjrTLu,Lloyd Vaan,49,4664
5J4lfhk7TjyGm6d3T0pqyV,OKENYO,20,3550
2eIB6vFotL2su94z3pUC1j,Elvie Shane,50,26519
3ipn9JLAPI5GUEo4y4jcoi,Ludacris,76,2583431
7iK8PXO48WeuP03g8YR51W,Myke Towers,87,11207096
3fCQnw6VSudXBTN5d2QP2z,Gary Lightbody,54,8393
2oWN3OXJUk1mh7CAhkJeqX,Thunder In Paradise,49,127
4ntfGY98LWEncjHnw0XBaj,Dino BTW,28,7951
5szilpXHcwOqnyKLqGco5j,Faye Webster,64,444760
4axKuDPr6WKcDCyh8vueTY,Luar La L,69,295629
0gg11prPP6OqtUvBcKnPpq,Rylo Rodriguez,57,304371
49tQo2QULno7gxHutgccqF,LANY,73,5481483
13y7CgLHjMVRMDqxdx0Xdo,Gucci Mane,78,4823031
3p3jPcp8b7WL9XYj4xlsWj,Snow Tha Product,63,592437
7tYKF4w9nC0nq9CsPZTHyP,SZA,91,12491195
4pfy05cNNTacuOQ6SiSu4v,Lyn Lapid,60,401306
10I1X1Vygp2J6R4jP5gF10,Chris Bandi,40,26900
2YXlVLKq3X3soXd2aXUtIT,JAMIE,52,684509
4lPU30QB53QTUVhkjcb0WS,EBK Young Joc,54,67522
57nPqD7z62gDdq37US9XJR,Arcane,71,155548
7lDVEkjIURPMyUYwoQRrpw,Ryan Hurd,58,233465
7pEVNuJRlpDXlsrcq32yHp,Atlus,63,103059
5bWUlnPx9OYKsLiUJrhCA1,Jon Z,70,5492213
46HzS7yz0c9udVwtbHk1sx,Cochise,68,524826
36CUTsdtNgCwMq6zKD1l8I,Mauro Castillo,59,33340
6TIYQ3jFPwQSRmorSezPxX,Machine Gun Kelly,78,5061842
4SOtk3HtPYKqxnVuxNBMti,Donovan Woods,56,76874
0EeQBlQJFiAfJeVN2vT9s0,Nipsey Hussle,70,3161484
0hCNtLu0JehylgoiP8L4Gh,Nicki Minaj,87,28163078
3rWZHrfrsPBxVy692yAIxF,WILLOW,73,2303148
574ERIqzZ5yZU9JhIf3Ysf,Angie McMahon,49,99849
1xQIR56DxgWYZPUvOLRIua,Amindi,49,35598
0WK3H9OErSn5zKOkOV5egm,DDG,65,1007205
58eJhHRICp87T2IFcP0bYh,Slush Puppy,50,55999
147nKr9upHZSSxqCzh9j7c,Jimmie Allen,62,232769
3M1quhETLChtt9NHKVaajX,Quin Nfn,59,341273
20qISvAhX20dpIbOOzGK3q,Nas,74,3268173
5ujvZU2thXjZgFKPUt1rDt,Chayce Beckham,61,66345
2NWuUOptHRTogSZghYspAE,Jack Dine,57,8746
3wrFoI9EVjWg6m8xXeWr5t,VALORANT,63,188598
6lay1nwbE6hTx1jivysUAL,Princess Nokia,60,586002
77ziqFxp5gaInVrF2lj4ht,Sech,81,11668260
1YhMWppPt9RVODKD1KCs7W,El Bebeto,63,2245169
5WU8v5r46LwBAwXGGCQygh,Satchy,29,15087
2y246nnP9pQT0E6v3ZMMOO,Night Lovell,69,1257897
6Itjwvv5YmsC8ZcI5N4Jux,Sael,56,45274
5nwjcZ87CGNRiO98nFKdOD,Taron Egerton,62,108492
6Wt2zqLZOrA36sooqmAvFH,La Force,34,6912
04uu8U3I1h26Fp2NBkPTRZ,Sam Tompkins,59,157670
2kxP07DLgs4xlWz8YHlvfh,NIKI,73,2502483
03NN8FAKofZU6phsfHLKPw,Chris Brown,56,5370
4pQxRQ2bUyVpk89wzztCLw,Los Del Limit,62,614400
53Ogdlq3YW29r02FV64tYH,Zinan,55,349
3HqSLMAZ3g3d5poNaI7GOU,IU,75,7967603
4JU62Q03lowoifgSp6ffuU,Seuss Mace,27,3183
0elWFr7TW8piilVRYJUe4P,Natanael Cano,87,6723593
7FOQfJbC3e4GNoheojERnF,SleazyWorld Go,65,163363
35l9BRT7MXmM8bv2WDQiyB,beabadoobee,76,2019796
5dHt1vcEm9qb8fCyLcB3HL,A$AP Ferg,72,3562490
0eVyjRhzZKke2KFYTcDkeu,The Alchemist,72,458948
35sCXuy5gN6Or69rZ9vqBs,Birdman,62,1223800
4nyfgWiyyKQQB6AveRSWx7,Janiyah,25,3608
7oXvysW3peGY3AEa17WoFt,EBK Trey B,38,8651
5yy76ufVriyvidNSvXlRU1,Clever,60,72330
716NhGYqD1jl2wI1Qkgq36,Bizarrap,85,10629263
7jVv8c5Fj3E9VhNjxT4snq,Lil Nas X,79,12416476
34me8hAxavRmcDIwhxa3b7,Dent May,61,32983
0bAsR2unSRpn6BQPEnNlZm,Aimer,69,2228819
5bSfBBCxY8QAk4Pifveisz,La Arrolladora Banda El Limón De Rene Camacho,74,6028753
40cMQJtnfUdWW2OY6wvCt2,Elvia,36,6908
6CHFq8hiVCpHsNKsP2aMw2,Tripstar,35,4227
2I80te5uIPCn0LeEtWE34Q,Fat Bub,10,1
17lzZA2AlOHwCwFALHttmp,2 Chainz,76,7818478
6AcOTCYBMvjKYy4zms0kaC,Banda El Recodo,72,3461611
7bXgB6jMjp9ATFy66eO08Z,Chris Brown,87,19476069
4fpwOzxFRMVGfd197dKIdY,Boldy James,63,135472
0lFLP59V4TY3XgnrkFIwxK,Katja Krasavice,56,398663
2VDZoCBGjxbHJbnzSX5nP6,Kxllswxtch,70,167844
4sIl4BTo9l9KqEi0Y3RE72,Carly Pearce,63,311543
7fexYDMRWxJ25mYGdblXWW,NICOLOSI,27,2307
2mJLFoa2cRqCZHL6MZNaak,Germán Montero,52,975681
5y2Xq6xcjJb2jVM54GHK3t,John Legend,76,6472805
5cdrxr9s52oZCf78xOLa4R,Tee,48,2913
6GaslxycqT27V8q2H3yZ7x,Little Ricky ZR3,34,9332
7ptKmOHE9L97uI1uxCdZLB,Garrett Raff,31,513
4o0NtnL2m0lzZmEdRas1qv,Ovi,71,968188
0LWHFUzXPTl9BDdJHDE001,hoshie star,59,46485
5phOCTS0ZqbZGVXdpG6rLu,Jeff Bhasker,34,6765
1u9z4r9MRMjVc4t2bI2z4W,Adio,52,159
3ROTuxpbVooOYY7OanW7No,X-Raided,41,114389
4tm8CEdm4pkQsEh4jIr9Yp,Santa Fe Klan,77,7805867
2TcGJdSOiOvITBzhvfX8XB,Shouse,70,117203
5d1JhBfyb58upMXCZOdbQu,Phil Wickham,65,714803
5xkFVS6IwwgHEAaRzXc9U3,Tay Keith,58,38675
2wJ4vsxWd7df7dRU4KcoDe,Sharon Van Etten,56,488047
3eCd0TZrBPm2n9cDG6yWfF,DEAN,61,1331240
6QMABvTzixnxzsLYyhqRxI,Majestic,64,51537
49HlOY4gkHqsYG9GCuhkcc,Celeste,61,419484
7fzgNgRW6BU64sSRRNNkN5,Boona,13,124
6hfwwpXqZPRC9CsKI7qtv1,Alina Baraz,66,1309304
4Gso3d4CscCijv0lmajZWs,Don Toliver,84,2866567
0ghlgldX5Dd6720Q3qFyQB,TOMORROW X TOGETHER,78,7966311
107CG0UhUl9GJnPwF83N63,UPPERROOM,63,247583
5XJDexmWFLWOkjOEjOVX3e,Eladio Carrion,86,3618754
7HaSqpaqnOWSaqvezpdhX4,TileKid,55,16634
0JSCWkJNFGt7o4YbYcplQ7,slater,60,8135
0a0yEq1JhXDqzMlxguFvv0,Lillian Castillo,45,636
22wbnEMDvgVIAGdFeek6ET,Benson Boone,72,577002
59hLmB5DrdihCYtNeFeW1U,Glen Campbell,62,419441
0Y3agQaa6g2r0YmHPOO9rh,Davido,74,2775404
41X1TR6hrK8Q2ZCpp2EqCz,bbno$,72,1216056
3qqkHeEhezlIaNj1vFYH2r,spill tab,52,74477
0lAWpj5szCSwM4rUMHYmrr,Måneskin,81,7315962
5AUTN6tMncnOnYgJK1VM6K,Sam i,43,8030
581C5Qwl87TskfBEzuoisu,Cafuné,67,161242
26XGM4cZDcTgrXo1nis5HT,Enchanting,43,57983
6nVcHLIgY5pE2YCl8ubca1,Jhayco,83,6005245
5vBSrE1xujD2FXYRarbAXc,Years & Years,68,1958208
3L2SIGZah4QZSvN4wC8rHl,City Spud,59,1472
3StB6ddX8vfwCGVD9HlNUw,Take A Daytrip,43,15502
37230BxxYs9ksS7OkZw3IU,Chencho Corleone,80,469169
6gj3sMEZYP6IESIptoXnrP,Ambré,54,79689
60NNvDqsif0u40CXMV6jDQ,Ryan Beatty,54,134776
0GpuSge5ffZ053NhXxgQkV,Cardenales De Nuevo León,70,1884183
1vSN1fsvrzpbttOYGsliDr,Tori Kelly,66,2111509
4LWwYvKY3xAcMVHsLxaaPV,Lil Hank,24,115
0dvFTsuG02c4cRbcSQ8zE6,Yak Gotti,47,36271
4lWFMwElS8KKKjm3c4lybO,Krispy Life Kidd,13,5
3ZMur3elMyOs248ah86NRk,Mach-Hommy,54,88652
5LHRHt1k9lMyONurDHEdrp,Tyga,81,6813329
1FX1BFU0DbHRYgKP83pA0d,JELEEL!,60,134570
7wlFDEWiM5OoIAt8RSli8b,YoungBoy Never Broke Again,84,11041954
5D7x9esAF6twPxuOqSMkeO,Justin Morales,58,296356
24zj84GShUIcBQYq6VpOYW,Duke Deuce,53,133642
1anyVhU62p31KFi8MEzkbf,Chance the Rapper,74,5877525
3qiHUAX7zY4Qnjx8TNUzVx,Yeat,84,2408780
1l39BupEDqsioWGVDXluVG,FL Dusa,49,7288
2WInxWtfee6mRhUQUmIRAH,Strick,45,35383
1OmJlIsNDkAVfdkmHbvQFM,Calma Interiore,53,1434
0NyMCdnVJnLRDItfh5cA7c,Jusblow600,40,2870
6veh5zbFpm31XsPdjBgPER,BIA,69,448154
4tuJ0bMpJh08umKkEXKUI5,Gracie Abrams,73,1016637
2kCO8LXN1usaOPL3iEE28I,Tai Verdes,68,738068
2hwy5DELim1AxB1sHPqn4y,Gotts Street Park,49,20562
3exvMmrLV6o4R42YnG3Id6,Egzod,63,84251
5IbEL2xjRtKsunfmsahLuO,$NOT,71,1341390
1E2AEtxaFaJtH0lO7kgNKw,Russell Dickerson,67,434540
3RqBeV12Tt7A8xH3zBDDUF,Kelsea Ballerini,74,1035833
2NjfBq1NflQcKSeiDooVjY,Tones And I,71,3011530
6lxA3O2PKkIPpAjPHtQ8Kv,Vex Ruffin,23,5531
6qgnBH6iDM91ipVXv28OMu,KAYTRANADA,72,1204398
4MzJMcHQBl9SIYSjwWn8QW,Spiritbox,62,396678
31t9hT68QYCDPWkkUVrQjY,Bravo the Bagchaser,53,81752
04gDigrS5kc9YWfZHwBETP,Maroon 5,85,40472607
53xeKWbSRuGgTxViJTAZKC,Sideshow,47,13557
4fv1OFJywZ7DHCz3mVQQ45,Grabbitz,59,83396
4npEfmQ6YuiwW1GpUmaq3F,Ava Max,80,5886591
45gHcnDnMC15sgx3VL7ROG,42 Dugg,73,812217
58DL2eZUimlqbb6FLJi09d,Lil Skrap 1090,46,583
1GzMtNyLiP1oM7yW0DyRhP,CYPARISS,56,17526
07VmOvmuBp9G0gb8BTrpn0,Mike Jones,59,550423
7rkW85dBwwrJtlHRDkJDAC,NAV,74,3294427
29PgYEggDV3cDP9QYTogwv,Carolina Gaitán - La Gaita,59,48680
1nf0nRF0W4ybnJdda00pKY,The Swon Brothers,32,41842
29gIYsdyccGoUc6qgkZeTK,SwaVay,48,31985
5rOkxO8Va1CnXhF7nrHMrU,YGTUT,47,48418
3tqosLbNFNekyZyO2KJ6qd,Mike Sherm,65,404047
6qm0DFounuQWwu6IF0ZGH2,La Fiera de Ojinaga,64,391069
0SSbTivuMrvdqgCt7ln6jD,ICON,54,6870
3vDpQbGnzRbRVirXlfQagB,Sturgill Simpson,66,733440
1fctva4kpRbg2k3v7kwRuS,Rvssian,69,2363946
6ptC15l7UMxtMiGsDCbiOb,DidIt,5,69
4ETSs924pXMzjIeD6E9b4u,Surfaces,69,893174
0MoaBi6dSquXp6rrlqlF8R,Buscabulla,63,83794
4r6joVLgbTD7M07z1KIooA,Everywhere Brown Noise,55,240
4LLpKhyESsyAXpc4laK94U,Mac Miller,84,8964224
5rjz63sgMaAUAyBMyCUK5D,Avery Anna,53,77764
7K5Lm5dxoEwEpOS0Fc3l3s,Anaïs Mitchell,60,62915
1uU7g3DNSbsu0QjSEqZtEd,Masked Wolf,67,668461
2rhFzFmezpnW82MNqEKVry,Ski Mask The Slump God,75,5404235
37hAfseJWi0G3Scife12Il,City Girls,66,2241215
3HShZ9OYr5GdhHI8DU9Yzy,Duvy,49,23058
0p7lJtfYpKXr9KClOkpRaF,Elyssa Smith,55,13519
3l9G1G9MxH6DaRhwLklaf5,Oscar Maydon,77,383900
7htQnykNfk2Bu39bSw7owz,ame,65,827
1BEUkE2CSUgHTLSBMZdnFB,Mae Muller,67,131913
5QNm7E7RU2m64l6Gliu8Oy,HARDY,75,377029
46SHBwWsqBkxI7EeeBEQG7,Kodak Black,81,9290954
4Ui2kfOqGujY81UcPrb5KE,HAIM,66,1255940
3xLU748QxpTmIVaiNXXg0P,Encanto - Cast,63,83029
4F61H4lx1js4wtWfb2Rfnt,Party Pupils,48,48638
2o08sCWF5yyo2G4DCiT7T9,HVME,65,61328
0avMDS4HyoCEP6RqZJWpY2,Ethel Cain,63,239180
0HgICyWHmS6rnl8xWEd0x6,Banda Los Sebastianes,27,970984
0sMAHzxguan2KpnKFZPW2d,Sadie Jean,62,144763
6rIaHuCIUu32uj2CjlEBN3,Mike Dimes,62,173264
4Q6CxLeEfgULmUCUEVxApw,SNAPKATT,15,818
7tFehEdzjjoeiwUExR89qs,KANKAN,62,235349
6tmdudtl1wM5WwTIqZX0WD,La Ventaja,58,213199
2RQXRUsr4IW1f3mKyKsy4B,Noah Kahan,75,787753
6TsHQClbheVZTyc97g5Nc4,No More Heroes,49,2463
3FFQjcpieXBXQwkbUJQpjV,Los Del Fl,49,26
70gP6Ry4Uo0Yx6uzPIdaiJ,Bas,67,501462
1AEcpjnSCmm53IBZQo3g9z,DāM-FunK,46,49852
4j2Nl10LgodE4eE60kwa72,Yo Baby,7,396
0wGzciem2JUvglxX6Hr3E9,Hot Freaks,54,109265
11usEAQkFE6UJwsyAKkchi,Caleb Calloway,57,2953
5SyGEPymt1G2uto47tVWvZ,MadeinTYO,63,1022376
4alndwWPbM9ApMYLjg19oD,Wale the Sage,53,56332
6fWVd57NKTalqvmjRd2t8Z,24kGoldn,72,2024075
6MWr1SmTaCU5BJzOZxwJEw,Larry Fleet,60,79442
3oVcF3VdpMuvMvLLyHPT4t,Sierra Ferrell,59,142719
0pePYDrJGk8gqMRbXrLJC8,Luis R Conriquez,83,2767742
1ZbmerOthZbxz5eR3c9Mn1,Icewear Vezzo,57,155932
360IAlyVv4PCEVjgyMZrxK,Miguel,81,4630899
3S0tlB4fE7ChxI2pWz8Xip,Giggs,61,453416
7c0XG5cIJTrrAgEC3ULPiq,Ty Dolla $ign,81,4616199
0y33MPw94ln3pVCaRYAfE8,Syko Bob,26,4718
4Hbj47VXZN7Brcs057firv,SeptembersRich,51,545
4MoAOfV4ROWofLG3a3hhBN,Jon Pardi,74,1680874
1McMsnEElThX1knmY4oliG,Olivia Rodrigo,83,25210395
053q0ukIDRgzwTr4vNSwab,Grimes,69,2014719
6ZV6lGY0prbqpTD0Md8i29,Scotty McCreery,64,902189
33tFkBLsl6f8TjKkV0uF0C,Lovejoy,70,1299167
0aOIluXr131XqrXFwFCFGT,Sevek,65,11268
1r1uxoy19fzMxunt3ONAkG,Phoebe Bridgers,80,1738731
2oQX8QiMXOyuqbcZEFsZfm,El Alfa,77,2853073
0bBz5bRBkExaej2HxtVfCw,347aidan,68,421360
3YQKmKGau1PzlVlkL1iodx,Twenty One Pilots,80,23621412
66lH4jAE7pqPlOlzUKbwA0,Miranda Lambert,72,3520834
550PiaxNneb0AaqPp7sWWS,Three Peels,57,37
7DBeFeXHrHygx9GcJueqzB,Dolly White,29,1000
137W8MRPWKqSmrBGDBFSop,Wiz Khalifa,82,11032776
0QHgL1lAIqAw0HtD7YldmP,DJ Khaled,77,9699695
3e7awlrlDSwF3iM0WBjGMp,Little Mix,76,11379420
1bqJuNMz1iBqWo9B0BdIiM,FN DaDealer,38,13596
7i9j813KFoSBMldGqlh2Z1,Riton,67,111024
1muzcpVFKmKSrT7rVNAwBB,late night drive home,55,91736
26VFTg2z8YR0cCuwLzESi2,Halsey,82,20133665
6jJ0s89eD6GaHleKKya26X,Katy Perry,84,26905841
3uwAm6vQy7kWPS2bciKWx9,girl in red,74,5972254
1URnnhqYAYcrqrcwql10ft,21 Savage,91,13648126
3jK9MiCrA42lLAdMGUZpwa,Anderson .Paak,78,2344970
4bYPcJP5jwMhSivRcqie2n,Adam Levine,72,992067
6UuT0BJZ9vF8Y1sxXnJl2s,Bounty Killer,51,224592
4eYE8Z6cfEHEdG22lTyucP,Morgan Wade,58,92009
2B8ofgf0e96eyGnXfYNtST,Dormir Dan,49,99
5hkcGbdTv8nC62vVT7RJmZ,LDNE,59,222192
56oDRnqbIiwx4mymNEv7dS,Lizzo,78,5559706
1bhZt10yZVCJfp3HaNxJv8,Riovaz,62,161408
15iVAtD3s3FsQR4w1v6M0P,Chief Keef,74,3851148
1SupJlEpv7RS2tPNRaHViT,Nicky Jam,81,18816570
1r4hJ1h58CWwUQe3MxPuau,Maluma,84,33810851
0hEurMDQu99nJRq8pTxO14,John Mayer,78,5859341
2o5jDhtHVPhrJdv3cEQ99Z,Tiësto,84,6887471
2Go6wC0GsnkVeRoVwh8rqX,Olga Merediz,57,1760
28ExwzUQsvgJooOI0X1mr3,Jay Rock,73,1399394
0lEvPwrWS9883d0jQ4SkA7,King Blitz,29,3765
21UPYSRWFKwtqvSAnFnSvS,Amaarae,65,168349
2qB0DlFsQOpNh0bdMCJLwr,yvngxchris,59,337075
6AgTAQt8XS6jRWi4sX7w49,Polo G,83,9525896
7nqOGRxlXj7N2JYbgNEjYH,SEVENTEEN,82,9155169
7JuMRNIHpmyFPoihd7NB7T,Rocci,51,12304
2YZyLoL8N0Wb9xBt1NhZWg,Kendrick Lamar,89,23937204
18MFcGBHtyW0mU3ufcm0X1,Diane Guerrero,61,5721
3VHAySZQPlfGlNLslzXYpN,NATHY PELUSO,67,1030297
5GNSiWmGlKoycbxC8htQaH,Rain Recorders,51,1260
2dIgFjalVxs4ThymZ67YCE,Stray Kids,82,11204838
0wY47YCvX77JNM44SWZ3WO,C3,28,229
4QTUTpSoTX3n9uMvuvyQsy,Hope,42,2937
0xPoVNPnxIIUS1vrxAYV00,Del Water Gap,57,123482
3Yhv9MAKkZA0k3PLTZXlZQ,Marcus Yates,19,1209
6Gz2lQkwncPMYpcfuMMvDg,Dominik,21,44
0VlR93v41JFZlo1tRAgy2A,Ballout,41,54638
0K87f3owemzI8NUCoEIXOB,vaultboy,64,164486
7x8nK0m0cP2ksQf0mjWdPS,Dierks Bentley,70,3013788
1U1el3k54VvEUzo3ybLPlM,Kali Uchis,86,4410767
2cCUtGK9sDU2EoElnk0GNB,The National,72,1510895
6EPlBSH2RSiettczlz7ihV,Sleepy Hallow,76,1357235
63ELR8SMfqu8EH9eXqCt9j,Slump6s,54,136599
3GLqH1P5kbxsIWqCwOwaB8,cloudcity,53,250
2AXsnwUyL9eMUy3y0ly2si,SeptembersRich,53,40621
0p4ViyfJUTW0IT4SCBLexf,Drakeo the Ruler,62,309637
4SgQGVqmPmPd0NMEj3T1IT,AO Bubb,26,1655
3aBe7wR8eOZi8vqw3JgHiZ,F1JO,20,650
5zixe6AbgXPqt4c1uSl94L,Connor Price,74,717819
0GeeIVcvGA8GSlWsoY1dkG,Vory,57,121654
0f2YkMXwFNJNSX7MymevKE,Kaash Paige,68,347352
1Xyo4u8uXC1ZmMpatF05PJ,The Weeknd,96,64694323
3w6NsYwesEyDyr8Ep0yvIr,Marley Young,20,2092
0GG2cWaonE4JPrjcCCQ1EG,SG Lewis,64,321589
5o615XColiSVMPDWlslKSk,Wonstein,60,108199
2C6i0I5RiGzDKN9IAF8reh,Banda MS de Sergio Lizárraga,80,17225624
3V0ZQW0dNuVaFtbVYgSI24,Claire Rosinkranz,61,362562
3Uqu1mEdkUJxPe7s31n1M9,Weyes Blood,59,354730
24OnVX6EYwtu7P3jpMenPY,The Kount,46,28416
1gALaWbNDnwS2ECV09sn2A,Nightcrawlers,64,48325
4wYKdGFKLGhPYUTfiafYm6,The Fletch,5,6
0Q8NcsJwoCbZOHHW63su5S,Mora,83,1840497
0eHQ9o50hj6ZDNBt6Ys1sD,Yandel,81,6888830
7FgfVur1vT0yQyKIi0feNB,FITZ,49,7308
7jZMxhsB8djyIbYmoiJSTs,Kiana Ledé,65,1509247
3bhu7P5PfngueRHiB9hjcx,Elle King,67,555431
16mcbsKWKfaPgtPLXACWC4,El Tiburon Mayor,23,443
2FEdyVgGMSclOsYJ4wAQUY,Public Library Commute,51,36173
5C2iFRY2UldL2hv9THw4aB,Mad Tsai,58,301161
2C32BFATM0fyN4FFTl3fHe,Royal Rain,51,195
2Waw2sSbqvAwK8NwACNjVo,Bo Burnham,71,1724986
7xXZvo6uN6Zm1DBnoFzJIN,J King,28,439
64KEffDW9EtZ1y2vBYgq8T,Marshmello,84,35080701
4Ga1P7PMIsmqEZqhYZQgDo,Lil Tecca,77,5956236
3gwjMn413kOhSLR9wb4CWJ,Snap Dogg,33,14601
3BiSuYkUIQOABfwLoTIBus,J Dlux,20,850
2dIP3oiEt0xB8CrfSqN9Og,Corb Lund,51,71303
5FxD8fkQZ6KcsSYupDVoSO,Omar Apollo,72,803527
1RryIbDjpwt00AKkSpCGvP,PJ Harding,52,17580
3JsHnjpbhX4SnySpvpa9DK,V,68,13096788
6IiZemRMna678qNhiRkYI5,Bedouine,45,85371
5OGraDcSkO4oTWthkm77WL,Tornillo,70,572342
6VuMaDnrHyPL1p4EHjYLi7,Charlie Puth,83,20213766
2Pv9ZGQqEflbdavLk6rr0t,Sniper Gang,26,60699
0NB5HROxc8dDBXpkIi1v3d,Remi Wolf,65,370206
4HgF4KnohByNElYid7iCNb,Bobby V.,59,904494
4SfGzWmeoNPKIOmiyc7Pav,Flatland Cavalry,64,165920
2XIbOWDT5vZPW7jNyzdfcK,Caskets,61,91777
22y08IZx7u6SWpsfap1Cub,Rio Romeo,57,130488
64EHXDoln95lnccszdPum0,Royal & the Serpent,61,191968
1OzGBMZ8rp73R6DWx0IUr5,Diamond Pistols,50,13341
6ipASreqbHk6a7aR2xo9BW,The Noisy Outdoors,53,86
2as15AH2BTrPk8v4gyElmr,Rhenzy Feliz,58,2533
0C8ZW7ezQVs4URX5aX7Kqx,Selena Gomez,85,42246229
08GfvCW09pv2QP4y9sle2a,Sam Barber,65,78957
0A0FS04o6zMoto8OKPsDwY,YG,75,3085667
1tjQoCGs4X0H7gkBoXno3p,FlexOnDaTrack,33,138
3aHe9rMa5HFTjXHw8tEz0A,Jenna Raine,55,108218
59wfkuBoNyhDMQGCljbUbA,Diddy,73,1469035
0mA4dkNGiN4fqTBi2SLlAv,Edgardo Nuñez,73,542815
6RY7kT6PGGzAA3TG3s4Qmp,Karlae,35,7971
5uNC6r2ozOi3dwcQjzowJl,Hector Rubio,39,7
2n2RSaZqBuUUukhbLlpnE6,Sleep Token,70,404459
5kkVPwCLmdkqaSQpptZtXj,Kingpin Skinny Pimp,62,51563
73BLwSX6gsNeVzS7DgI4xe,grentperez,64,328434
03LEDukdM723NRLz4UXeNv,nascar aloe,53,170531
6ydoSd3N2mwgwBHtF6K7eX,Calum Scott,77,5089130
6aaMZ3fcfLv4tEbmY7bjRM,Isaiah Rashad,67,1277602
5YlfEcVGygV1M3jH9GxkU7,Doodie Lo,55,40600
4b3DUSYA69Wfn0AmgD0Zaj,Montana99,60,25592
1v3tdpIdBSW14rHUfiEVOv,Lauren Alaina,66,595503
0ZUyFEafMwocvApBjTXvdo,This Is The Kit,46,97178
1WMwuNKzEFtU6pPkdtryYS,Kendo Kaponi,66,1062809
2LIk90788K0zvyj2JJVwkJ,Jack Harlow,82,2898994
50hkKRxo0g8Ck4JqlwoJr4,Cochren & Co.,58,40956
55Aa2cqylxrFIXC767Z865,Lil Wayne,86,13533325
0TKFPt9w0AAEnhB9bd0pLy,LUM!X,70,140040
5hhgghBFkLDdMn93GW4x3I,OG Parker,55,20290
06hC4FCcHy4f295XTV1qrF,Red Steagall,34,9143
1CoZyIx7UvdxT5c8UkMzHd,Jorja Smith,72,3114558
19k8AgwwTSxeaxkOuCQEJs,Jelly Roll,74,2044272
00FQb4jTyendYWaN8pK0wa,Lana Del Rey,90,23570032
53XhwfbYqKCa1cC15pYq2q,Imagine Dragons,88,47680655
1Zi1c8sWZTy5rDiN3lAuEj,Ashley Kutcher,56,92791
2KEqzdPS7M5YwGmiuPTdr5,Rina Sawayama,64,913879
7zHhscQ9kdR9fNGAffWz6z,Blue Man Group,42,61520
3PhoLpVuITZKcymswpck5b,Elton John,83,11531065
0ZMoJIyiDeIMJOqt7Pu74b,Brooke Maxwell,22,992
2p4aN0Uxkk3iT3HK0cJ2cJ,Tokischa,68,417923
757aE44tKEUQEqRuT6GnEB,Roddy Ricch,80,9325718
7hf5PZjVOqTQ2id3PF7I5Y,B-Lovee,57,126785
70voqwBevpJTrVCLt3gE0T,Ashten Ray,24,3782
5f7VJjfbwm532GiveGC0ZK,Lil Baby,89,14082125
6M2wZ9GZgrQXHCFfjv46we,Dua Lipa,87,39760709
5Pwc4xIPtQLFEnJriah9YJ,OneRepublic,83,15546766
3pFSlKAoVnaEycgIcPDctw,Chakra Efendi,51,4762
5v2WhpA59TJSdPh7LCx1lN,BONES,75,1294859
59HbaJ5E8ud7FNLGqUN1KH,Capella Grey,56,44058
72kqSqk124Vnl1wtT6q9Fh,Adassa,59,6557
7CajNmpbOovFoOoasH2HaY,Calvin Harris,86,23379062
6fxyWrfmjcbj5d12gXeiNV,Denzel Curry,73,2315179
38epWdyauFwdRkldqUMfWE,Chucky73,58,209068
1FtBEIWAwvw5ymBen5GICR,Chlöe,65,289388
6GpFiBAVovOVJfK7OTWnxN,Falling into Pink,52,377
1c70yCa8sRgIiQxl3HOEFo,Cherish,66,592726
7f5Zgnp2spUuuzKplmRkt7,Lost Frequencies,77,2647503
7dGJo4pcD2V6oG8kP0tJRR,Eminem,91,70493360
59cqBxQEZqznhssRB9iivD,Justo B,46,958
20wkVLutqVOYrc0kxFs7rA,Daniel Caesar,81,4074190
1oH2B8tcHn4Gpl2bmmyd4A,La Santa Grifa,73,3911256
100sLnojEpcadRx4edEBA6,Zella Day,56,428112
4yJHrytMK7mqtKsXVGaBNg,Fana Hues,63,50591
37BIBvfliXJpSgn10yQUJM,Mr. Naisgai,58,2276
0F58iilfZWiLrxyhsVOdQV,Tiffany Hudson,53,3288
5ooSG9S0glqP5ZrqqaHBvT,James Fauntleroy,54,23164
06HL4z0CvFAxyc27GXpf02,Taylor Swift,100,74187689
5oNgAs7j5XcBMzWv3HAnHG,DJ Drama,66,1431342
7qmpXeNz2ojlMl2EEfkeLs,Nicky Youre,72,146710
1zNqQNIdeOUZHb8zbZRFMX,Swae Lee,78,1669740
09XX4vGibhdivyKlxP8MRf,Slimelife Shawty,45,81272
5aHKxMwIrPVwy4m6FTOiXK,Nivel Codiciado,64,604448
2iI5KWXLjw1tqLQsdjuo0e,Chael Produciendo,64,13680
57LYzLEk2LcFghVwuWbcuS,Summer Walker,80,4977619
5iyTbismzdvyjpjIuhKRvX,Foogiano,54,269457
3YCKuqpv9nCsIhJ2v8SMix,Elevation Worship,73,2353324
6Rw7DRa1dzChBvxGPCpOxU,Niko Moon,59,95194
5RJFJWYgtgWktosLrUDzff,Griff,61,225487
5gSDCsyiVBWWpLyky7xzOf,Bee Eyes,23,109
6P5NO5hzJbuOqSdyPB7SJM,Ashe,69,1396878
6ElqtIfQsAkEYypgfJIjeK,DannyLux,72,879807
4olE3I5QU0dvSR7LIpqTXc,WATT,60,21300
0ys2OFYzWYB5hRDLCsBqxt,Fuerza Regida,87,3198323
5HL0VTY0iLTz0RcoeI4cmY,Lil Mexico,29,11126
08Ld63UgKrJ0nZnCkzHtzc,Project Pat,69,734338
6mx5dgNlLjrDDMyFsgrW87,TALK,58,83917
5NTEjLv3GEX1Vx0ITx9Pxe,Germaine Franco,55,8029
5H6xmHXjsq98NLbEjuE29f,NEIKED,64,164082
2TYRz7cFNZNPLUWRijsJNL,Kal Banx,49,1802
6qqNVTkY8uBg9cP3Jd7DAH,Billie Eilish,88,80454178
0fGcIStdT1OpFFhOC7Wp36,Teezo Touchdown,57,60251
4aXXDj9aZnlshx7mzj3W1N,Lin-Manuel Miranda,73,563404
77kULmXAQ6vWer7IIHdGzI,Jordan Davis,75,900511
4BYxqVkZyFjtik7crYLg5Q,Chris Young,68,2735796
2urobxol2zYHXOUJXDh8n4,Shady Moon,62,102423
5N3AyFVEE8vJa7AZEl7nD3,Conjunto Rienda Real,65,62879
2Hm8pRagdhRNFBbCiGaJEI,chief wuk,43,1333
2f6hqWBFjqS1EUHMS1JOFB,Unfoonk,34,12959
3Y7RZ31TRPVadSFVy1o8os,H.E.R.,75,6342304
6QtgPSJPSzcnn7dPZ4VINp,King Von,76,2858934
3xxFIilHFOKX6QaoJfBYrk,T$AN,17,2481
7arQA31aZVS8yS6zUveWzb,CJ,63,220193
7MoIc5s9KXolCBH1fy9kkw,Japanese Breakfast,60,605001
5FkUhnHQ0KC63549LHHtst,Skillibeng,59,268461
0RESbWvOMyua0yuyVrztJ5,Key Glock,76,1575782
5qRbfEf4Ooo19aRXKQzvUV,Navy Blue,50,59408
4GGfAshSkqoxpZdoaHm7ky,ERNEST,69,74658
50co4Is1HCEo8bhOyUWKpn,Young Thug,85,8301198
06Qf6vq8AVIpE9XIw8LAsY,Lil Duke,47,291574
5CiGnKThu5ctn9pBxv7DGa,benny blanco,72,1048105
4o6dCIkmONTJL0ByDDUNYd,Mind’s Eye,51,27698
0EUy62Az50Nt76jfcJxLG4,My Mama,17,16
21WS9wngs9AqFckK7yYJPM,PnB Rock,69,3824836
45dkTj5sMRSjrmBSBeiHym,Tate McRae,79,3504750
21QEpK62qn34QVshh4qpTK,Sam Carter,39,179
3bSyv1vO8ye6PKyWcJeVbI,Baasik,58,11800
0Ya43ZKWHTKkAbkoJJkwIB,The Wombats,64,1045059
5BozIJTTNCufaZpjhy2der,DJ Dahi,59,4911
47RTTEHKmO94V6qGq5xhbn,Jason Joshua,46,15375
4as3khXWaPjfkFdCA0JWMo,Jesse®,54,282837
5aZ9qg0JKmlUwZMpBXyJ4v,KolossalKocks,30,606
6dLuQ5qXxIuWc5urxfIiZR,Calle 24,69,311939
5pyVHz7lcfqKoV9BflFYwN,Jameson Rodgers,58,68709
1tG7s7S4sq2eFFW0QZyLbm,Sheff G,70,866060
1i8SpTcr7yvPOmcqrbnVXY,Ozuna,88,36674952
484bfoveqgHfx2VhNY4zzT,lentra,55,28239
1NHCwCMqV9oNQJXl16IltL,SSGKobe,54,217307
14zUHaJZo1mnYtn6IBRaRP,Justin Quiles,80,3991083
3lyW79oolCj6PAaLUqnze5,Gud,52,27030
0huGjMyP507tBCARyzSkrv,Cordae,70,1919378
6qW2MCeqjNlMwiLl0JPbuZ,framed,59,67651
3U9GXkqHEgUlQw5rNQ6FV5,Nuely,7,184
2FRfJyV85zb19tO6uiXBGl,sped up + slowed,70,6668
01XYiBYaoMJcNhPokrg0l0,STAYC,67,1307101
7iKgSlIINjat3bsCYiNMYX,EBK Jaaybo,54,68705
1NNRWkhwmcXRimFYSBpB1y,Yng Lvcas,81,71006
4uKEP0JYfpFtngWlgViewd,Lil Double 0,59,128750
4CAL0nDGvLhUfQEpwSLnUz,Wacotron,58,41305
3rROvEsUJJ9y55g1PLaA16,Robert Trujillo,48,5426
2IvkS5MXK0vPGnwyJsrEyV,Eric Church,74,3741619
4jwROPSUkTkohLCRiyjiZZ,DESTIN CONRAD,60,72301
5Wg2b4Mp42gicxEeDNawf7,A7S,69,47668
6ykgQbKcZFy5qoKBU4YiWj,Dougie B,60,106374
6q3p11nP1p80Ey6LrOOSed,Hit-Boy,59,68444
3yzRiNMZdTsSUgplcyYZ4i,Blanco Brown,59,141894
6LXRvV2OAtXF7685fzh3mj,Rowdy Rebel,56,143312
7ltDVBr6mKbRvohxheJ9h1,ROSALÍA,86,7243057
617MXEmWLSNoB6vgORRZmP,Steele 11,12,7
5n9bMYfz9qss2VOW89EVs2,Bomba Estéreo,73,1040591
26dSoYclwsYLMAKD3tpOr4,Britney Spears,80,12266153
1qUjOF5fzrpoNycD36b2jZ,Nate Ruess,65,225488
6c10vP5GpwZ2j8CiuuWeS4,Choppa Wop,24,69
7EszqxcvN7hWVUJCdWaBku,Chapo,17,21
6PjDCeZZmEgmlenl4Bf5Pr,Fancy Feelings,40,1179
2YOYua8FpudSEiB9s88IgQ,Yung Gravy,70,1583400
1Do4bSzfUl0KWL9r1fITu0,Yoon Mirae,56,281646
0FPWyyf6MD4QZTj3aypD3O,We Are KING,45,32525
6Y64EaNqpqcZYTgs4c76gF,jxdn,64,975680
1gl0S9pS0Zw0qfa14rDD3D,Surf Curse,69,914599
5F1aAS1duwlzExnPs3l2Xe,Pooh Shiesty,70,1155322
3L8lia6SiogIvkEl2qQ32d,Gaea Antoniou,50,341
4nXOZlYoAD67hF9aUEncMY,Pouya,70,1035344
1bdnGJxkbIIys5Jhk1T74v,Brandon Lake,67,244648
0IF46mUS8NXjgHabxk2MCM,Kelis,63,559343
4TvhRzxIL1le2PWCeUqxQw,The Blessed Madonna,64,42332
6fOMl44jA4Sp5b9PpYCkzz,NF,83,8423166
0m2Wc2gfNUWaAuBK7URPIJ,Bono,53,48283
21J3YJTyq1biE3SvSNjzuf,Capleton,55,300436
0X3nsc84A9qlFilmlWNwQb,Scorey,60,297091
78rUTD7y6Cy67W1RVzYs7t,PinkPantheress,81,2047916
2DXPtOc14uPVvK7qggj2a3,MC ORSEN,66,136805
5V8q61RswIFvxhIfzYVew9,Reese Witherspoon,55,9323
5PYToRCsrnvikZg3yl2JMr,Stephanie Beatriz,66,39380
790FomKkXshlbRYZFtlgla,KAROL G,91,35156817
5PxCTrv3Y1xVACfngpt7D2,Lostboycrow,53,145288
37fzXndf2fxVrk7qarhyo0,Leo Stannard,59,34060
68kEuyFKyqrdQQLLsmiatm,Vince Staples,69,1743592
5a0Qt0X5j0GDe0zu7zniIf,Simeon,20,86
0fA0VVWsXO9YnASrzqfmYu,Kid Cudi,80,6474106
0KKUc4amZyvswV2YL6WTar,Mariah Angeliq,65,437150
5L1lO4eRHmJ7a0Q6csE5cT,LISA,75,4452830
6NmvwMFvNRQmWdW5N1nxsC,F1LTHY,53,22848
1T8S48bD91THNKBByWBDyn,Dwayne Johnson,60,277889
4fLI0k9CYGyFdyuJ3KeZUV,Stige,27,332
5rxf4rjZ5lyhKt7DWM5dLL,Lauren Auder,25,8527
1w7GLktHE8w0aEhhaZ0QKB,Shakewell,68,251491
13MwFjr6LL8GwK7wlfIL6t,Horsehead,55,200
7HTLVyjNf0VRxfIgNcfRRH,Chase Matthew,63,134519
3Kb7e8b1tSd7TLa3cy7HUV,DigBar,54,57482
7riQPkkGZBnTh9ve5qIhYo,Mareux,67,212359
07YUOmWljBTXwIseAUd9TW,Sebastian Yatra,81,21528453
2KC9Qb60EaY0kW4eH68vr3,ITZY,72,5422873
4yBK75WVCQXej1p04GWqxH,Jeezy,70,2333797
2LFbgsbEhfilNpQYW7mied,Shane & Shane,63,369709
2HmiQV6GQR2VlOZmjEmtnX,Naeem,22,4866
3eVa5w3URK5duf6eyVDbu9,ROSÉ,66,3915869
3l0CmX0FuQjFxr8SK7Vqag,Clairo,76,3877258
7rrTqtOUOwva4sgTx9C9F9,Joy Oladokun,62,138422
7FNnA9vBm6EKceENgCGRMb,Anitta,79,12818295
4kYSro6naA4h99UJvo89HB,Cardi B,80,21502514
4E2rKHVDssGJm2SCDOMMJB,Doechii,66,240353
2FXC3k01G6Gw61bmprjgqS,Hozier,80,5655292
1skQAGBqxcg6PiiioSVtKp,Scary Light,7,47
2SJhf6rTOU53g8yBdAjPby,SoFaygo,64,582514
7FY5V3XMwlNBPitEjXowHQ,Darius Rucker,67,2417027
1tfhFc2Y8iplDKCteuXjCY,El Cherry Scom,58,244066
5Vuvs6Py2JRU7WiFDVsI7J,Lucky Daye,68,531841
3ZHU5AKrUmIPnCFfr82QER,1nonly,72,800299
0vUp0HrA2d7mcExuf5Wbo6,Eniola Abioye,48,1044
5EvA844VMdq61U5M4Ds0Fk,Savasana,48,1205
3TVXtAsR1Inumwj472S9r4,Drake,96,75150521
4tu8A7n5giy6WuJoLiu4Uf,Jah$tar,22,1176
4YEl33ar2WlUSF94Yh9CCf,KA$HDAMI,59,285895
6cEuCEZu7PAE9ZSzLLc2oQ,R3HAB,77,2472679
38PzLQE4GW8o7A18oGhi0x,dazy,70,9290
5IcR3N7QB1j6KBL8eImZ8m,ScHoolboy Q,72,4489714
6n28c9qs9hNGriNa72b26u,PNAU,74,210415
0fHeyixPnac66k5oBPclVW,Rainded,54,115
0i1Qvyl514tYAXRoFoVtPm,Kholby Wardell,53,3671
2OaHYHb2XcFPvqL3VsyPzU,Rico Nasty,66,1012523
15UsOTVnJzReFVN1VCnxy4,XXXTENTACION,86,41560001
1yPvnL2XGGehNiOGWzcAAG,Dan Sanchez,68,428967
0DxPHf2flBAcV2SnZPg3SV,Jake Scott,63,172595
14qypx78D3Jd1mm7c2BqQb,T-Shyne,43,10332
4q0N3EI67tVnAeeaXbNQIj,J. Worra,56,26341
4oUHIQIBe0LHzYfvXNW4QM,Morgan Wallen,91,5845666
687cZJR45JO7jhk1LHIbgq,Tems,75,1076280
7yntSJ6uojO3z6GFUVwhAW,CORPSE,68,2287070
3ycxRkcZ67ALN3GQJ57Vig,Masego,70,1163598
55fhWPvDiMpLnE4ZzNXZyW,Noah Cyrus,72,1146201
6U3ybJ9UHNKEdsH7ktGBZ7,JID,77,1216874
6LuN9FCkKOj5PcnpouEgny,Khalid,85,15963681
7AO1qih2zQeI7WYTQxC5fQ,Tadoe,42,51611
4k84U3BB9LqFYogMZN7w94,Cris Dinero,25,7627
5Bw9kFNhy019e4IBCJZlzw,Jordana,55,52180
3BEV5FcxOtkQJ7lLRKMh3V,Tyler Hubbard,67,63485
2VSHKHBTiXWplO8lxcnUC9,GAYLE,69,574201
6p2442ymrT9lZEuCZJdYcH,Ivy Queen,64,2197561
3EW0kQ1skZiK1NHg3Spt9J,Takeoff,72,1410854
0l6WgSoqo4UqeuXFKnTQRu,Aldo Trujillo,67,1373717
6y8XlgIV8BLlIg1tT1R10i,Old Dominion,71,1352529
0OO76E5lRfeyBI3fkA73Dr,siouxxie sixxsta,58,180571
4YLtscXsxbVgi031ovDDdh,Chris Stapleton,78,5645654
1sBkRIssrMs1AbVkOJbc7a,Rick Ross,77,6787750
47mIJdHORyRerp4os813jD,League of Legends,78,1601700
6N4VOBE2wNnRIINe3922Oc,Los Primos MX,59,390639
5FQ8tBUtIamA2hRtatrYUF,Marc Seguí,65,104967
77gMBvQ2frbQAPyCeoYGm7,Lakeyah,54,139949
3wcj11K77LjEY1PkEazffa,Burna Boy,79,5503433
4V8LLVI7PbaPR0K2TGSxFF,"Tyler, The Creator",88,11444591
65s98MYZ4xFpgKlUYS5XKw,Remble,56,172908
7FsRH5bw8iWpSbMX1G7xf1,Joan Sebastian,77,8571560
128ftF9X7Kd7Di2fq3wYVs,Jamby El Favo,65,1072154
2gBjLmx6zQnFGQJCAQpRgw,Nelly,75,2410758
6gpLXhxeNFNiz38dyNqJ1C,Manny Laurenko,44,1749
3FLUBwpAnaIlIKeaBfsxFe,Kito,57,32204
1gPhS1zisyXr5dHTYZyiMe,Kevin Gates,74,5819280
2RdwBSPQiwcmiDo9kixcl8,Pharrell Williams,80,4186414
4adSXA1GDOxNG7Zw89YHyz,mazie,60,105895
2EnD37GNRe2REqHBKqMnZQ,Bslime,44,8544
2YFBOR9KIxC6WqHclkj9Yq,Keke Palmer,53,654349
7ciBW1p3KBsYIkFk4UmwS8,The Rudeboyz,56,16973
7tje8UB3cuR1ZfeJx2U38T,Logan Mize,55,102737
2hmePXeTr2b7cdRAtRjvPq,Jeris Johnson,59,153724
0EBQs3FuhHrwUixSsKI2Dn,Zkeircrow,15,40
6VOoiigTiLVgsMQPP1JOdC,Crissin,57,13612
1tELKM5wjfv7SlSNgVOdAq,Adam Buxton,39,3353
1UTPBmNbXNTittyMJrNkvw,Blake Shelton,71,7052112
6Y6rrQjzcZhaM4RXusI8UP,Banda Sinaloense MS de Sergio Lizárraga,59,327807
21451j1KhjAiaYKflxBjr1,Zion & Lennox,78,7296558
78YqeIji3mgAS2K1Maca6x,Dylan Scott,65,1398804
72y6MZHIPEyS64ACSCtIq6,Hisohkah,56,24588
7jZM5w05mGhw6wTB1okhD9,ATB,64,355550
4tZwfgrHOc3mvqYlEYSvVi,Daft Punk,82,9408187
7wU4Xw4xqmBzfy2TIej8qa,Meryl Stream,51,71
4mkjpWbFO45SyaHiM9GOVE,2KBABY,54,389652
2hVWBpjLW4Q7fboYz2pVYK,Moliy,61,14064
2tl280wIokrLjabzrSKTgU,Holding Absence,55,93465
4oVcSA60yk5jowh3pDMcR9,Kiddo A.I.,35,776
4G1zP5i0r57g1c1CxrPhfM,ZillaKami,68,406629
1nA3PfIG61TQDOhJPrdhgz,Kura,12,1
3ApUX1o6oSz321MMECyIYd,Quinn XCII,68,760472
1a7xjqgtH0LtzVv80S9kVx,Saliva Grey,60,19019
6Tjx1FOkCvSQcuwyyaUdKr,G.Wakai,11,157
5G9kmDLg3OeUyj8KVBLzbu,mike.,67,555769
0dXXFVCw0LKzmHFrTLUaQJ,Tito Torbellino Jr,64,1029265
0c173mlxpT3dSFRgMO8XPh,Big Sean,77,10832320
3hTffafUYLLgO4yuPAxb5U,Lenin Ramírez,71,2654410
4qUoZ6ErhTYFhAI0W1iI9q,Ezekiel,60,97256
4qDQBPUMcJUH7BQ9dfJnfI,Grupo Ensamble,54,69821
1W7FNibLa0O0b572tB2w7t,Pink Sweat$,69,1679648
2P5sC9cVZDToPxyomzF1UH,Joey Bada$$,74,3020412
579LsvZcRVKtToYjS0tkKz,Big Scarr,65,325560
1Iww3Y4gDbNvjkqnjUzIZu,Relaxcation,50,178
4e5oZygHeeRoTXc00gYWiu,Danny Towers,61,33243
7KduBCxhfAMiQlhMOHL3IZ,Robb Bank$,47,208586
0GM7qgcRCORpGnfcN2tCiB,Tainy,76,1331579
1Z25ZlGHqqlr3o1UGQOfNn,Jnr Choi,57,59151
6s22t5Y3prQHyaHWUN1R1C,AJR,74,2899446
1JhiIIXT9DWqEU3BYFZwGA,MOTHICA,57,262123
3qBKjEOanahMxlRojwCzhI,Zacari,67,86769
7okSU80WTrn4LXlyXYbX3P,Clinton Kane,67,879825
5schNIzWdI9gJ1QRK8SBnc,Ben Howard,65,1984504
0du5cEVh5yTK9QJze8zA0C,Bruno Mars,88,48144051
2cPqdH7XMvwaBJEVjheH8g,Jay Wheeler,77,3128568
7LnaAXbDVIL75IVPnndf7w,Jamie Foxx,69,1093603
5IYRfypwG9BDDh5ZRPI80z,Totoy El Frio,61,23467
04zbRSHjzlQYvV31SW7qZ4,ICECOLDBISHOP,41,11658
4ArPQ1Opcksbbf3CPwEjWE,Emilee,60,95117
2cWZOOzeOm4WmBJRnD5R7I,Normani,68,2390252
0cGUm45nv7Z6M6qdXYQGTX,Kehlani,75,6863241
6oMuImdp5ZcFhWP0ESe6mG,Migos,77,13160319
4YURkxOtE9WWvMcYrmsVRg,HiDoraah,24,1446
5qOORCmdl34SsKnB8o4aaF,22december,54,31816
4AA474G2hRfrHyGrfyDseO,Mozzy,65,724610
0BvkDsjIUla7X0k6CSWh1I,Luke Bryan,77,8214019
1ZN1c1qWEGZNX1pGeKCPpf,Billy Strings,61,293268
3oSJ7TBVCWMDMiYjXNiCKE,Kane Brown,75,4844641
6tfVJrqicGpxRbz7q6NJ0L,Lil Maru,52,66407
4huXijLHlm8VMzeob86QvD,WMD,57,17920
4QrBoWLm2WNlPdbFhmlaUZ,KEVVO,61,459412
4ofCBoyEiGSePFAG500xev,Regard,70,212382
20sxb77xiYeusSH8cVdatc,Meek Mill,75,7203125
7j6DKwmjbxvpQO8h914uEz,Ryan Castro,75,1618004
2aXiJJHJei5BmCykxI37y0,Gladys Knight,53,186609
7Kt7O3A8zdjcCYPFopGTiY,Sharc,54,7000
4GjElWvmSWy4FkKoGZbYs0,Poundside Pop,27,9547
4MCBfE4596Uoi2O4DtmEMz,Juice WRLD,88,29057830
5hdhHgpxyniooUiQVaPxQ0,Nio Garcia,72,4722483
7zkwepHPyac6tCYl0fL0co,ASTN,62,267085
54wmKAtAAWcMLCJYzmU5ih,Nick Kroll,54,6679
4fxd5Ee7UefO4CUXgwJ7IP,Giveon,79,2962276
699OTQXzgjhIYAHMy9RyPD,Playboi Carti,83,8096418
0dUYLC7DLjeS8gIh8cz2Pq,Jenevieve,55,134693
4nZmMrwH6LxHnCzQv4IFUE,BIG30,63,449153
1Cd373x8qzC7SNUg5IToqp,BoyWithUke,75,3333332
3444S3C4U9Ts86BnCtSPRV,Treaty Oak Revival,55,20714
2SaIA1enj83vEmJikZdjQ3,Triathalon,42,89338
40ZElxHldNyvn7x8WRC6fh,Pink Siifu,48,50408
639xerhpqwPMYay6bkjz75,Koby Laver,53,1428
1VPmR4DJC1PlOtd0IADAO0,$uicideboy$,86,5521326
6JFaTYyfO9VRWnlC3ypYJh,YOUNGX777,59,9832
1LZEQNv7sE11VDY3SdxQeN,Bee Gees,77,6792865
3gfeKrOBLlmoaUXfGJzmS5,Austin Farwell,62,81326
70AkqfU43ou9hFxJZTDt7A,Wicca Phase Springs Eternal,54,136912
09HxEXUwV0FkmZnBqrJfbM,Jimmy Humilde,42,27643
6eUKZXaKkcviH0Ku9w2n3V,Ed Sheeran,92,111956794
6ASri4ePR7RlsvIQgWPJpS,iann dior,74,1734756
30e8DmahrEamvLbFRPdWmk,Justin Moore,66,1749964
3QVolfxko2UyCOtexhVTli,Angèle,68,2597862
502gYHkFCtLzBIcU4ctPLd,Zeph,63,97145
5yw4tA8D5uG7tT3NaDvq10,Stellar,65,436726
3MdXrJWsbVzdn6fe5JYkSQ,Latto,72,1034270
3sklFG9fuDAq3vbIZlkNH6,Laura Les,59,113031
1dKdetem2xEmjgvyymzytS,Grupo Firme,81,9809581
4nMPNmeygaudrlnaoEjpf3,Maryanne J. George,52,15504
1iCnM8foFssWlPRLfAbIwo,Gigi Perez,52,29313
0wHeZY93Ede0g1jXaWsiFS,LPB Poody,50,120677
4wLAjfeqAsV66AocWNcowA,Buju Banton,57,543576
3x3jSlhyv5CiCZDZlaTq0M,Pi’erre Bourne,65,850771
6PH3FLQAxtqYy46Zv08bpV,Ivan Cornejo,76,1260137
7n2wHs1TKAczGzO7Dd2rGr,Shawn Mendes,84,41522755
14CHVeJGrR5xgUGQFV5BVM,Fivio Foreign,71,1115323
1MAazf048soVcELWMYehho,Flows of Sleep,55,305
7eEiDNxx0ZlaXHkn74qOrM,sharkboy,49,6445
3tJnB0s6c3oXPq1SCCavnd,Marco Antonio Solís,75,6314049
14uo609t1MvRGZcskySt9R,SXMPRA,68,162929
5RRbimRyvmhCG5MfRKQXzM,Chaz Duffy,44,648
0QWrMNukfcVOmgEU0FEDyD,Jacob Collier,58,628517
6zLBxLdl60ekBLpawtT63I,Cody Johnson,72,852991
0ZVsDtaeXZtLz3qyVFViX4,Hypno Carlito,35,3770
4oLeXFyACqeem2VImYeBFe,Fred again..,77,733807
3ptY5WTxu77JpAQQnHyxEl,Yandar & Yostin,60,142951
7501C4PyvqS1BWbmrYq3LF,mei ehara,40,34634
7kgwMm8d2igABad4wfEKti,Nature Of Sweden,58,633
3KNIG74xSTc3dj0TRy7pGX,Yung Bleu,68,1333456
0eDvMgVFoNV3TpwtrVCoTj,Pop Smoke,82,12464619
0snouHYzOWSgxRBYMQsa3H,Hensonn,69,132426
5OHZAV5uu5l3Qloo1fD6A5,Freddy Vega JR.,9,1
2Ggj5XNlIb4Lnbqe307FyB,Lola Brooke,61,84623
4dS6hv2OTUlUB6OkQGSIi3,The Ride the Cyclone World Premiere Cast Recording Ensemble,55,3811
4TBU1LUldUubb3RaqmLLN7,Tono,50,190
6jeg7JBX9J9097esK752iR,Smiley,55,34496
7Gi6gjaWy3DxyilpF1a8Is,Junior H,89,7494509
0xRXCcSX89eobfrshSVdyu,MEDUZA,77,630322
7EWU4FhUJM1sZQgQKdENeT,Hopsin,61,2425143
5nO7Yt0Jon48sqKR6VME4T,Joe L Barnes,57,15892
3iMzbvXlgNUpoFccD60bvr,Prezioso,67,98917
0fiWOxhsBsQQvFDtxUQWo0,Brett Young,68,988862
2hlmm7s2ICUX0LVIhVFlZQ,Gunna,84,5245297
1p6CdzJRoicjRcSdWoB9Qc,Mitchell Tenpenny,65,393400
6TLwD7HPWuiOzvXEa3oCNe,Oliver Tree,77,2270193
4IVAbR2w4JJNJDDRFP3E83,6LACK,76,4212354
5t5FqBwTcgKTaWmfEbwQY9,ENHYPEN,75,5498622
4dpARuHxo51G3z768sgnrY,Adele,86,48295123
4SsVbpTthjScTS7U2hmr1X,Arcángel,84,10821554
4bPiOPI4V99cepEftvBYak,Banda Los Recoditos,68,4268718
0ZED1XzwlLHW4ZaG4lOT6m,Julia Michaels,75,4896537
5ENS85nZShljwNgg4wFD7D,Gabry Ponte,73,427920
1MUV2xrrCkG9mhZyVUDGEy,Sodikken,54,179508
1Cs0zKBU1kc0i8ypK3B9ai,David Guetta,89,25985974
6icQOAFXDZKsumw3YXyusw,Lil Yachty,78,8990031
7pnTkKShdYS8BnmTHhcEaa,Ben Burgess,47,5903
2hejA1Dkf8v8R0koF44FvW,Gera MX,76,4175424
5KNNVgR6LBIABRIomyCwKJ,Dermot Kennedy,74,1340512
5UIl2yxuQbC2rU8m9pN8mD,Mumu Fresh,35,17629
2NdeV5rLm47xAvogXrYhJX,Ciara,71,6143829
7anlf5DZSlq7ohLwu2nSHO,EBK Durkio,28,42
4pnp4w9g30yLfVIAFnZMRd,ACRAZE,68,92067
1uNFoZAHBGtllmzznpCI3s,Justin Bieber,89,71856087
4QzrhxZWtXfuW6rZATPTE7,Aaron Moses,51,4788
7qj3R7pI5z0H1AxH5X4oK8,Streaming Waves,51,391
5qVVvbyUOpNdgTGvNxzcMW,Ciscaux,60,43530
4q3ewBCX7sLwd24euuV69X,Bad Bunny,97,69029757
5423qBaPPRptI9nyINCSJB,Lexnour,48,21379
5ZS223C6JyBfXasXxrRqOk,Jhené Aiko,77,6451454
7pwufEBGfggjoI8twqlsmQ,Nessa Barrett,69,1040208
7DkseLyOZrdRjCuoWFtqFi,Edicion Especial,69,846287
23fqKkggKUBHNkbKtXEls4,Kygo,80,8352877
2jku7tDXc6XoB6MO2hFuqg,Tory Lanez,80,5485500
0Y5tJX1MQlPlqiwlOH1tJY,Travis Scott,90,22419132
7GcVOOrldYLwxGrCkELOno,Rebzyyx,63,296319
3nFkdlSjzX9mRTtwJOzDYB,JAY-Z,84,8355572
4frXpPxQQZwbCu3eTGnZEw,Thundercat,74,1111139
5A7T1LAGJg5NXySBoIKUmF,che,52,36817
3Y2MLcrD3ZQXRXmtn4fZQx,SpotemGottem,56,446582
0Y6dVaC9DZtPNH4591M42W,TV Girl,80,2441643
4utLUGcTvOJFr6aqIJtYWV,Skylar Grey,68,570094
2F3zBRfrDfm2FyNT0YKyAx,Sir Michael Rocks,43,97911
4PNHuWkk4ee6R8WEhFVPf5,NoCap,61,980067
5BnvoIO9j362IcN5NkZ9Tq,Monsooners,52,96
3b8QkneNDz4JHKKKlLgYZg,Florida Georgia Line,76,5238700
22vqVhfPJab5kkU9txDGX3,Q,61,188473
1gW6pz5n1aK249L0GvfQCC,Grupo Marca Registrada,81,2622071
07YZf4WDAMNwqr4jfgOZ8y,Jason Derulo,79,11822509
7DQYAz99eM3Y5PkP9WtUew,Jax,64,496542
3NSLuwvLGsQD5x7VvYtHSv,MoneyMonk,23,698
0QxpMxqsFm9Jb7Y3GilEI8,Dale Brisby,28,125
3XxNRirzbjfLdDli06zMaB,Eyedress,72,1223946
6kPf6aO5cAHU2RJUDN1UUy,Beto Sierra,62,19372
5iqStkZi6QmG8sgQZQrfGN,Danielle Bradbery,58,288422
25uiPmTg16RbhZWAqwLBy5,Charli XCX,75,2848872
0YinUQ50QDB7ZxSCLyQ40k,Mustard,73,1062008
6jGMq4yGs7aQzuGsMgVgZR,Lil Tjay,80,6546397
1ooV8YZC1KbpEcrmI8WH0F,Yebba,66,376331
3P2dL1jA3FykjGry2EcZEf,Billy B,51,9577
71szvmFWd7TUa7b6XmXj9k,Emmy Meli,55,158004
66ihevNkSYNzRAl44dx6jJ,Carin Leon,84,6309975
7EOpIcFOVG2PedJgVbCHJ2,Alta Elegancia,57,75075
34MOUjKckIlnFA01P0Vxeo,Scott Redmond,53,287
1aMt4A5jrQHxDYyC7rXgV0,Pol Granch,65,240157
5mgqYTU6dhKlEdi7DOy4uU,Alberto Stylee,50,372581
7FGjkq9WfrRmBFL64ST0p9,KillBunk,57,63501
02kJSzxNuaWGqwubyUba0Z,G-Eazy,75,5165121
4RddZ3iHvSpGV4dvATac9X,Papa Roach,72,4751020
3DGqw6myxiAk2rMnPQaDdX,Ikey,10,16
3HkwYBXLxmRKfWOkaknVQ7,Sleepy Mood,56,323
7E2ioKxoxI2J94tUkIx6As,Alex Isley,58,145445
6C1ohJrd5VydigQtaGy5Wa,Joyner Lucas,71,2027291
4TshyQDihSYXSWqvclXl3I,Parmalee,63,206120
5PHYg0IcnpyZJ1y9euAx4i,YTB Trench,38,12777
6rMZyhoEZxy9PXzp8ptuqd,D'mari Harris,40,1931
0eRbECAGCLLiTyVXPBRexU,Jon Batiste,60,311553
246dkjvS1zLTtiykXe5h60,Post Malone,89,40583301
5QdEbQJ3ylBnc3gsIASAT5,G Herbo,71,1799126
7kplJl06UmldxLKseURAYi,Warren Zeiders,66,381404
6vHBuUxrcpn1do5UaEJ7g6,Domo Genesis,60,315474
45TgXXqMDdF8BkjA83OM7z,Rod Wave,78,4798990
5WC6EbIrTO76x30w5LtzS6,Lily Meola,54,103983
07VEWoJqUqui0E5o0AiuX0,Vuugi P,14,2
0my6Pg4I28dVcZLSpAkqhv,El Fantasma,73,5655967
09KZU0NsS7jRa5p0SflmGY,Philharmonia Orchestra,62,61667
6xFrZbce9KH5APjBe4QVNa,Da$H,44,32868
0knGpCTbmG4ctl1wzYRZs4,Dijon,59,289725
40ZNYROS4zLfyyBSs2PGe2,Zach Bryan,83,1422773
5hKGLu4Ik88FzWcTPhWNTN,INTERWORLD,76,266983
1QfpRUtH14JLoY6F6AYmwt,The Rare Occasions,65,227844
5gCRApTajqwbnHHPbr2Fpi,Juicy J,74,3057871
65jIUih0ZeTUJhSTRuYxpi,Omy de Oro,57,254431
66CXWjxzNUsdJxJ2JdwvnR,Ariana Grande,90,90315669
1R4jDezcLcFxrJ9PHNrbG0,DaBoii,55,202928
0VNdJEOx6iLqj5ih4dAMNT,ZigBayGayRaps,16,129
7gW0r5CkdEUMm42w9XpyZO,Laufey,70,669067
111WEufNVhB1lRCVHAqEve,José Mejía,57,102761
2KAaJOwfu8n93byx6YPRPa,Scarlett Johansson,57,192083
0vdfJvybF4QD1rzkHYqp6Q,Ned LeDoux,36,20188
4DdkRBBYG6Yk9Ka8tdJ9BW,Offset,78,2752871
4O15NlyKLIASxsJ0PrXPfz,Lil Uzi Vert,86,15070529
1EnZjgGD81emhSdq6adEKt,GRAVECHILL,58,30157
4lhUHpVOXmkEBGGHV71QCh,Chance Peña,66,92920
21dVknSLCsK37cWozWDZZS,Matt Sassari,67,44122
27plYDXNJSOD084j39Lmlj,Palomo,59,1133290
4EPJlUEBy49EX1wuFOvtjK,Becky Hill,75,627038
6WY7D3jk8zTrHtmkqqo5GI,Maren Morris,72,735873
3pc0bOVB5whxmD50W79wwO,keshi,79,2579453
2tIP7SsRs7vjIcLrU85W8J,The Kid LAROI,81,4544959
66W9LaWS0DPdL7Sz8iYGYe,JP Saxe,67,429284
2WXYTbQLAhC8jhJLsw5nIi,Damon Elbert,24,1191
2Ju0kEPJxYUo0XM2PNUGeL,Jarina De Marco,44,14366
35WVTyRnKAoaGExqgktVyb,Hotel Ugly,75,288378
540vIaP2JwjQb9dm3aArA4,DJ Snake,78,8501091
54R6Y0I7jGUCveDTtI21nb,Boney M.,70,1664669
56gMovAlFdnmrDk2BcfUlJ,Rx Papi,54,40685
1apmSb6aeHZyr9zUsy1Z9q,VaVa,38,60098
2JSwnwAT1BupAQkhqcRCUw,Sada Baby,57,457395
3IaKn0ExWTMPqa0mscUYw3,Only The Family,62,335996
6ubJLRTVzomuWIScbguoSY,Grupo Diez 4tro,57,345400
28gNT5KBp7IjEOQoevXf9N,Camilo,79,17796812
1xbu7UyVdZxwIiNfLcUKqn,Paul Cherry,38,34695
4NpFxQe2UvRCAjto3JqlSl,Greta Van Fleet,70,2322391
4NEQrC4AlByMUOmOp9H5hZ,Julián Mercado,55,334236
7cVZApDoQZpS447nHTsNqu,LeeHi,66,1498012
6W32hq7OVgrNXNCEU4RgfD,Tamae,50,2511
6NwdT3GPUajFQ9IvBYe0cu,K. Roosevelt,36,15834
2WzaAvm2bBCf4pEhyuDgCY,Ruth B.,75,2869047
1SwmXTElW9TlkK2Rydgb4D,PlayaPhonk,63,259360
39af15p0feaAOdL9DTRj3m,JT,56,11170
4e9TBaTlI3LVQz3tkTYC0I,Hailey Whitters,57,52244
2VDsDEKCdNm7c7Ve43Z9gw,Clare Dunn,36,43530
1glBi4zyzqaSQoy8ReU0rz,Grupo Los de la O,69,705237
6T4tcUkLcppayRBkcjXR0V,Ketchy the Great,39,13676
7J2iS8AJGjC7om2vgBXdDJ,Cl4pers,53,65384
12j6dJrPXanCBwY599pZxf,Matt Maltese,68,351944
1cNDP5yjU5vjeR8qMf4grg,YNW Melly,73,8812953
1PKErrAhYFdfrDymGHRQRo,Nathan Evans,64,323083
64tJ2EAv1R6UaZqc4iOCyj,YOASOBI,79,5435984
6MPCFvOQv5cIGfw3jODMF0,Internet Money,71,716834
0JJPGXLFoZ9iBaCPfEPIBM,Joel Figueroa,23,7
1qto4hHid1P71emI6Fd8xi,Aventura,78,7159310
2QWIScpFDNxmS6ZEMIUvgm,Julieta Venegas,74,1974416
0XeEobZplHxzM9QzFQWLiR,Eslabon Armado,86,3975865
6x2LnllRG5uGarZMsD4iO8,Thomas Rhett,74,4493129
3Rx4PJ7SP6unkOk5elPUK7,Money Man,68,521519
6oqHT4S7trO98T8NkbQJ4h,dyl dion,52,18346
3R6Kbe18UcjsGkBGWElC51,Los Austeros De Durango,56,435654
568Mijeve4yb7rwe9EYDSn,Grupo Primer Proyecto,7,2
1Zkxm1dM3HI3QkTmxUEVQA,Los Gemelos De Sinaloa,68,476041
4Uc8Dsxct0oMqx0P6i60ea,Conan Gray,80,7949364
6V2Aq0SAFhFdZjwcrtcKkN,Max B.,14,71
58r1rB5t3VF5X6yXGPequV,Maverick City Music,70,1121084
1mcTU81TzQhprhouKaTkpq,Rauw Alejandro,90,16717531
0iDx4sYtJ0FfXi5tdGGXTA,Drip-Drop,54,202
6QgOGgahvXBHEEzpjbDsOj,Sanctus Real,58,305910
6wDDxmc6DCL53dpL6uMjqM,Wassup Rocker,51,25784
3UjPnt2nRmw10N58bBeNOg,Xavier Omär,54,395693
5JMLG56F1X5mFmWNmS0iAp,Chelsea Cutler,68,649705
6cK3NBO6uP7hh0oyuVELFl,Saweetie,71,1785852
7AI9yB4mqXc2h9fONnHgqA,herhexx,36,170
5K0rbdBrs2tNXe5LeWMATT,Bootsy Collins,69,371095
7MbxdnkfBJ2STy1K8VzbzJ,The Frequency Shifters,55,297
1Hsdzj7Dlq2I7tHP7501T4,Niall Horan,78,9461841
6RHTUrRF63xao58xh9FXYJ,IVE,79,2126036
4exLIFE8sISLr28sqG1qNX,Travis Barker,71,418935
5L15t6I0PQS9SBXbiklPEN,Summrs,63,262227
5W5bDNCqJ1jbCgTxDD0Cb3,Willie Nelson,72,1941786
4uUHXzdIW2IXKy362FjGMB,Phlaque The Grimstress,15,35
1ybINI1qPiFbwDXamRtwxD,Smino,69,797557
5g63iWaMJ2UrkZMkCC8dMi,Lil Tracy,71,644658
181bsRPaVXVlUKXrxwZfHK,Megan Thee Stallion,78,7682516
6jdXzmcf0crcLQOkn58oLQ,Liquid Planet Recordings,52,217
1JeY1HkXL8bR7ljheqDrMv,Timo,30,9214
3Wb38LDP3N4tkobValgE9D,Juanka,67,737608
5K4W6rqBFWDnAN6FQUkS6x,Kanye West,90,20047954
4sTQVOfp9vEMCemLw50sbu,Galantis,73,3356599
5rkVyNGXEgeUqKkB5ccK83,Ashanti,71,2716394
6PvvGcCY2XtUcSRld1Wilr,Silk Sonic,73,805536
1MXZ0hsGic96dWRDKwAwdr,Tyla Yaweh,60,509423
51Blml2LZPmy7TTiAg47vQ,U2,78,11071379
44vREmJC0OlVZjZaGLqVEd,Morray,64,212147
11662aaOqDYv2EBHSxJPJV,Drivotra,52,274
3ppQEG71r7jVpI8RudzycF,OHGEESY,68,220860
3win9vGIxFfBRag9S63wwf,Bailey Zimmerman,75,483492
1DxLCyH42yaHKGK3cl5bvG,Maria Becerra,81,4105477
53rBi3LpNcMJUTSANS6uYT,DAISY WORLD,51,9646
12GqGscKJx3aE4t07u7eVZ,Peso Pluma,94,3215550
3PyJHH2wyfQK3WZrk9rpmP,Ashnikko,71,1943114
1bgpRrszIfYOXgzXcR02jP,Pacific Rain,51,339
1xgl9yxqIVq8PEEMai38uV,tana,60,297387
2J6pigOrBmKQgqJUY5UM7r,Matt OX,60,300283
4yiQZ8tQPux8cPriYMWUFP,Gwen Stefani,73,5991409
4LEiUm1SRbFMgfqnQTwUbQ,Bon Iver,75,3413141
4jogXSSvlyMkODGSZ2wc2P,Calibre 50,76,10048276
3crnzLy8R4lVwaigKEOz7V,E-40,68,832109
2S2mt1DiA4QKdKvtqwxrbB,Jackboy,55,451763
3KV3p5EY4AvKxOlhGHORLg,Jeremih,74,6315890
62F9BiUmjqeXbBztCwiX1U,Lil Darkie,71,1413803
4W2brXZKxOJkvYWr8PReXh,AiritOut JuJu,8,4
3NPpFNZtSTHheNBaWC82rB,X Ambassadors,73,2866551
5aHIAHzgbBmsyz8iBvpRc8,El Choforo,38,9
4A4qYy2jK9DDN1OHV0nLkH,Código FN,64,725630
329e4yvIujISKGKz1BZZbO,Farruko,84,15074672
7J0hrNYCO5DgAx0XaRJqkh,Yung Kayo,45,25229
0aKS1m1pFD0WwcYo6P02HU,YungLiV,40,9019
44mEtidu0VdRkIqO4IbkNa,Marca MP,72,1770296
3EIX8WuD9ybB4ruz0MSilB,Lil Gnar,58,554513
758sHPdw5FpB5ZM8f5MpXe,Maxo,48,33503
37czgDRfGMvgRiUKHvnnhj,Öwnboss,67,66831
2WgfkM8S11vg4kxLgDY3F5,StarBoi3,52,27367
0T5OJgMVjKIX3b3W3ekqOl,Rocko,48,541493
7vp0b6TMlF5PF9eIeSzadf,Erick B,50,39238
3Fl1V19tmjt57oBdxXKAjJ,Blueface,68,6047891
5TcnuUD5MHBfd1cO4kweWD,Alex Favela,53,8386
6tPHARSq45lQ8BSALCfkFC,Lainey Wilson,71,234163
1A9o3Ljt67pFZ89YtPPL5X,Snoh Aalegra,66,999212
2sG4zTOLvjKG1PSoOyf5Ej,Brandi Carlile,66,737965
63GIj2yhFvX1Bzphb9JgVb,Fenix Flexin,64,88188
4r63FhuTkUYltbVAg5TQnk,DaBaby,82,10797001
1vyhD5VmyZ7KMfW5gqLgo5,J Balvin,87,37181114
46MWeeHNVMYRIIofQBEX98,BEAM,61,58687
3QJUFtGBGL05vo0kCJZsmT,salem ilese,65,308932
4sb7rZNN93BSS6Gqgepo4v,Too $hort,64,1418603
2vjeuQwzSP5ErC1S41gONX,CHANMINA,62,597932
61GrWHOtJOXpqQjibezT8i,HVN,37,8011
0u2FHSq3ln94y5Q57xazwf,Keith Urban,71,5116018
7gOdHgIoIKoe4i9Tta6qdD,Jonas Brothers,78,6961978
23DYJsw4uSCguIqiTIDtcN,Southside,63,84422
2cFrymmkijnjDg9SS92EPM,blackbear,77,4858061
3K40SMapVhc8PxyYFofHff,Corbin,52,126288
5Dl3HXZjG6ZOWT5cV375lk,Yo-Yo Ma,67,563796
3zZ88AwlTwfCJkowsFCvLA,Babyface Ray,65,190009
4xFUf1FHVy696Q1JQZMTRj,Carrie Underwood,72,5745653
0ErzCpIMyLcjPiwT4elrtZ,NLE Choppa,81,6153597
15ZjD8Gus20Miqw3fdOaXX,Stunna Gambino,53,85643
2ZKzqJz3pPfWKVRgz9b39j,Ilsey,48,3601
1HD6q5dxREv64GOc3H7vBs,Maestro Chives,62,7479
5cj0lLjcoR7YOSnhnX0Po5,Doja Cat,86,25373807
4vg4AC4wgDKwGNV1xemLr1,DSCOSTU,39,376
77SW9BnxLY8rJ0RciFqkHh,The Neighbourhood,83,12424720
3tlXnStJ1fFhdScmQeLpuG,Brent Faiyaz,83,3833141
2ledyuziz6YjLK5Dw483Oc,DJ Paul,59,99854
0OEYE03fBF2VoTBxGuaUxL,Chri$tian Gate$,64,214011
1xr2G8Hlx4QWmT9HaUbmoO,Young Stoner Life,64,111421
1pQWsZQehhS4wavwh7Fnxd,Lenny Tavárez,78,2169800
1yI0tX9OnfOx9siPj8KNOO,Ralfy the Plug,52,44508
3z2IySIVkUy23tiLxLy4Wh,Fatboy SSE,30,18165
2kucQ9jQwuD8jWdtR9Ef38,Sam Hunt,72,2289628
1CbA4z6JauNQnHzOErDQL6,Luci4,65,192753
48scskxHFIigHFEvAiNVb1,Shara Nova,21,1318
6zA19zdA3bkCzHnAfcwFag,Distantic,51,124
6USv9qhCn6zfxlBQIYJ9qs,Dominic Fike,74,1086536
2ElMqlv5py0QFIVXUff627,KSLV Noh,68,310042
7gXy60xRcwYujBFoYHnR2O,Big Red Machine,55,146894
5olrQpDroHT7sjmYWMLivy,Pressa,54,114998
3jAZsSIIA8HLjxR99biJyx,Cico P,47,22175
0xbFeNL2mGn3piQX1Xpsf4,Emily Rohm,47,3226
5XKFrudbV4IiuE5WuTPRmT,Stephen Sanchez,79,627989
7HjGPPtdNuHcK8crc7iNkn,Ian Munsick,65,140934
0z7Yuv7DuDQ5SaVn4VSlLt,Lisa Hannigan,54,177139
6OMeWwhQYqKka22e4zSnur,Surge,27,6222
6Xgp2XMz1fhVYe7i6yNAax,Trippie Redd,81,8665759
1bAftSH8umNcGZ0uyV7LMg,Duki,83,8533318
2AMeiDbfU2vonrTkpXDKUu,Kay Flock,68,491690
1whQB3WyMZqY9Era5Ozn6J,Diggy SW,33,84
3j0NWNepdxwMo3NXEnhcol,Tiffany Tatreau,44,1481
5tQMB0cuNXdCtzovGt55uD,LUCKI,74,457293
4rTv3Ejc7hKMtmoBOK1B4T,Ali Gatie,69,2042821
1yDI9pWnlrJmi9kZn3gkCb,John Paul White,57,33870
0KuF7reCTOZwV7YJnHQqgr,The Neptunes,59,79882
4QAp87iZerUP9PKxtLhmW1,Oliver Nelson,54,31045
36lCD1wpgG2iZFY57owCNi,Bleed The Wicked Menace,56,9522
2IMZYfNi21MGqxopj9fWx8,Rels B,82,5115210
67ZcPnEGiAlCx2O3sQarWV,Alexandra Kay,53,150590
4TCXgdDPm10ensLNCVnIYa,Joy Williams,59,113658
2L0WmgzvOHv3xAbc3NY3K6,pluvia,56,654
4EVpmkEwrLYEg6jIsiPMIb,Fleet Foxes,64,1276541
3A5tHz1SfngyOZM2gItYKu,Earl Sweatshirt,69,2007939
3UX8alMeNzw4otaIf0tOcc,Sing 2 Cast,40,5483
3tJoFztHeIJkJWMrx0td2f,Moneybagg Yo,76,3672582
47MpMsUfWtgyIIBEFOr4FE,Lunay,71,8356754
1u6AXgo5qmg0tfY8rDP18Z,Juliito,47,99204
1SjoiuYpn7l6bt178gNto7,Leesta,19,994
3Ps6le7tj5BdNtdnfNgTU4,6 Dogs,51,291044
2L9DVKDXY3W8uRl5TwLbMC,Colby Acuff,52,30277
3hcs9uc56yIGFCSy9leWe7,Lil Durk,83,5524440
31W5EY0aAly4Qieq6OFu6I,A Boogie Wit da Hoodie,82,7393657
5Pr8c5tFEnvRsDiLddXCe0,Ju Banga,17,12
4Q6nIcaBED8qUel8bBx6Cr,Jax Jones,74,1111735
6SFUC6ORDCIBqPssCBpeHT,Patty Loveless,53,406731
7jDblfQQLFAZCKXFfoGZ9Q,Jay Worthy,54,31861
7guDJrEfX3qb6FEbdPA5qi,Stevie Wonder,76,6107140
4uhtwfPIUNW1qmL13rzZmF,Christian Camilo Peña,25,49
6Iz3eq2aQGFf7TbGT2iahL,Gabby Barrett,63,267742
38wxcfNEqMwuPniHvplin5,Neoni,68,224617
1Ud8vW7qmJ1eQpLUFJfne7,Tes X,24,4046
6tt0iYnpHERj05WATWRiom,Bantu,46,20083
3WGpXCj9YhhfX11TToZcXP,Troye Sivan,74,7612966
1UyzP6admqk7jIIgedlD4B,Little Circuits,51,573
6qxpnaukVayrQn6ViNvu9I,BigXthaPlug,67,111168
4gzpq5DPGxSnKTe4SA8HAU,Coldplay,89,44068819
3kft86DbqCNr7rjq3pEj0G,Sarah Cothran,58,273587
6QmSTo72BYMATkQVOV1axD,Kaitlin Butts,52,28677
6AMd49uBDJfhf30Ak2QR5s,Coi Leray,79,561082
1TA5sGRlKUJXBN4ZyJuDIX,Blessd,76,2056030
5he5w2lnU9x7JFhnwcekXX,Skrillex,78,8174813
3CAhiUHkUYT1mFtVHM9SHA,Valentín Elizalde,69,2878685
7dOvC6mtaZ6jvuReZwMkkM,AO Meally,19,7
3Z7sI9OvtPJDAtjrZQKIAE,Rick Flemm,53,215
7zVXfjqG8yM5gVp8WLab5s,Epiphonema,49,35
10exVja0key0uqUkk6LJRT,Vance Joy,76,2824035
7crPfGd2k81ekOoSqQKWWz,Stevie Nicks,66,1225900
2p1fiYHYiXz9qi0JJyxBzN,Skepta,73,1109569
718COspgdWOnwOFpJHRZHS,Luke Combs,86,8490167
2gpFIVZUCq1gf8RALTZaWj,Lucy Bennett,53,214
1Ts9of7VPZElwPQnqnDSfW,Lyanno,74,1038725
40LHVA5BTQp9RxHOQ9JPYj,Lauren Daigle,70,2395316
4ZAk3yVJdtf1CFnTiG08U3,Luna Li,57,92544
1GKIlPFdcewHtpDVCQ8zmJ,Brray,75,245429
6eJa3zG1QZLRB3xgRuyxbm,Dayglow,67,889250
3LZZPxNDGDFVSIPqf4JuEf,Ice Spice,82,1228500
3Edve4VIATi0OZngclQlkN,Dopamine,62,3571
6Ha4aES39QiVjR0L2lwuwq,Yo Gotti,66,4237048
0UntV1Bw2hk3fbRrm9eMP6,B.I,61,646199
53Gnd3lGlcL8ua9Yyu9xDP,Amanda Cook,55,115110
0mXTJETA4XUa12MmmXxZJh,Eddie Vedder,62,1496000
4mHSoO9E4E15Kpxb0brKBS,Boss Top,43,30809
0f5nVCcR06GX8Qikz0COtT,Omarion,64,2771555
5zctI4wO9XSKS8XwcnqEHk,Lil Mosey,70,5077497
3uJx5SnOM59Li7lCxA3b29,Lil Keed,60,912770
7matqk3epcmZaikm34GB3T,GAWNE,52,60587
3RtNN1VnooWEn3KQk03DUL,Noriel,74,7008266
4vdAAzZBUKbsrvHi6UR7B7,Jessica Darrow,57,17804
0u6GtibW46tFX7koQ6uNJZ,Topic,74,207738
3FfvYsEGaIb52QPXhg4DcH,Jason Aldean,74,6036811
6UBA15slIuadJ8h2lPRPos,Tech N9ne,69,2672863
1Lskvp8v0SE5vR9KR8Ymcb,Golde London,24,1234
26nStRV6Waedt17W4Uhx6l,John Leguizamo,47,3618
3pIwImfumJioKb0zHHP61x,Joe P,51,105895
3AA28KZvwAUcZuOKwyblJQ,Gorillaz,82,10430964
35jCvzv4P88FtaqOVXezKk,Mac J,43,17558
7kjqkL4lIUyxO4HLzpRYo9,99zed,56,17472
7qmLUka1qXXjTqoYxQD9dY,Ballgreezy,7,77
0doHBzLLsQPvw51PMryi0k,SaysoTheMac,47,19404
6l3HvQ5sa6mXTsMTB19rO5,J. Cole,87,20093571
2RDOrhPqAM4jzTRCEb19qX,Sheck Wes,65,1439409
2jwC7uml6QVgLBfx1Hbtek,Memo Boy,56,167457
7502fDxg339jvGV08Jd4R0,Jasiah,62,352582
0ynzbXwyCzxicMKHBoOkSH,EKKSTACY,66,163039
3gBZUcNeVumkeeJ19CY2sX,Ken Carson,71,485019
0OpXeanba0vYnyoft00BP6,Polo Gonzalez,67,461670
0C86lmpnwiyLDUiyo4d0P1,BRELAND,61,82339
0B3kMiB21aPQlKumGDr4c7,Veeze,58,50921
2R21vXR83lH98kGeO99Y66,Anuel AA,89,28995926
1kmyK4B8GpPz1nHI2MvOSO,ANH,40,5113
2kCcBybjl3SAtIcwdWpUe3,Lil Peep,83,10064075
26cMerAxjx9GedFt0lMDjm,Bella Poarch,65,1044608
7o96HO2zrujyATtVsqGhh3,Goth Babe,64,260443
0Njy6yR9LykNKYg9yE23QN,Nardo Wick,72,671547
4DW34vji6G9GgGY0k2mic7,Chad Smith,49,2894
3TyeX0lk4B7k56ukfzEE0z,Tenille Townes,53,138648
4l1ovhN5c3t3b7G6KQcXHE,OT7 Quanny,35,4608
4UrIphY7uGLwD0rRd6NIi9,Lambo4oe,61,12183
1m7LSAMIB1BErIHYSOn32W,DJ Scheme,64,243568
5wbYyVxcU8ALnE6GVbhuXK,Thf Zoo,36,2718
4L2dV3zY7RmkeiNO035Fi0,Mufasa & Hypeman,62,11100
6y7frW1RUq3XBBXbYowVpk,Chandler Moore,65,200263
0nk8VCkEQRQfvd6xoknxfo,Navé Monjo,35,2373
5huyg7SMILhRUxe3KHoJiA,Nyce,42,476
1vaQ6v3pOFxAIrFoPrAcom,Ari Lennox,65,646102
31TPClRtHm23RisEBtV3X7,Justin Timberlake,80,12889550
0XFgyr4jwM0MGeZZW0VzA5,DVRST,71,336624
6AUl0ykLLpvTktob97x9hO,Tee Grizzley,68,3349702
6DgP9otnZw5z6daOntINxp,Joel Corry,75,345591
6Vy1VMVCyTgbcmA1iz0QFg,Eli Fross,55,107859
6XoXNsXj8wck0oVUNwxcmF,MIA GLADSTONE,45,24874
1fux65HMCBvfJHqlBc4Nno,Casper Magico,69,2218496
2kWeFaiHBskk8oqky3KHcR,Nikki Lane,49,65679
6eYFryfcEu3QSq59D62wZQ,Brendon Urie,63,103410
4HzKw8XcD0piJmDrrPRCYk,Majid Jordan,67,868169
6DDdZ3Ezd3Sd2q5yf3z6vJ,Shao Dow,44,16032
0XwVARXT135rw8lyw1EeWP,Christian Nodal,82,13297242
4R73B1y3eqdD0D9JkuFyFH,Boonie,13,114
2kRfqPViCqYdSGhYSM9R0Q,Madison Beer,72,5708741
