artist_id,artist_name,artist_popularity,artist_genres,artist_followers
6RHTUrRF63xao58xh9FXYJ,IVE,79,"['k-pop', 'k-pop girl group']",2131253
7dOvC6mtaZ6jvuReZwMkkM,AO Meally,19,[],7
3jK9MiCrA42lLAdMGUZpwa,Anderson .Paak,78,"['escape room', 'hip hop', 'indie soul', 'neo soul']",2345238
37BIBvfliXJpSgn10yQUJM,Mr. Naisgai,58,[],2277
0mA4dkNGiN4fqTBi2SLlAv,Edgardo Nuñez,73,"['corrido', 'corridos tumbados', 'sad sierreno', 'sierreno']",545986
568Mijeve4yb7rwe9EYDSn,Grupo Primer Proyecto,7,[],2
3HShZ9OYr5GdhHI8DU9Yzy,Duvy,49,['canadian hip hop'],23077
4IVAbR2w4JJNJDDRFP3E83,6LACK,76,"['atl hip hop', 'melodic rap', 'r&b', 'rap', 'trap']",4214626
0lAWpj5szCSwM4rUMHYmrr,Måneskin,81,"['indie rock italiano', 'italian pop', 'pop']",7321669
4o6dCIkmONTJL0ByDDUNYd,Mind’s Eye,51,[],27781
0EBQs3FuhHrwUixSsKI2Dn,Zkeircrow,15,[],40
4axKuDPr6WKcDCyh8vueTY,Luar La L,69,"['trap latino', 'urbano latino']",295935
246dkjvS1zLTtiykXe5h60,Post Malone,89,"['dfw rap', 'melodic rap', 'pop', 'rap']",40596569
1EnZjgGD81emhSdq6adEKt,GRAVECHILL,58,"['chill phonk', 'drift phonk']",30190
2L9DVKDXY3W8uRl5TwLbMC,Colby Acuff,52,['modern country pop'],30329
6IiZemRMna678qNhiRkYI5,Bedouine,45,"['chamber folk', 'chamber pop', 'indie folk']",85406
5SXuuuRpukkTvsLuUknva1,Baby Keem,79,['rap'],1473687
3e7awlrlDSwF3iM0WBjGMp,Little Mix,76,"['girl group', 'pop', 'talent show', 'uk pop']",11381588
6AMd49uBDJfhf30Ak2QR5s,Coi Leray,79,"['new jersey underground rap', 'trap queen']",561463
4JU62Q03lowoifgSp6ffuU,Seuss Mace,27,[],3186
5g63iWaMJ2UrkZMkCC8dMi,Lil Tracy,71,"['cloud rap', 'melodic rap']",644927
0XeEobZplHxzM9QzFQWLiR,Eslabon Armado,86,"['corrido', 'corridos tumbados', 'nueva musica mexicana', 'sad sierreno', 'sierreno']",3983319
3YCKuqpv9nCsIhJ2v8SMix,Elevation Worship,73,"['ccm', 'christian music', 'worship']",2355165
0y33MPw94ln3pVCaRYAfE8,Syko Bob,26,[],4725
4qUoZ6ErhTYFhAI0W1iI9q,Ezekiel,60,"['hyperpop', 'sigilkore', 'sped up']",97374
2L0WmgzvOHv3xAbc3NY3K6,pluvia,56,"['environmental', 'rain']",655
6eYFryfcEu3QSq59D62wZQ,Brendon Urie,63,[],103412
1ZbmerOthZbxz5eR3c9Mn1,Icewear Vezzo,57,"['detroit hip hop', 'detroit trap', 'florida drill', 'memphis hip hop']",156052
6tPHARSq45lQ8BSALCfkFC,Lainey Wilson,71,"['contemporary country', 'modern country pop']",234994
1r1uxoy19fzMxunt3ONAkG,Phoebe Bridgers,80,"['indie pop', 'la indie', 'pov: indie']",1740800
3StB6ddX8vfwCGVD9HlNUw,Take A Daytrip,43,[],15507
38epWdyauFwdRkldqUMfWE,Chucky73,58,"['trap dominicano', 'trap latino']",209175
3qqkHeEhezlIaNj1vFYH2r,spill tab,52,['modern indie pop'],74547
1skQAGBqxcg6PiiioSVtKp,Scary Light,7,[],47
6AUl0ykLLpvTktob97x9hO,Tee Grizzley,68,"['detroit hip hop', 'detroit trap', 'rap', 'southern hip hop', 'trap']",3350932
5D7x9esAF6twPxuOqSMkeO,Justin Morales,58,"['corrido', 'corridos tumbados', 'sierreno']",296634
3444S3C4U9Ts86BnCtSPRV,Treaty Oak Revival,55,['texas country'],20784
3kft86DbqCNr7rjq3pEj0G,Sarah Cothran,58,['gen z singer-songwriter'],273625
60JjUCBeLsuJ95WFvqFiFz,Dante Bowe,60,['ccm'],171240
6eJa3zG1QZLRB3xgRuyxbm,Dayglow,67,"['austindie', 'indie rock', 'pov: indie']",889549
2IDLDx25HU1nQMKde4n61a,Rich Brian,69,['indonesian hip hop'],2157350
0aOIluXr131XqrXFwFCFGT,Sevek,65,[],11284
1p6CdzJRoicjRcSdWoB9Qc,Mitchell Tenpenny,65,"['contemporary country', 'country road', 'heartland rock', 'modern country rock']",393639
2C32BFATM0fyN4FFTl3fHe,Royal Rain,51,['rain'],195
3j0NWNepdxwMo3NXEnhcol,Tiffany Tatreau,44,[],1484
6USv9qhCn6zfxlBQIYJ9qs,Dominic Fike,74,"['alternative pop rock', 'pov: indie']",1087457
0eRbECAGCLLiTyVXPBRexU,Jon Batiste,60,['new orleans jazz'],311648
4j2Nl10LgodE4eE60kwa72,Yo Baby,7,[],396
4lhUHpVOXmkEBGGHV71QCh,Chance Peña,66,[],92966
31t9hT68QYCDPWkkUVrQjY,Bravo the Bagchaser,53,['cali rap'],81837
0OO76E5lRfeyBI3fkA73Dr,siouxxie sixxsta,58,"['glitchcore', 'hyperpop', 'sped up']",180654
4pQxRQ2bUyVpk89wzztCLw,Los Del Limit,62,"['corrido', 'corridos tumbados', 'sad sierreno', 'sierreno']",615238
7tFehEdzjjoeiwUExR89qs,KANKAN,62,"['pluggnb', 'rage rap']",235689
4DW34vji6G9GgGY0k2mic7,Chad Smith,49,['rock drums'],2896
6TIYQ3jFPwQSRmorSezPxX,Machine Gun Kelly,78,"['ohio hip hop', 'pop rap']",5062474
3tJoFztHeIJkJWMrx0td2f,Moneybagg Yo,76,"['memphis hip hop', 'rap', 'southern hip hop', 'tennessee hip hop', 'trap']",3674789
3MdXrJWsbVzdn6fe5JYkSQ,Latto,72,['trap queen'],1034952
5cdrxr9s52oZCf78xOLa4R,Tee,48,[],2914
6wDDxmc6DCL53dpL6uMjqM,Wassup Rocker,51,['aesthetic rap'],25784
1Cs0zKBU1kc0i8ypK3B9ai,David Guetta,89,"['big room', 'dance pop', 'edm', 'pop', 'pop dance']",25990503
6kPf6aO5cAHU2RJUDN1UUy,Beto Sierra,62,[],19417
3ipn9JLAPI5GUEo4y4jcoi,Ludacris,76,"['atl hip hop', 'dance pop', 'dirty south rap', 'hip hop', 'old school atlanta hip hop', 'pop rap', 'rap', 'southern hip hop', 'trap']",2584035
5L15t6I0PQS9SBXbiklPEN,Summrs,63,"['glitchcore', 'plugg']",262516
15ZjD8Gus20Miqw3fdOaXX,Stunna Gambino,53,['nyc rap'],85695
15iVAtD3s3FsQR4w1v6M0P,Chief Keef,74,"['chicago bop', 'chicago drill', 'chicago rap', 'drill', 'hip hop', 'rap', 'trap']",3852916
22y08IZx7u6SWpsfap1Cub,Rio Romeo,57,"['pov: indie', 'weirdcore']",130664
5yy76ufVriyvidNSvXlRU1,Clever,60,['alabama rap'],72360
6dLuQ5qXxIuWc5urxfIiZR,Calle 24,69,"['corrido', 'corridos tumbados', 'sad sierreno', 'sierreno']",312871
7qmLUka1qXXjTqoYxQD9dY,Ballgreezy,7,[],77
3Y7RZ31TRPVadSFVy1o8os,H.E.R.,75,"['r&b', 'rap']",6345590
7MbxdnkfBJ2STy1K8VzbzJ,The Frequency Shifters,55,[],298
6C1ohJrd5VydigQtaGy5Wa,Joyner Lucas,71,"['boston hip hop', 'hip hop', 'pop rap', 'rap']",2027690
4fpwOzxFRMVGfd197dKIdY,Boldy James,63,"['alternative hip hop', 'boom bap', 'drumless hip hop']",135620
0z7Yuv7DuDQ5SaVn4VSlLt,Lisa Hannigan,54,"['irish rock', 'irish singer-songwriter']",177158
7rkW85dBwwrJtlHRDkJDAC,NAV,74,"['canadian hip hop', 'canadian trap', 'melodic rap', 'rap', 'toronto rap', 'trap']",3294956
1YhMWppPt9RVODKD1KCs7W,El Bebeto,63,"['banda', 'mariachi', 'musica mexicana', 'norteno', 'ranchera']",2245893
77SW9BnxLY8rJ0RciFqkHh,The Neighbourhood,83,"['modern alternative rock', 'modern rock', 'pop', 'pov: indie']",12432934
10I1X1Vygp2J6R4jP5gF10,Chris Bandi,40,['country pop'],26905
4QTUTpSoTX3n9uMvuvyQsy,Hope,42,['mgp'],2937
6Vy1VMVCyTgbcmA1iz0QFg,Eli Fross,55,['brooklyn drill'],107945
4TshyQDihSYXSWqvclXl3I,Parmalee,63,"['contemporary country', 'country road', 'modern country rock', 'modern uplift']",206180
5CiGnKThu5ctn9pBxv7DGa,benny blanco,72,['pop'],1048107
3uwAm6vQy7kWPS2bciKWx9,girl in red,74,"['alt z', 'bedroom pop', 'indie pop', 'norwegian indie', 'pop', 'pov: indie']",5974362
3gIRvgZssIb9aiirIg0nI3,Jeremy Zucker,72,"['alt z', 'electropop', 'pop']",2147664
6qW2MCeqjNlMwiLl0JPbuZ,framed,59,['sped up'],67680
0eDvMgVFoNV3TpwtrVCoTj,Pop Smoke,82,"['brooklyn drill', 'rap']",12468326
4Js9eYwAf9rypNtV8pNSw9,Petey Pablo,59,"['crunk', 'dirty south rap', 'north carolina hip hop', 'southern hip hop']",505950
5BozIJTTNCufaZpjhy2der,DJ Dahi,59,[],4913
4LWwYvKY3xAcMVHsLxaaPV,Lil Hank,24,[],115
44vREmJC0OlVZjZaGLqVEd,Morray,64,['pop rap'],212264
6nVcHLIgY5pE2YCl8ubca1,Jhayco,83,"['reggaeton', 'trap latino', 'urbano latino']",6009319
7xXZvo6uN6Zm1DBnoFzJIN,J King,28,[],439
4L2dV3zY7RmkeiNO035Fi0,Mufasa & Hypeman,62,[],11100
6lay1nwbE6hTx1jivysUAL,Princess Nokia,60,"['alternative r&b', 'escape room', 'lgbtq+ hip hop', 'trap queen']",586110
5pyVHz7lcfqKoV9BflFYwN,Jameson Rodgers,58,"['contemporary country', 'country pop', 'modern country pop', 'modern country rock']",68751
4tm8CEdm4pkQsEh4jIr9Yp,Santa Fe Klan,77,"['mexican hip hop', 'nueva musica mexicana']",7812274
1TA5sGRlKUJXBN4ZyJuDIX,Blessd,76,"['reggaeton', 'urbano latino']",2059953
6LuN9FCkKOj5PcnpouEgny,Khalid,85,"['pop', 'pop r&b']",15965136
65jIUih0ZeTUJhSTRuYxpi,Omy de Oro,57,"['trap latino', 'urbano latino']",254571
70voqwBevpJTrVCLt3gE0T,Ashten Ray,24,[],3781
6c10vP5GpwZ2j8CiuuWeS4,Choppa Wop,24,[],69
5y2Xq6xcjJb2jVM54GHK3t,John Legend,76,"['neo soul', 'pop', 'pop soul', 'urban contemporary']",6473602
3Ps6le7tj5BdNtdnfNgTU4,6 Dogs,51,"['cloud rap', 'dark trap', 'melodic rap', 'vapor trap']",291050
6JFaTYyfO9VRWnlC3ypYJh,YOUNGX777,59,[],9857
0a0yEq1JhXDqzMlxguFvv0,Lillian Castillo,45,[],638
7jDblfQQLFAZCKXFfoGZ9Q,Jay Worthy,54,['drumless hip hop'],31910
21J3YJTyq1biE3SvSNjzuf,Capleton,55,"['dancehall', 'lovers rock', 'reggae', 'roots reggae']",300565
1JeY1HkXL8bR7ljheqDrMv,Timo,30,['chicago drill'],9216
1nA3PfIG61TQDOhJPrdhgz,Kura,12,[],1
1Hsdzj7Dlq2I7tHP7501T4,Niall Horan,78,['pop'],9463907
49HlOY4gkHqsYG9GCuhkcc,Celeste,61,['british soul'],419757
1glBi4zyzqaSQoy8ReU0rz,Grupo Los de la O,69,"['corrido', 'corridos tumbados', 'norteno', 'sad sierreno']",707643
7z5WFjZAIYejWy0NI5lv4T,Dan + Shay,73,"['contemporary country', 'country', 'country road']",2933121
3U9GXkqHEgUlQw5rNQ6FV5,Nuely,7,[],184
5Dl3HXZjG6ZOWT5cV375lk,Yo-Yo Ma,67,"['chamber ensemble', 'classical cello', 'classical performance']",563882
3rROvEsUJJ9y55g1PLaA16,Robert Trujillo,48,[],5430
4bPiOPI4V99cepEftvBYak,Banda Los Recoditos,68,"['banda', 'musica mexicana', 'norteno']",4269943
66lH4jAE7pqPlOlzUKbwA0,Miranda Lambert,72,"['contemporary country', 'country', 'country dawn', 'country road']",3521436
04gDigrS5kc9YWfZHwBETP,Maroon 5,85,['pop'],40480877
0bBz5bRBkExaej2HxtVfCw,347aidan,68,['sad rap'],421468
5zctI4wO9XSKS8XwcnqEHk,Lil Mosey,70,"['melodic rap', 'rap conscient', 'vapor trap']",5078578
4fLI0k9CYGyFdyuJ3KeZUV,Stige,27,[],332
4tu8A7n5giy6WuJoLiu4Uf,Jah$tar,22,['philly rap'],1178
6aZyMrc4doVtZyKNilOmwu,Colbie Caillat,69,"['dance pop', 'neo mellow', 'pop']",2465798
5bSfBBCxY8QAk4Pifveisz,La Arrolladora Banda El Limón De Rene Camacho,74,"['banda', 'musica mexicana', 'norteno']",6031236
1Tp7C6LzxZe9Mix6rn4zbI,Wilderado,55,"['indie folk', 'stomp and holler']",92348
7anlf5DZSlq7ohLwu2nSHO,EBK Durkio,28,[],42
7riQPkkGZBnTh9ve5qIhYo,Mareux,67,['dark synthpop'],212527
3S0tlB4fE7ChxI2pWz8Xip,Giggs,61,"['grime', 'london rap', 'uk hip hop']",453496
4RddZ3iHvSpGV4dvATac9X,Papa Roach,72,"['alternative metal', 'nu metal', 'rap metal', 'rap rock', 'rock']",4752546
4mHSoO9E4E15Kpxb0brKBS,Boss Top,43,['chicago drill'],30840
59HbaJ5E8ud7FNLGqUN1KH,Capella Grey,56,['pop rap'],44077
1Cd373x8qzC7SNUg5IToqp,BoyWithUke,75,['sad rap'],3335643
7iK8PXO48WeuP03g8YR51W,Myke Towers,87,"['reggaeton', 'trap latino', 'urbano latino']",11214320
718COspgdWOnwOFpJHRZHS,Luke Combs,86,"['contemporary country', 'country']",8495239
360IAlyVv4PCEVjgyMZrxK,Miguel,81,['r&b'],4631842
6Xgp2XMz1fhVYe7i6yNAax,Trippie Redd,81,"['melodic rap', 'rap']",8668179
1SjoiuYpn7l6bt178gNto7,Leesta,19,[],994
2oWN3OXJUk1mh7CAhkJeqX,Thunder In Paradise,49,['rain'],128
53Gnd3lGlcL8ua9Yyu9xDP,Amanda Cook,55,"['canadian ccm', 'ccm', 'deep ccm', 'world worship']",115153
2XIbOWDT5vZPW7jNyzdfcK,Caskets,61,['metalcore'],92002
4DdkRBBYG6Yk9Ka8tdJ9BW,Offset,78,"['atl hip hop', 'rap', 'trap']",2754087
6MWr1SmTaCU5BJzOZxwJEw,Larry Fleet,60,['modern country pop'],79524
7501C4PyvqS1BWbmrYq3LF,mei ehara,40,['j-indie'],34688
71szvmFWd7TUa7b6XmXj9k,Emmy Meli,55,[],158020
3IaKn0ExWTMPqa0mscUYw3,Only The Family,62,['chicago rap'],336255
6W32hq7OVgrNXNCEU4RgfD,Tamae,50,[],2518
0f5nVCcR06GX8Qikz0COtT,Omarion,64,"['dance pop', 'hip pop', 'r&b', 'rap', 'southern hip hop', 'trap', 'urban contemporary']",2771981
40ZElxHldNyvn7x8WRC6fh,Pink Siifu,48,"['drumless hip hop', 'experimental hip hop']",50434
03NN8FAKofZU6phsfHLKPw,Chris Brown,56,[],5381
51Blml2LZPmy7TTiAg47vQ,U2,78,"['irish rock', 'permanent wave', 'rock']",11074771
16mcbsKWKfaPgtPLXACWC4,El Tiburon Mayor,23,[],444
5rkVyNGXEgeUqKkB5ccK83,Ashanti,71,"['dance pop', 'hip pop', 'r&b', 'urban contemporary']",2717214
0KKUc4amZyvswV2YL6WTar,Mariah Angeliq,65,"['rap latina', 'trap latino', 'urbano latino']",437422
4SOtk3HtPYKqxnVuxNBMti,Donovan Woods,56,"['canadian singer-songwriter', 'indie folk']",76891
6Y64EaNqpqcZYTgs4c76gF,jxdn,64,['pop punk'],975747
4xE3NbWDeC7BEIlzQIjG5H,Nature Recordings,53,"['rain', 'sound']",646
0ZMoJIyiDeIMJOqt7Pu74b,Brooke Maxwell,22,[],991
5LGo1zHegJTWzqVXgeNplt,Ryan Mack,64,['irish pop'],185261
3gfeKrOBLlmoaUXfGJzmS5,Austin Farwell,62,[],81414
0XFgyr4jwM0MGeZZW0VzA5,DVRST,71,"['chill phonk', 'drift phonk']",337082
3FLUBwpAnaIlIKeaBfsxFe,Kito,57,['electra'],32221
5PHYg0IcnpyZJ1y9euAx4i,YTB Trench,38,[],12782
5vBSrE1xujD2FXYRarbAXc,Years & Years,68,"['gauze pop', 'pop', 'tropical house', 'uk pop']",1958346
5J4lfhk7TjyGm6d3T0pqyV,OKENYO,20,['australian hip hop'],3549
01XYiBYaoMJcNhPokrg0l0,STAYC,67,"['k-pop', 'k-pop girl group']",1308284
04uu8U3I1h26Fp2NBkPTRZ,Sam Tompkins,59,[],157835
1E2AEtxaFaJtH0lO7kgNKw,Russell Dickerson,67,"['contemporary country', 'country', 'country road', 'modern country rock']",434667
2AMeiDbfU2vonrTkpXDKUu,Kay Flock,68,"['bronx drill', 'melodic drill', 'new york drill']",492652
0l6WgSoqo4UqeuXFKnTQRu,Aldo Trujillo,67,"['corrido', 'corridos tumbados', 'musica mexicana', 'norteno', 'nueva musica mexicana', 'sad sierreno', 'sierreno']",1375794
4dS6hv2OTUlUB6OkQGSIi3,The Ride the Cyclone World Premiere Cast Recording Ensemble,55,['broadway'],3823
1MAazf048soVcELWMYehho,Flows of Sleep,55,['rain'],305
1FX1BFU0DbHRYgKP83pA0d,JELEEL!,60,"['rage rap', 'rhode island rap']",134614
1bgpRrszIfYOXgzXcR02jP,Pacific Rain,51,['rain'],339
46MWeeHNVMYRIIofQBEX98,BEAM,61,['trap soul'],58693
7J0hrNYCO5DgAx0XaRJqkh,Yung Kayo,45,['rage rap'],25254
5huyg7SMILhRUxe3KHoJiA,Nyce,42,[],478
7guDJrEfX3qb6FEbdPA5qi,Stevie Wonder,76,"['motown', 'soul']",6108459
3wcj11K77LjEY1PkEazffa,Burna Boy,79,"['afrobeats', 'dancehall', 'nigerian hip hop', 'nigerian pop']",5511673
22wbnEMDvgVIAGdFeek6ET,Benson Boone,72,[],577798
3HkwYBXLxmRKfWOkaknVQ7,Sleepy Mood,56,['rain'],324
0m2Wc2gfNUWaAuBK7URPIJ,Bono,53,['hollywood'],48307
2jku7tDXc6XoB6MO2hFuqg,Tory Lanez,80,"['canadian hip hop', 'canadian trap', 'melodic rap', 'r&b', 'rap', 'toronto rap', 'trap']",5488781
53Ogdlq3YW29r02FV64tYH,Zinan,55,['rain'],349
3Edve4VIATi0OZngclQlkN,Dopamine,62,[],3571
6gpLXhxeNFNiz38dyNqJ1C,Manny Laurenko,44,[],1764
22vqVhfPJab5kkU9txDGX3,Q,61,['indie r&b'],188754
7KduBCxhfAMiQlhMOHL3IZ,Robb Bank$,47,"['cloud rap', 'dark trap', 'miami hip hop', 'underground hip hop', 'vapor trap']",208645
4dpARuHxo51G3z768sgnrY,Adele,86,"['british soul', 'pop', 'pop soul', 'uk pop']",48322969
7AO1qih2zQeI7WYTQxC5fQ,Tadoe,42,"['chicago rap', 'drill']",51620
6QMABvTzixnxzsLYyhqRxI,Majestic,64,['uk dance'],51553
5iqStkZi6QmG8sgQZQrfGN,Danielle Bradbery,58,"['contemporary country', 'country road']",288532
08GfvCW09pv2QP4y9sle2a,Sam Barber,65,['modern country pop'],79449
1LZEQNv7sE11VDY3SdxQeN,Bee Gees,77,"['disco', 'mellow gold', 'soft rock']",6795682
2KC9Qb60EaY0kW4eH68vr3,ITZY,72,"['k-pop', 'k-pop girl group']",5425373
5EvA844VMdq61U5M4Ds0Fk,Savasana,48,['sleep'],1207
4npEfmQ6YuiwW1GpUmaq3F,Ava Max,80,['pop'],5887176
59cqBxQEZqznhssRB9iivD,Justo B,46,[],961
2YXlVLKq3X3soXd2aXUtIT,JAMIE,52,['k-pop'],684797
18MFcGBHtyW0mU3ufcm0X1,Diane Guerrero,61,['movie tunes'],5724
3Fl1V19tmjt57oBdxXKAjJ,Blueface,68,"['cali rap', 'rap']",6050132
4r63FhuTkUYltbVAg5TQnk,DaBaby,82,"['hip hop', 'north carolina hip hop', 'rap']",10799410
73BLwSX6gsNeVzS7DgI4xe,grentperez,64,['bedroom r&b'],328996
6tt0iYnpHERj05WATWRiom,Bantu,46,['zimdancehall'],20039
4SsVbpTthjScTS7U2hmr1X,Arcángel,84,"['latin hip hop', 'reggaeton', 'trap latino', 'urbano latino']",10832103
34me8hAxavRmcDIwhxa3b7,Dent May,61,"['indie fuzzpop', 'mississippi indie']",32988
2SaIA1enj83vEmJikZdjQ3,Triathalon,42,['indie garage rock'],89352
65s98MYZ4xFpgKlUYS5XKw,Remble,56,['meme'],172965
6cK3NBO6uP7hh0oyuVELFl,Saweetie,71,"['cali rap', 'trap queen']",1786345
19ic9bjrTrZ3vWol0u3sSz,Illest Uminati,19,[],6
29gIYsdyccGoUc6qgkZeTK,SwaVay,48,"['atl hip hop', 'indie hip hop']",32009
54wmKAtAAWcMLCJYzmU5ih,Nick Kroll,54,['deep comedy'],6679
5Bw9kFNhy019e4IBCJZlzw,Jordana,55,['modern indie pop'],52302
24OnVX6EYwtu7P3jpMenPY,The Kount,46,"['canadian contemporary r&b', 'synth funk']",28438
3LZZPxNDGDFVSIPqf4JuEf,Ice Spice,82,['bronx drill'],1232568
70gP6Ry4Uo0Yx6uzPIdaiJ,Bas,67,"['queens hip hop', 'rap', 'sudanese hip hop', 'sudanese pop', 'underground hip hop']",501554
6q3p11nP1p80Ey6LrOOSed,Hit-Boy,59,['drumless hip hop'],68488
0GpuSge5ffZ053NhXxgQkV,Cardenales De Nuevo León,70,"['banda', 'musica mexicana', 'norteno']",1885065
4as3khXWaPjfkFdCA0JWMo,Jesse®,54,['modern alternative pop'],282864
5XKFrudbV4IiuE5WuTPRmT,Stephen Sanchez,79,['gen z singer-songwriter'],629962
5AUTN6tMncnOnYgJK1VM6K,Sam i,43,[],8032
3M1quhETLChtt9NHKVaajX,Quin Nfn,59,"['austin hip hop', 'memphis hip hop', 'southern hip hop']",341414
45dkTj5sMRSjrmBSBeiHym,Tate McRae,79,"['alt z', 'pop']",3505569
3BiSuYkUIQOABfwLoTIBus,J Dlux,20,[],853
1Ts9of7VPZElwPQnqnDSfW,Lyanno,74,"['reggaeton', 'trap boricua', 'trap latino', 'urbano latino']",1039787
1wZtkThiXbVNtj6hee6dz9,Wisin & Yandel,80,"['electro latino', 'reggaeton', 'trap latino', 'urbano latino']",6319650
2kxP07DLgs4xlWz8YHlvfh,NIKI,73,['indonesian r&b'],2505571
0VlR93v41JFZlo1tRAgy2A,Ballout,41,"['chicago bop', 'chicago rap', 'drill']",54645
4lWFMwElS8KKKjm3c4lybO,Krispy Life Kidd,13,[],5
2Dlvgi70UoJJicfKgoW5Vo,Grupo Recluta,67,"['corrido', 'musica mexicana', 'norteno', 'nueva musica mexicana']",800545
1WMwuNKzEFtU6pPkdtryYS,Kendo Kaponi,66,[],1064448
3DGqw6myxiAk2rMnPQaDdX,Ikey,10,[],16
2ElMqlv5py0QFIVXUff627,KSLV Noh,68,['drift phonk'],310254
5gCRApTajqwbnHHPbr2Fpi,Juicy J,74,"['crunk', 'memphis hip hop', 'pop rap', 'rap', 'southern hip hop', 'trap']",3058495
3PhoLpVuITZKcymswpck5b,Elton John,83,"['glam rock', 'mellow gold', 'piano rock', 'rock']",11536533
1iCnM8foFssWlPRLfAbIwo,Gigi Perez,52,[],29336
617MXEmWLSNoB6vgORRZmP,Steele 11,12,[],7
7pwufEBGfggjoI8twqlsmQ,Nessa Barrett,69,['social media pop'],1040750
4sIl4BTo9l9KqEi0Y3RE72,Carly Pearce,63,"['contemporary country', 'country', 'country road']",311752
1SwmXTElW9TlkK2Rydgb4D,PlayaPhonk,63,['drift phonk'],259422
13ubrt8QOOCPljQ2FL1Kca,A$AP Rocky,82,"['east coast hip hop', 'hip hop', 'rap', 'trap']",12227128
1OmJlIsNDkAVfdkmHbvQFM,Calma Interiore,53,[],1437
2Ggj5XNlIb4Lnbqe307FyB,Lola Brooke,61,['trap queen'],84735
4vdAAzZBUKbsrvHi6UR7B7,Jessica Darrow,57,['movie tunes'],17808
2J6pigOrBmKQgqJUY5UM7r,Matt OX,60,"['melodic rap', 'plugg', 'rage rap', 'vapor trap']",300345
06hC4FCcHy4f295XTV1qrF,Red Steagall,34,['cowboy western'],9150
1xgl9yxqIVq8PEEMai38uV,tana,60,"['bedroom r&b', 'hyperpop francais']",297565
6MPCFvOQv5cIGfw3jODMF0,Internet Money,71,['pop rap'],716914
35jCvzv4P88FtaqOVXezKk,Mac J,43,['cali rap'],17590
3hcs9uc56yIGFCSy9leWe7,Lil Durk,83,"['chicago drill', 'chicago rap', 'drill', 'hip hop', 'rap', 'trap']",5530429
1pQWsZQehhS4wavwh7Fnxd,Lenny Tavárez,78,"['reggaeton', 'trap argentino', 'trap latino', 'urbano latino']",2170672
2ICR2m4hOBPhaYiZB3rnLW,Sonder,69,[],624583
7FgfVur1vT0yQyKIi0feNB,FITZ,49,[],7310
4LEiUm1SRbFMgfqnQTwUbQ,Bon Iver,75,"['chamber pop', 'eau claire indie', 'indie folk', 'melancholia', 'modern rock']",3413539
2oX42qP5ineK3hrhBECLmj,Andy Grammer,70,"['neo mellow', 'post-teen pop']",1144125
7FNnA9vBm6EKceENgCGRMb,Anitta,79,"['funk pop', 'funk rj', 'pagode baiano', 'pop', 'pop nacional']",12819637
0T5OJgMVjKIX3b3W3ekqOl,Rocko,48,"['atl hip hop', 'dirty south rap', 'old school atlanta hip hop', 'trap']",541673
0EeQBlQJFiAfJeVN2vT9s0,Nipsey Hussle,70,"['conscious hip hop', 'gangster rap', 'hip hop', 'pop rap', 'rap', 'southern hip hop', 'trap']",3162584
5iyTbismzdvyjpjIuhKRvX,Foogiano,54,[],269665
50hkKRxo0g8Ck4JqlwoJr4,Cochren & Co.,58,['ccm'],41089
5GNSiWmGlKoycbxC8htQaH,Rain Recorders,51,"['rain', 'sleep', 'water']",1260
6EPlBSH2RSiettczlz7ihV,Sleepy Hallow,76,"['brooklyn drill', 'nyc rap']",1358377
0GG2cWaonE4JPrjcCCQ1EG,SG Lewis,64,"['indie soul', 'uk dance', 'vapor soul']",321669
5hkcGbdTv8nC62vVT7RJmZ,LDNE,59,"['corrido', 'corridos tumbados', 'nueva musica mexicana', 'sad sierreno', 'sierreno']",222468
4vhNDa5ycK0ST968ek7kRr,Carlos Vives,74,"['colombian pop', 'latin pop', 'vallenato']",5941422
1GzMtNyLiP1oM7yW0DyRhP,CYPARISS,56,"['anime phonk', 'chill phonk']",17589
59hLmB5DrdihCYtNeFeW1U,Glen Campbell,62,"['adult standards', 'arkansas country', 'classic country pop', 'folk rock', 'mellow gold', 'nashville sound', 'singer-songwriter', 'soft rock']",419604
7Gi6gjaWy3DxyilpF1a8Is,Junior H,89,"['corrido', 'corridos tumbados', 'musica mexicana', 'nueva musica mexicana', 'sad sierreno', 'sierreno']",7514966
2WzaAvm2bBCf4pEhyuDgCY,Ruth B.,75,"['alt z', 'canadian contemporary r&b', 'canadian pop', 'pop']",2870482
2oQX8QiMXOyuqbcZEFsZfm,El Alfa,77,"['dembow', 'rap dominicano', 'reggaeton', 'trap latino', 'urbano latino']",2854340
3FCYSWNVmpjTCiwzJwbMAC,lil aaron,47,"['cloud rap', 'emo rap']",133439
1pWm8RcyiWZehSnb38i4fM,Young Slo-Be,60,['cali rap'],70960
2P5sC9cVZDToPxyomzF1UH,Joey Bada$$,74,"['conscious hip hop', 'hip hop', 'rap']",3021604
0ys2OFYzWYB5hRDLCsBqxt,Fuerza Regida,87,"['corrido', 'corridos tumbados', 'norteno', 'nueva musica mexicana', 'sad sierreno', 'sierreno']",3205736
3EIX8WuD9ybB4ruz0MSilB,Lil Gnar,58,"['atl hip hop', 'melodic rap', 'vapor trap']",554718
2kCcBybjl3SAtIcwdWpUe3,Lil Peep,83,"['cloud rap', 'emo rap', 'lgbtq+ hip hop']",10068344
1U1el3k54VvEUzo3ybLPlM,Kali Uchis,86,['colombian pop'],4418897
7ptKmOHE9L97uI1uxCdZLB,Garrett Raff,31,[],513
0SSbTivuMrvdqgCt7ln6jD,ICON,54,"['reggaeton colombiano', 'urbano latino']",6876
57LYzLEk2LcFghVwuWbcuS,Summer Walker,80,['r&b'],4980920
09HxEXUwV0FkmZnBqrJfbM,Jimmy Humilde,42,"['corrido', 'corridos tumbados', 'sierreno']",27661
1u6AXgo5qmg0tfY8rDP18Z,Juliito,47,['urbano latino'],99250
4E2rKHVDssGJm2SCDOMMJB,Doechii,66,['alternative r&b'],240982
6jeg7JBX9J9097esK752iR,Smiley,55,"['canadian hip hop', 'toronto rap']",34523
7GcVOOrldYLwxGrCkELOno,Rebzyyx,63,"['hyperpop', 'pov: indie', 'sped up']",296680
0Y6dVaC9DZtPNH4591M42W,TV Girl,80,['pov: indie'],2448742
4NpFxQe2UvRCAjto3JqlSl,Greta Van Fleet,70,"['modern blues rock', 'modern hard rock', 'rock']",2323456
790FomKkXshlbRYZFtlgla,KAROL G,91,"['reggaeton', 'reggaeton colombiano', 'trap latino', 'urbano latino']",35190139
0NyMCdnVJnLRDItfh5cA7c,Jusblow600,40,['chicago drill'],2872
58DL2eZUimlqbb6FLJi09d,Lil Skrap 1090,46,[],585
2e3LzbZx1VP4wBNFCaxZVD,TheHxliday,45,[],75405
1i8SpTcr7yvPOmcqrbnVXY,Ozuna,88,"['puerto rican pop', 'reggaeton', 'trap latino', 'urbano latino']",36685758
2gBjLmx6zQnFGQJCAQpRgw,Nelly,75,"['dance pop', 'gangster rap', 'hip hop', 'pop rap', 'rap', 'st louis rap', 'urban contemporary']",2411402
0ZUyFEafMwocvApBjTXvdo,This Is The Kit,46,"['bristol indie', 'chamber pop', 'chamber psych', 'indie folk']",97224
6fWVd57NKTalqvmjRd2t8Z,24kGoldn,72,['cali rap'],2024375
2urobxol2zYHXOUJXDh8n4,Shady Moon,62,['aesthetic rap'],102477
1xr2G8Hlx4QWmT9HaUbmoO,Young Stoner Life,64,['pop rap'],111483
3UX8alMeNzw4otaIf0tOcc,Sing 2 Cast,40,[],5488
7gOdHgIoIKoe4i9Tta6qdD,Jonas Brothers,78,"['boy band', 'pop']",6964308
0fHeyixPnac66k5oBPclVW,Rainded,54,['rain'],115
1bdnGJxkbIIys5Jhk1T74v,Brandon Lake,67,['ccm'],245059
4mkjpWbFO45SyaHiM9GOVE,2KBABY,54,['kentucky hip hop'],389750
0sMAHzxguan2KpnKFZPW2d,Sadie Jean,62,['alt z'],144873
6GpFiBAVovOVJfK7OTWnxN,Falling into Pink,52,['white noise'],379
7wU4Xw4xqmBzfy2TIej8qa,Meryl Stream,51,['rain'],71
4Uc8Dsxct0oMqx0P6i60ea,Conan Gray,80,"['bedroom pop', 'pop', 'pov: indie']",7952751
0ErzCpIMyLcjPiwT4elrtZ,NLE Choppa,81,"['memphis hip hop', 'rap']",6157282
15UsOTVnJzReFVN1VCnxy4,XXXTENTACION,86,"['emo rap', 'miami hip hop']",41570694
3z2IySIVkUy23tiLxLy4Wh,Fatboy SSE,30,['new jersey rap'],18167
6fOMl44jA4Sp5b9PpYCkzz,NF,83,"['hip hop', 'pop rap']",8427797
38wxcfNEqMwuPniHvplin5,Neoni,68,[],225017
64KEffDW9EtZ1y2vBYgq8T,Marshmello,84,"['brostep', 'edm', 'pop', 'progressive electro house']",35082960
5OBK3iQwjNQqElPmn4TgAE,Natan & Shander,57,"['reggaeton colombiano', 'urbano latino']",7601
3FfvYsEGaIb52QPXhg4DcH,Jason Aldean,74,"['contemporary country', 'country', 'country road', 'modern country rock']",6038649
46SHBwWsqBkxI7EeeBEQG7,Kodak Black,81,"['florida drill', 'florida rap', 'melodic rap', 'miami hip hop', 'rap', 'trap', 'trap latino']",9294341
1uU7g3DNSbsu0QjSEqZtEd,Masked Wolf,67,['australian hip hop'],668696
7zkwepHPyac6tCYl0fL0co,ASTN,62,['bedroom soul'],267223
21UPYSRWFKwtqvSAnFnSvS,Amaarae,65,"['afro r&b', 'afrobeats', 'alternative r&b', 'ghanaian alternative', 'ghanaian pop']",168626
1OzGBMZ8rp73R6DWx0IUr5,Diamond Pistols,50,[],13343
4QrBoWLm2WNlPdbFhmlaUZ,KEVVO,61,"['reggaeton', 'reggaeton flow', 'trap latino', 'urbano latino']",459435
47MpMsUfWtgyIIBEFOr4FE,Lunay,71,"['reggaeton', 'reggaeton flow', 'trap latino', 'urbano latino']",8361401
2kRfqPViCqYdSGhYSM9R0Q,Madison Beer,72,['pop'],5709639
6oqHT4S7trO98T8NkbQJ4h,dyl dion,52,['bedroom r&b'],18396
5423qBaPPRptI9nyINCSJB,Lexnour,48,[],21401
1m7LSAMIB1BErIHYSOn32W,DJ Scheme,64,['viral rap'],243771
1PKErrAhYFdfrDymGHRQRo,Nathan Evans,64,[],323270
5RRbimRyvmhCG5MfRKQXzM,Chaz Duffy,44,[],649
0EUy62Az50Nt76jfcJxLG4,My Mama,17,[],16
7gXy60xRcwYujBFoYHnR2O,Big Red Machine,55,"['eau claire indie', 'folktronica']",146957
5o615XColiSVMPDWlslKSk,Wonstein,60,[],108257
70AkqfU43ou9hFxJZTDt7A,Wicca Phase Springs Eternal,54,"['cloud rap', 'emo rap']",136952
33tFkBLsl6f8TjKkV0uF0C,Lovejoy,70,"['pixel', 'pov: indie']",1300021
14CHVeJGrR5xgUGQFV5BVM,Fivio Foreign,71,"['brooklyn drill', 'new york drill', 'trap']",1115682
4utLUGcTvOJFr6aqIJtYWV,Skylar Grey,68,"['piano rock', 'viral pop']",570251
37M5pPGs6V1fchFJSgCguX,FINNEAS,68,"['alt z', 'la indie', 'pop', 'pov: indie']",1831811
4TBU1LUldUubb3RaqmLLN7,Tono,50,['rain'],190
6QtgPSJPSzcnn7dPZ4VINp,King Von,76,['chicago rap'],2861796
63ELR8SMfqu8EH9eXqCt9j,Slump6s,54,"['pluggnb', 'rage rap']",136652
1zNqQNIdeOUZHb8zbZRFMX,Swae Lee,78,"['melodic rap', 'rap', 'trap']",1670377
29PgYEggDV3cDP9QYTogwv,Carolina Gaitán - La Gaita,59,['movie tunes'],48691
6DgP9otnZw5z6daOntINxp,Joel Corry,75,"['dance pop', 'pop dance', 'tropical house', 'uk dance']",345682
0QHgL1lAIqAw0HtD7YldmP,DJ Khaled,77,"['hip hop', 'miami hip hop', 'pop rap', 'rap']",9705268
7oXvysW3peGY3AEa17WoFt,EBK Trey B,38,['cali rap'],8670
6NwdT3GPUajFQ9IvBYe0cu,K. Roosevelt,36,[],15838
4nMPNmeygaudrlnaoEjpf3,Maryanne J. George,52,[],15515
6LXRvV2OAtXF7685fzh3mj,Rowdy Rebel,56,['nyc rap'],143377
5NTEjLv3GEX1Vx0ITx9Pxe,Germaine Franco,55,['movie tunes'],8040
6NmvwMFvNRQmWdW5N1nxsC,F1LTHY,53,['hardvapour'],22880
5JMLG56F1X5mFmWNmS0iAp,Chelsea Cutler,68,['alt z'],649909
5rOkxO8Va1CnXhF7nrHMrU,YGTUT,47,"['indie hip hop', 'tennessee hip hop', 'underground hip hop']",48444
3x3jSlhyv5CiCZDZlaTq0M,Pi’erre Bourne,65,"['melodic rap', 'vapor trap']",851277
2VSHKHBTiXWplO8lxcnUC9,GAYLE,69,['modern alternative pop'],574255
4HzKw8XcD0piJmDrrPRCYk,Majid Jordan,67,['canadian contemporary r&b'],868566
3bSyv1vO8ye6PKyWcJeVbI,Baasik,58,['otacore'],11814
3zZ88AwlTwfCJkowsFCvLA,Babyface Ray,65,"['detroit hip hop', 'detroit trap']",190215
7K5Lm5dxoEwEpOS0Fc3l3s,Anaïs Mitchell,60,['indie folk'],62931
1mcTU81TzQhprhouKaTkpq,Rauw Alejandro,90,"['puerto rican pop', 'reggaeton', 'trap latino', 'urbano latino']",16728678
7vTyZmNA6LC0WRDg7V6yle,King Iso,57,[],87218
2hmePXeTr2b7cdRAtRjvPq,Jeris Johnson,59,[],153795
7yntSJ6uojO3z6GFUVwhAW,CORPSE,68,['pov: indie'],2287124
5ENS85nZShljwNgg4wFD7D,Gabry Ponte,73,"['eurodance', 'italo dance', 'slap house']",427928
6ubJLRTVzomuWIScbguoSY,Grupo Diez 4tro,57,"['corrido', 'corridos tumbados', 'sad sierreno', 'sierreno']",345798
0xRXCcSX89eobfrshSVdyu,MEDUZA,77,"['pop dance', 'pop house', 'uk dance']",630531
4J13m9IZh03PEhoxAxRhXO,Gerardo Ortiz,74,"['banda', 'corrido', 'musica mexicana', 'norteno', 'sierreno']",7101203
7502fDxg339jvGV08Jd4R0,Jasiah,62,"['dark trap', 'ohio hip hop']",352692
3oVcF3VdpMuvMvLLyHPT4t,Sierra Ferrell,59,"['alternative americana', 'new americana']",142841
2o08sCWF5yyo2G4DCiT7T9,HVME,65,['slap house'],61185
1A8NEJYo3VW9aIZ6l55Dgu,Joey Cool,53,['kansas city hip hop'],37334
0Y5tJX1MQlPlqiwlOH1tJY,Travis Scott,90,"['hip hop', 'rap', 'slap house']",22424817
1qto4hHid1P71emI6Fd8xi,Aventura,78,"['bachata', 'bachata dominicana', 'latin hip hop', 'latin pop', 'tropical', 'urbano latino']",7162417
6xFrZbce9KH5APjBe4QVNa,Da$H,44,"['new jersey rap', 'underground hip hop']",32879
0eHQ9o50hj6ZDNBt6Ys1sD,Yandel,81,"['latin hip hop', 'reggaeton', 'trap latino', 'urbano latino']",6891817
757aE44tKEUQEqRuT6GnEB,Roddy Ricch,80,"['melodic rap', 'rap', 'trap']",9329274
4xFUf1FHVy696Q1JQZMTRj,Carrie Underwood,72,"['classic oklahoma country', 'contemporary country', 'country', 'country dawn', 'dance pop']",5746915
10exVja0key0uqUkk6LJRT,Vance Joy,76,"['folk-pop', 'modern rock']",2824575
14qypx78D3Jd1mm7c2BqQb,T-Shyne,43,['atl trap'],10339
0wGzciem2JUvglxX6Hr3E9,Hot Freaks,54,['pov: indie'],109363
0DxPHf2flBAcV2SnZPg3SV,Jake Scott,63,['indiecoustica'],172681
06Qf6vq8AVIpE9XIw8LAsY,Lil Duke,47,['atl trap'],291614
0mXTJETA4XUa12MmmXxZJh,Eddie Vedder,62,"['acoustic rock', 'grunge', 'permanent wave']",1496303
5C2iFRY2UldL2hv9THw4aB,Mad Tsai,58,"['bedroom pop', 'pov: indie']",301352
5OGraDcSkO4oTWthkm77WL,Tornillo,70,[],573391
5HL0VTY0iLTz0RcoeI4cmY,Lil Mexico,29,['south carolina hip hop'],11131
2rhFzFmezpnW82MNqEKVry,Ski Mask The Slump God,75,"['hip hop', 'miami hip hop', 'rap', 'underground hip hop']",5405276
3pIwImfumJioKb0zHHP61x,Joe P,51,['asbury park indie'],105978
7DQYAz99eM3Y5PkP9WtUew,Jax,64,['gen z singer-songwriter'],497231
1oH2B8tcHn4Gpl2bmmyd4A,La Santa Grifa,73,"['mexican hip hop', 'sad sierreno', 'tamaulipas rap']",3915229
4huXijLHlm8VMzeob86QvD,WMD,57,['chill beats'],17928
2JSwnwAT1BupAQkhqcRCUw,Sada Baby,57,"['detroit trap', 'scam rap']",457574
6vHBuUxrcpn1do5UaEJ7g6,Domo Genesis,60,"['alternative hip hop', 'underground hip hop']",315624
7j6DKwmjbxvpQO8h914uEz,Ryan Castro,75,"['reggaeton', 'trap colombiano', 'trap latino', 'urbano latino']",1619906
7EOpIcFOVG2PedJgVbCHJ2,Alta Elegancia,57,"['corrido', 'corridos tumbados', 'sad sierreno', 'sierreno']",75169
7fexYDMRWxJ25mYGdblXWW,NICOLOSI,27,[],2307
4tZwfgrHOc3mvqYlEYSvVi,Daft Punk,82,"['electro', 'filter house', 'rock']",9411154
23DYJsw4uSCguIqiTIDtcN,Southside,63,['atl hip hop'],84446
4PNHuWkk4ee6R8WEhFVPf5,NoCap,61,"['alabama rap', 'atl trap']",980751
1JhiIIXT9DWqEU3BYFZwGA,MOTHICA,57,"['alt z', 'vapor soul']",262175
0GeeIVcvGA8GSlWsoY1dkG,Vory,57,"['kentucky hip hop', 'trap soul']",121732
4Ui2kfOqGujY81UcPrb5KE,HAIM,66,"['indietronica', 'metropopolis']",1256084
4nZmMrwH6LxHnCzQv4IFUE,BIG30,63,['memphis hip hop'],449620
6PvvGcCY2XtUcSRld1Wilr,Silk Sonic,73,['neo soul'],805593
7FGjkq9WfrRmBFL64ST0p9,KillBunk,57,[],63546
5cj0lLjcoR7YOSnhnX0Po5,Doja Cat,86,"['dance pop', 'pop']",25382601
5FQ8tBUtIamA2hRtatrYUF,Marc Seguí,65,['spanish pop'],105029
64tJ2EAv1R6UaZqc4iOCyj,YOASOBI,79,"['j-pop', 'japanese teen pop']",5443972
3EW0kQ1skZiK1NHg3Spt9J,Takeoff,72,"['atl hip hop', 'rap', 'trap']",1411069
5dHt1vcEm9qb8fCyLcB3HL,A$AP Ferg,72,"['hip hop', 'pop rap', 'rap', 'southern hip hop', 'trap']",3563352
1R4jDezcLcFxrJ9PHNrbG0,DaBoii,55,['cali rap'],203022
3sklFG9fuDAq3vbIZlkNH6,Laura Les,59,"['glitchcore', 'hyperpop', 'proto-hyperpop', 'transpop']",113118
28gNT5KBp7IjEOQoevXf9N,Camilo,79,"['colombian pop', 'latin pop', 'reggaeton colombiano']",17799119
2ledyuziz6YjLK5Dw483Oc,DJ Paul,59,"['bounce', 'crunk', 'dirty south rap', 'memphis hip hop']",99895
5nO7Yt0Jon48sqKR6VME4T,Joe L Barnes,57,[],15912
4AA474G2hRfrHyGrfyDseO,Mozzy,65,"['cali rap', 'sacramento hip hop']",724870
100sLnojEpcadRx4edEBA6,Zella Day,56,"['alt z', 'electropop', 'gauze pop', 'indie poptimism']",428171
6VOoiigTiLVgsMQPP1JOdC,Crissin,57,"['reggaeton colombiano', 'urbano latino']",13620
2I80te5uIPCn0LeEtWE34Q,Fat Bub,10,[],1
2tl280wIokrLjabzrSKTgU,Holding Absence,55,"['metalcore', 'uk pop punk']",93537
5ujvZU2thXjZgFKPUt1rDt,Chayce Beckham,61,['modern country pop'],66503
147nKr9upHZSSxqCzh9j7c,Jimmie Allen,62,"['black americana', 'contemporary country', 'country road', 'modern country rock']",232860
5G9kmDLg3OeUyj8KVBLzbu,mike.,67,"['indie pop rap', 'rhode island rap']",555872
5uNC6r2ozOi3dwcQjzowJl,Hector Rubio,39,[],7
5rxf4rjZ5lyhKt7DWM5dLL,Lauren Auder,25,['baroque pop'],8528
4nyfgWiyyKQQB6AveRSWx7,Janiyah,25,[],3609
5n9bMYfz9qss2VOW89EVs2,Bomba Estéreo,73,"['cumbia', 'latin alternative', 'latin rock', 'pop electronico', 'tropical alternativo']",1040783
0lFLP59V4TY3XgnrkFIwxK,Katja Krasavice,56,"['frauenrap', 'german pop', 'german viral rap']",398741
053q0ukIDRgzwTr4vNSwab,Grimes,69,"['art pop', 'canadian electropop', 'grave wave', 'indietronica', 'metropopolis', 'neo-synthpop']",2016017
2WXYTbQLAhC8jhJLsw5nIi,Damon Elbert,24,[],1192
1ooV8YZC1KbpEcrmI8WH0F,Yebba,66,['pop soul'],376621
41X1TR6hrK8Q2ZCpp2EqCz,bbno$,72,"['canadian hip hop', 'dark trap', 'meme rap', 'vapor trap']",1216551
3KNIG74xSTc3dj0TRy7pGX,Yung Bleu,68,"['alabama rap', 'trap']",1334057
2gpFIVZUCq1gf8RALTZaWj,Lucy Bennett,53,[],214
1uNFoZAHBGtllmzznpCI3s,Justin Bieber,89,"['canadian pop', 'pop']",71877862
4k84U3BB9LqFYogMZN7w94,Cris Dinero,25,['vapor trap'],7629
1w7GLktHE8w0aEhhaZ0QKB,Shakewell,68,['dark trap'],251573
0BvkDsjIUla7X0k6CSWh1I,Luke Bryan,77,"['contemporary country', 'country', 'country road']",8216077
0dUYLC7DLjeS8gIh8cz2Pq,Jenevieve,55,['alternative r&b'],134819
4CAL0nDGvLhUfQEpwSLnUz,Wacotron,58,[],41366
1yPvnL2XGGehNiOGWzcAAG,Dan Sanchez,68,"['corrido', 'corridos tumbados', 'sierreno']",429297
3xLU748QxpTmIVaiNXXg0P,Encanto - Cast,63,['movie tunes'],83023
1gl0S9pS0Zw0qfa14rDD3D,Surf Curse,69,"['dreamo', 'indie surf', 'pov: indie', 'surf punk', 'vegas indie']",915108
1z7b1Pr1rSlvWRzsW3HOrS,Russ,78,['hawaiian hip hop'],4820435
4QAp87iZerUP9PKxtLhmW1,Oliver Nelson,54,['scandipop'],31049
1T8S48bD91THNKBByWBDyn,Dwayne Johnson,60,['meme'],277942
2AXsnwUyL9eMUy3y0ly2si,SeptembersRich,53,['rage rap'],40700
1xQIR56DxgWYZPUvOLRIua,Amindi,49,"['alternative r&b', 'dancehall']",35645
5aHIAHzgbBmsyz8iBvpRc8,El Choforo,38,[],9
5ooSG9S0glqP5ZrqqaHBvT,James Fauntleroy,54,[],23170
0TKFPt9w0AAEnhB9bd0pLy,LUM!X,70,"['melbourne bounce international', 'slap house']",140093
3A5tHz1SfngyOZM2gItYKu,Earl Sweatshirt,69,"['drumless hip hop', 'experimental hip hop', 'hip hop', 'rap', 'underground hip hop']",2008612
0dXXFVCw0LKzmHFrTLUaQJ,Tito Torbellino Jr,64,"['corrido', 'musica mexicana', 'norteno', 'nueva musica mexicana']",1030859
0VNdJEOx6iLqj5ih4dAMNT,ZigBayGayRaps,16,[],130
7bXgB6jMjp9ATFy66eO08Z,Chris Brown,87,"['r&b', 'rap']",19485064
0p7lJtfYpKXr9KClOkpRaF,Elyssa Smith,55,['deep ccm'],13525
7rybj6DFBE9HYjDsD4ILuA,A Dreaming Machine,54,['white noise'],204
7o96HO2zrujyATtVsqGhh3,Goth Babe,64,"['indie rock', 'pov: indie']",260635
484bfoveqgHfx2VhNY4zzT,lentra,55,['canadian hip hop'],28231
1SupJlEpv7RS2tPNRaHViT,Nicky Jam,81,"['latin hip hop', 'reggaeton', 'trap latino', 'urbano latino']",18820150
5szilpXHcwOqnyKLqGco5j,Faye Webster,64,"['atlanta indie', 'indie pop']",445831
0jPnVIasXzBYjrlpO5irii,Ingrid Andress,63,['contemporary country'],128356
4yiQZ8tQPux8cPriYMWUFP,Gwen Stefani,73,"['dance pop', 'pop']",5993320
12GqGscKJx3aE4t07u7eVZ,Peso Pluma,94,"['corrido', 'nueva musica mexicana', 'sad sierreno']",3250923
7gW0r5CkdEUMm42w9XpyZO,Laufey,70,['gen z singer-songwriter'],673357
2OaHYHb2XcFPvqL3VsyPzU,Rico Nasty,66,"['alternative r&b', 'dmv rap', 'trap queen']",1012780
04zbRSHjzlQYvV31SW7qZ4,ICECOLDBISHOP,41,['indie hip hop'],11672
4eYE8Z6cfEHEdG22lTyucP,Morgan Wade,58,['modern country pop'],92095
6eUKZXaKkcviH0Ku9w2n3V,Ed Sheeran,92,"['pop', 'uk pop']",111983340
3fCQnw6VSudXBTN5d2QP2z,Gary Lightbody,54,['british singer-songwriter'],8394
0gg11prPP6OqtUvBcKnPpq,Rylo Rodriguez,57,"['alabama rap', 'atl trap', 'memphis hip hop', 'tennessee hip hop']",304686
3QVolfxko2UyCOtexhVTli,Angèle,68,"['belgian pop', 'french pop', 'variete francaise']",2598370
0JJPGXLFoZ9iBaCPfEPIBM,Joel Figueroa,23,[],7
7MoIc5s9KXolCBH1fy9kkw,Japanese Breakfast,60,"['art pop', 'eugene indie', 'indie pop', 'indie rock', 'philly indie']",605346
6ptC15l7UMxtMiGsDCbiOb,DidIt,5,[],69
4pnp4w9g30yLfVIAFnZMRd,ACRAZE,68,['pop dance'],92197
7c0XG5cIJTrrAgEC3ULPiq,Ty Dolla $ign,81,"['hip hop', 'pop rap', 'r&b', 'southern hip hop', 'trap', 'trap soul']",4617007
4e9TBaTlI3LVQz3tkTYC0I,Hailey Whitters,57,"['contemporary country', 'modern country pop']",52348
6y7frW1RUq3XBBXbYowVpk,Chandler Moore,65,[],200435
2eIB6vFotL2su94z3pUC1j,Elvie Shane,50,['modern country pop'],26546
1AEcpjnSCmm53IBZQo3g9z,DāM-FunK,46,"['popping', 'synth funk', 'wonky']",49859
35sCXuy5gN6Or69rZ9vqBs,Birdman,62,"['dirty south rap', 'southern hip hop']",1224268
4EPJlUEBy49EX1wuFOvtjK,Becky Hill,75,"['pop dance', 'pop house', 'tropical house', 'uk dance', 'uk pop']",627242
38PzLQE4GW8o7A18oGhi0x,dazy,70,[],9297
2NWuUOptHRTogSZghYspAE,Jack Dine,57,[],8751
6OMeWwhQYqKka22e4zSnur,Surge,27,[],6223
27R1aBy7FfkYevfYen4sMp,George Birge,43,"['modern country pop', 'texas country']",12537
7pnTkKShdYS8BnmTHhcEaa,Ben Burgess,47,['texas country'],5907
00FQb4jTyendYWaN8pK0wa,Lana Del Rey,90,"['art pop', 'pop']",23598098
137W8MRPWKqSmrBGDBFSop,Wiz Khalifa,82,"['hip hop', 'pittsburgh rap', 'pop rap', 'rap', 'southern hip hop', 'trap']",11034145
2LRoIwlKmHjgvigdNGBHNo,Feid,92,"['colombian pop', 'pop reggaeton', 'reggaeton colombiano', 'trap latino', 'urbano latino']",5215290
5OHZAV5uu5l3Qloo1fD6A5,Freddy Vega JR.,9,[],1
13y7CgLHjMVRMDqxdx0Xdo,Gucci Mane,78,"['atl hip hop', 'dirty south rap', 'hip hop', 'rap', 'southern hip hop', 'trap']",4824589
0QxpMxqsFm9Jb7Y3GilEI8,Dale Brisby,28,[],125
3l9G1G9MxH6DaRhwLklaf5,Oscar Maydon,77,"['corrido', 'corridos tumbados', 'sierreno']",385548
68kEuyFKyqrdQQLLsmiatm,Vince Staples,69,"['conscious hip hop', 'hip hop', 'rap', 'underground hip hop']",1743969
1xbu7UyVdZxwIiNfLcUKqn,Paul Cherry,38,['bedroom pop'],34707
5f7VJjfbwm532GiveGC0ZK,Lil Baby,89,"['atl hip hop', 'atl trap', 'rap', 'trap']",14092131
5OCZWZ399lBKgxBxE8cjRM,Willie Jones,49,"['black americana', 'contemporary country']",38049
4olE3I5QU0dvSR7LIpqTXc,WATT,60,['modern alternative rock'],21306
7n2Ycct7Beij7Dj7meI4X0,TWICE,82,"['k-pop', 'k-pop girl group', 'pop']",17554114
3bhu7P5PfngueRHiB9hjcx,Elle King,67,['modern blues rock'],555575
7tYKF4w9nC0nq9CsPZTHyP,SZA,91,"['pop', 'r&b', 'rap']",12507222
4MoAOfV4ROWofLG3a3hhBN,Jon Pardi,74,"['contemporary country', 'country', 'country road', 'modern country rock']",1681645
6Y6rrQjzcZhaM4RXusI8UP,Banda Sinaloense MS de Sergio Lizárraga,59,[],328636
0huGjMyP507tBCARyzSkrv,Cordae,70,"['dmv rap', 'hip hop', 'pop rap', 'rap', 'trap', 'underground hip hop']",1919695
2o5jDhtHVPhrJdv3cEQ99Z,Tiësto,84,"['big room', 'brostep', 'dutch edm', 'edm', 'house', 'pop dance', 'slap house', 'trance']",6888812
4oUHIQIBe0LHzYfvXNW4QM,Morgan Wallen,91,['contemporary country'],5854433
6bS1ddLkqrK5Jl6GyKK4j2,Og Bobby Billions,52,[],8935
6tmdudtl1wM5WwTIqZX0WD,La Ventaja,58,"['corrido', 'musica mexicana', 'norteno', 'sierreno', 'tololoche']",213394
54R6Y0I7jGUCveDTtI21nb,Boney M.,70,['europop'],1665508
0wHeZY93Ede0g1jXaWsiFS,LPB Poody,50,"['florida drill', 'florida rap']",120725
7CajNmpbOovFoOoasH2HaY,Calvin Harris,86,"['dance pop', 'edm', 'electro house', 'house', 'pop', 'progressive house', 'uk dance']",23380953
2n2RSaZqBuUUukhbLlpnE6,Sleep Token,70,['prog metal'],405738
3UjPnt2nRmw10N58bBeNOg,Xavier Omär,54,['alternative r&b'],395915
5KNNVgR6LBIABRIomyCwKJ,Dermot Kennedy,74,"['folk-pop', 'irish pop', 'uk pop']",1341088
1bAftSH8umNcGZ0uyV7LMg,Duki,83,"['argentine hip hop', 'trap argentino', 'trap latino', 'trap triste', 'urbano latino']",8538899
53rBi3LpNcMJUTSANS6uYT,DAISY WORLD,51,[],9656
3Rx4PJ7SP6unkOk5elPUK7,Money Man,68,"['memphis hip hop', 'trap']",521726
6jdXzmcf0crcLQOkn58oLQ,Liquid Planet Recordings,52,['rain'],218
2wJ4vsxWd7df7dRU4KcoDe,Sharon Van Etten,56,"['art pop', 'chamber pop', 'indie rock', 'melancholia', 'new jersey indie', 'singer-songwriter']",488161
6ASri4ePR7RlsvIQgWPJpS,iann dior,74,['melodic rap'],1735129
58r1rB5t3VF5X6yXGPequV,Maverick City Music,70,[],1122271
37fzXndf2fxVrk7qarhyo0,Leo Stannard,59,['indie anthem-folk'],34065
5K0rbdBrs2tNXe5LeWMATT,Bootsy Collins,69,"['funk', 'p funk', 'soul']",371084
7Fby9r2IyDqTZrXZv9Ob0L,Slug Christ,38,[],42
6N4VOBE2wNnRIINe3922Oc,Los Primos MX,59,"['banda', 'duranguense', 'musica mexicana', 'norteno']",390701
0p4ViyfJUTW0IT4SCBLexf,Drakeo the Ruler,62,['cali rap'],309749
7pEVNuJRlpDXlsrcq32yHp,Atlus,63,['modern country pop'],103196
2HmiQV6GQR2VlOZmjEmtnX,Naeem,22,['experimental r&b'],4869
4rc8nzClXj7sUjvsHVg6AD,Naomi Raine,61,[],113541
3Wb38LDP3N4tkobValgE9D,Juanka,67,"['reggaeton', 'reggaeton flow', 'trap latino', 'urbano latino']",737974
5F1aAS1duwlzExnPs3l2Xe,Pooh Shiesty,70,"['memphis hip hop', 'tennessee hip hop']",1156013
1dKdetem2xEmjgvyymzytS,Grupo Firme,81,"['musica mexicana', 'norteno', 'nueva musica mexicana', 'sierreno']",9820497
5Vuvs6Py2JRU7WiFDVsI7J,Lucky Daye,68,"['alternative r&b', 'r&b']",532137
4q0N3EI67tVnAeeaXbNQIj,J. Worra,56,['bass house'],26375
1ZN1c1qWEGZNX1pGeKCPpf,Billy Strings,61,"['jam band', 'jamgrass', 'new americana', 'progressive bluegrass']",293495
0KuF7reCTOZwV7YJnHQqgr,The Neptunes,59,[],79911
2DXPtOc14uPVvK7qggj2a3,MC ORSEN,66,"['drift phonk', 'gym phonk']",137099
5K4W6rqBFWDnAN6FQUkS6x,Kanye West,90,"['chicago rap', 'hip hop', 'rap']",20055519
4fxd5Ee7UefO4CUXgwJ7IP,Giveon,79,['r&b'],2963954
181bsRPaVXVlUKXrxwZfHK,Megan Thee Stallion,78,"['houston rap', 'pop', 'rap', 'trap queen']",7684121
6DDdZ3Ezd3Sd2q5yf3z6vJ,Shao Dow,44,"['anime drill', 'anime rap']",16014
7lDVEkjIURPMyUYwoQRrpw,Ryan Hurd,58,"['contemporary country', 'country road', 'modern country rock']",233566
4AVFqumd2ogHFlRbKIjp1t,Alesso,75,"['dance pop', 'edm', 'pop', 'pop dance', 'tropical house']",3940655
35l9BRT7MXmM8bv2WDQiyB,beabadoobee,76,"['bedroom pop', 'bubblegrunge', 'indie pop', 'pov: indie']",2021061
3lyW79oolCj6PAaLUqnze5,Gud,52,"['cloud rap', 'drain', 'substep']",27050
48scskxHFIigHFEvAiNVb1,Shara Nova,21,[],1319
37230BxxYs9ksS7OkZw3IU,Chencho Corleone,80,"['reggaeton flow', 'trap latino', 'urbano latino']",469838
4GjElWvmSWy4FkKoGZbYs0,Poundside Pop,27,"['philly drill', 'philly rap']",9552
7rrTqtOUOwva4sgTx9C9F9,Joy Oladokun,62,"['black americana', 'la pop']",138602
31TPClRtHm23RisEBtV3X7,Justin Timberlake,80,"['dance pop', 'pop']",12892439
3PyJHH2wyfQK3WZrk9rpmP,Ashnikko,71,"['alt z', 'escape room']",1943590
3RqBeV12Tt7A8xH3zBDDUF,Kelsea Ballerini,74,"['contemporary country', 'country']",1036197
3ppQEG71r7jVpI8RudzycF,OHGEESY,68,['cali rap'],221251
2YZyLoL8N0Wb9xBt1NhZWg,Kendrick Lamar,89,"['conscious hip hop', 'hip hop', 'rap', 'west coast rap']",23948655
6hfwwpXqZPRC9CsKI7qtv1,Alina Baraz,66,['etherpop'],1309947
0hCNtLu0JehylgoiP8L4Gh,Nicki Minaj,87,"['hip pop', 'pop', 'queens hip hop', 'rap']",28171013
3w6NsYwesEyDyr8Ep0yvIr,Marley Young,20,['kansas city hip hop'],2093
5aHKxMwIrPVwy4m6FTOiXK,Nivel Codiciado,64,"['corrido', 'corridos tumbados', 'sad sierreno', 'sierreno']",605074
1anyVhU62p31KFi8MEzkbf,Chance the Rapper,74,"['chicago rap', 'conscious hip hop', 'hip hop', 'pop rap', 'rap']",5878162
4wYKdGFKLGhPYUTfiafYm6,The Fletch,5,[],6
2IMZYfNi21MGqxopj9fWx8,Rels B,82,"['r&b en espanol', 'spanish hip hop', 'trap latino', 'urbano espanol', 'urbano latino']",5120611
3ZHU5AKrUmIPnCFfr82QER,1nonly,72,['aesthetic rap'],800821
4b3DUSYA69Wfn0AmgD0Zaj,Montana99,60,['sped up'],25677
4EVpmkEwrLYEg6jIsiPMIb,Fleet Foxes,64,"['chamber pop', 'folk', 'indie rock', 'indietronica', 'modern rock', 'seattle indie', 'singer-songwriter', 'stomp and holler']",1276689
3gGUMEwIX6XodWsYEvKSal,YBN Nahmir,64,"['alabama rap', 'rap', 'trap', 'vapor trap']",2975389
5kkVPwCLmdkqaSQpptZtXj,Kingpin Skinny Pimp,62,"['crunk', 'memphis hip hop', 'phonk']",51505
26cMerAxjx9GedFt0lMDjm,Bella Poarch,65,['modern alternative pop'],1045441
39af15p0feaAOdL9DTRj3m,JT,56,[],11185
7ltDVBr6mKbRvohxheJ9h1,ROSALÍA,86,"['pop', 'r&b en espanol']",7247235
579LsvZcRVKtToYjS0tkKz,Big Scarr,65,['memphis hip hop'],325888
1kmyK4B8GpPz1nHI2MvOSO,ANH,40,[],5112
1Ud8vW7qmJ1eQpLUFJfne7,Tes X,24,[],4046
6Gz2lQkwncPMYpcfuMMvDg,Dominik,21,[],44
0elWFr7TW8piilVRYJUe4P,Natanael Cano,87,"['corrido', 'corridos tumbados', 'musica mexicana', 'nueva musica mexicana', 'sad sierreno', 'sierreno']",6736057
1Do4bSzfUl0KWL9r1fITu0,Yoon Mirae,56,"['k-pop', 'korean ost', 'korean pop', 'korean r&b']",281690
5wbYyVxcU8ALnE6GVbhuXK,Thf Zoo,36,[],2719
2Hm8pRagdhRNFBbCiGaJEI,chief wuk,43,[],1335
3pFSlKAoVnaEycgIcPDctw,Chakra Efendi,51,['chakra'],4765
2qB0DlFsQOpNh0bdMCJLwr,yvngxchris,59,"['aesthetic rap', 'bedroom r&b', 'plugg']",337243
5qRbfEf4Ooo19aRXKQzvUV,Navy Blue,50,"['alternative hip hop', 'chill abstract hip hop', 'drumless hip hop', 'jazz rap']",59448
2FEdyVgGMSclOsYJ4wAQUY,Public Library Commute,51,['bedroom soul'],36227
3WGpXCj9YhhfX11TToZcXP,Troye Sivan,74,"['australian pop', 'pop', 'viral pop']",7613756
3win9vGIxFfBRag9S63wwf,Bailey Zimmerman,75,['modern country pop'],485023
2kucQ9jQwuD8jWdtR9Ef38,Sam Hunt,72,"['contemporary country', 'country', 'country pop']",2289789
1URnnhqYAYcrqrcwql10ft,21 Savage,91,"['atl hip hop', 'hip hop', 'rap', 'trap']",13656107
7kjqkL4lIUyxO4HLzpRYo9,99zed,56,['dark trap'],17536
2RDOrhPqAM4jzTRCEb19qX,Sheck Wes,65,"['pop rap', 'rap', 'trap']",1439806
3KV3p5EY4AvKxOlhGHORLg,Jeremih,74,"['chicago rap', 'pop rap', 'r&b', 'southern hip hop', 'trap', 'urban contemporary']",6317779
5hdhHgpxyniooUiQVaPxQ0,Nio Garcia,72,"['reggaeton', 'trap latino', 'urbano latino']",4726797
0pePYDrJGk8gqMRbXrLJC8,Luis R Conriquez,83,"['corrido', 'corridos tumbados', 'nueva musica mexicana', 'sad sierreno', 'sierreno']",2773334
0JSCWkJNFGt7o4YbYcplQ7,slater,60,[],8138
57nPqD7z62gDdq37US9XJR,Arcane,71,[],155372
0snouHYzOWSgxRBYMQsa3H,Hensonn,69,"['drift phonk', 'ukrainian phonk']",132660
2vjeuQwzSP5ErC1S41gONX,CHANMINA,62,"['j-rap', 'josei rap']",598692
5YlfEcVGygV1M3jH9GxkU7,Doodie Lo,55,[],40706
3Nrfpe0tUJi4K4DXYWgMUX,BTS,90,"['k-pop', 'k-pop boy group', 'pop']",64792884
7BA072InWOjB1X7MZGOloy,Soldier Kidd,53,['florida rap'],169277
2aXiJJHJei5BmCykxI37y0,Gladys Knight,53,"['disco', 'motown', 'quiet storm']",186654
5TcnuUD5MHBfd1cO4kweWD,Alex Favela,53,['corrido'],8450
3ApUX1o6oSz321MMECyIYd,Quinn XCII,68,['indie pop rap'],760472
3iMzbvXlgNUpoFccD60bvr,Prezioso,67,['italo dance'],99001
1nf0nRF0W4ybnJdda00pKY,The Swon Brothers,32,"['classic oklahoma country', 'contemporary country', 'modern country rock']",41845
0LWHFUzXPTl9BDdJHDE001,hoshie star,59,"['pink noise', 'scenecore']",46576
0wY47YCvX77JNM44SWZ3WO,C3,28,[],229
4HgF4KnohByNElYid7iCNb,Bobby V.,59,"['contemporary r&b', 'dirty south rap', 'hip pop', 'r&b', 'southern hip hop', 'urban contemporary']",904766
3ycxRkcZ67ALN3GQJ57Vig,Masego,70,"['alternative r&b', 'indie soul']",1163935
0F58iilfZWiLrxyhsVOdQV,Tiffany Hudson,53,[],3295
77kULmXAQ6vWer7IIHdGzI,Jordan Davis,75,"['contemporary country', 'country road']",901336
6ElqtIfQsAkEYypgfJIjeK,DannyLux,72,['sad sierreno'],881175
4ETSs924pXMzjIeD6E9b4u,Surfaces,69,['bedroom soul'],893265
78rUTD7y6Cy67W1RVzYs7t,PinkPantheress,81,[],2049833
5Wg2b4Mp42gicxEeDNawf7,A7S,69,"['pop dance', 'scandipop', 'uk dance']",47771
2ZKzqJz3pPfWKVRgz9b39j,Ilsey,48,[],3601
5Pr8c5tFEnvRsDiLddXCe0,Ju Banga,17,[],12
6s22t5Y3prQHyaHWUN1R1C,AJR,74,['pov: indie'],2900338
6M2wZ9GZgrQXHCFfjv46we,Dua Lipa,87,"['dance pop', 'pop', 'uk pop']",39774156
4jwROPSUkTkohLCRiyjiZZ,DESTIN CONRAD,60,"['alternative r&b', 'indie r&b']",72437
4O15NlyKLIASxsJ0PrXPfz,Lil Uzi Vert,86,"['melodic rap', 'philly rap', 'rage rap', 'rap']",15074615
4TvhRzxIL1le2PWCeUqxQw,The Blessed Madonna,64,[],42399
3XxNRirzbjfLdDli06zMaB,Eyedress,72,['noise pop'],1225253
0knGpCTbmG4ctl1wzYRZs4,Dijon,59,['bedroom soul'],289896
07VEWoJqUqui0E5o0AiuX0,Vuugi P,14,[],2
3R6Kbe18UcjsGkBGWElC51,Los Austeros De Durango,56,"['corrido', 'norteno', 'tololoche']",436100
36lCD1wpgG2iZFY57owCNi,Bleed The Wicked Menace,56,[],9588
4uUHXzdIW2IXKy362FjGMB,Phlaque The Grimstress,15,[],35
0avMDS4HyoCEP6RqZJWpY2,Ethel Cain,63,"['indie pop', 'modern dream pop']",240011
3ptY5WTxu77JpAQQnHyxEl,Yandar & Yostin,60,"['reggaeton', 'reggaeton colombiano']",143018
6Iz3eq2aQGFf7TbGT2iahL,Gabby Barrett,63,['contemporary country'],267837
4frXpPxQQZwbCu3eTGnZEw,Thundercat,74,"['afrofuturism', 'indie soul']",1111624
3ROTuxpbVooOYY7OanW7No,X-Raided,41,"['g funk', 'hyphy', 'sacramento hip hop']",114449
09XX4vGibhdivyKlxP8MRf,Slimelife Shawty,45,"['atl trap', 'memphis hip hop']",81334
1gPhS1zisyXr5dHTYZyiMe,Kevin Gates,74,"['baton rouge rap', 'rap', 'trap']",5821090
5QdEbQJ3ylBnc3gsIASAT5,G Herbo,71,"['chicago drill', 'chicago rap', 'drill', 'rap', 'trap']",1799986
5PxCTrv3Y1xVACfngpt7D2,Lostboycrow,53,"['indie poptimism', 'indietronica']",145321
5UIl2yxuQbC2rU8m9pN8mD,Mumu Fresh,35,['high vibe'],17630
1pgDilWYDWLoOgGjf1iHNu,Zion,74,"['reggaeton', 'urbano latino']",3676048
3vDpQbGnzRbRVirXlfQagB,Sturgill Simpson,66,"['alternative americana', 'kentucky roots', 'nashville singer-songwriter', 'new americana', 'outlaw country']",733714
3YQKmKGau1PzlVlkL1iodx,Twenty One Pilots,80,"['modern rock', 'pop', 'pov: indie', 'rock']",23625207
07YZf4WDAMNwqr4jfgOZ8y,Jason Derulo,79,"['dance pop', 'pop']",11823081
4r6joVLgbTD7M07z1KIooA,Everywhere Brown Noise,55,[],240
5hhgghBFkLDdMn93GW4x3I,OG Parker,55,[],20293
0A0FS04o6zMoto8OKPsDwY,YG,75,"['cali rap', 'hip hop', 'pop rap', 'rap', 'southern hip hop', 'trap']",3086319
4ntfGY98LWEncjHnw0XBaj,Dino BTW,28,['trap queen'],7928
6oMuImdp5ZcFhWP0ESe6mG,Migos,77,"['atl hip hop', 'hip hop', 'rap', 'trap']",13162674
5nwjcZ87CGNRiO98nFKdOD,Taron Egerton,62,['hollywood'],108516
3TyeX0lk4B7k56ukfzEE0z,Tenille Townes,53,"['alberta country', 'contemporary country', 'country pop']",138694
1l39BupEDqsioWGVDXluVG,FL Dusa,49,[],7256
4nXOZlYoAD67hF9aUEncMY,Pouya,70,"['aesthetic rap', 'cloud rap', 'dark trap', 'miami hip hop', 'underground hip hop']",1035700
1VPmR4DJC1PlOtd0IADAO0,$uicideboy$,86,"['cloud rap', 'dark trap', 'new orleans rap', 'underground hip hop']",5524986
1bhZt10yZVCJfp3HaNxJv8,Riovaz,62,['bedroom r&b'],161768
6qqNVTkY8uBg9cP3Jd7DAH,Billie Eilish,88,"['art pop', 'electropop', 'pop']",80496143
31W5EY0aAly4Qieq6OFu6I,A Boogie Wit da Hoodie,82,"['melodic rap', 'rap', 'trap']",7396367
3HFWqhd60hrJB8fpyjrTLu,Lloyd Vaan,49,[],4677
77gMBvQ2frbQAPyCeoYGm7,Lakeyah,54,[],140068
3HqSLMAZ3g3d5poNaI7GOU,IU,75,"['k-pop', 'pop']",7969023
6aaMZ3fcfLv4tEbmY7bjRM,Isaiah Rashad,67,"['hip hop', 'rap', 'tennessee hip hop', 'underground hip hop']",1277970
4q3ewBCX7sLwd24euuV69X,Bad Bunny,97,"['reggaeton', 'trap latino', 'urbano latino']",69078068
7qj3R7pI5z0H1AxH5X4oK8,Streaming Waves,51,['ocean'],434
77ziqFxp5gaInVrF2lj4ht,Sech,81,"['panamanian pop', 'reggaeton', 'trap latino', 'urbano latino']",11670363
40ZNYROS4zLfyyBSs2PGe2,Zach Bryan,83,"['classic oklahoma country', 'modern country pop']",1425734
4MCBfE4596Uoi2O4DtmEMz,Juice WRLD,88,"['chicago rap', 'melodic rap', 'rap']",29069416
2B8ofgf0e96eyGnXfYNtST,Dormir Dan,49,['rain'],99
53xeKWbSRuGgTxViJTAZKC,Sideshow,47,"['chill abstract hip hop', 'experimental hip hop']",13596
550PiaxNneb0AaqPp7sWWS,Three Peels,57,['white noise'],37
2kWeFaiHBskk8oqky3KHcR,Nikki Lane,49,"['alternative country', 'new americana', 'outlaw country']",65703
4oVcSA60yk5jowh3pDMcR9,Kiddo A.I.,35,[],776
0UntV1Bw2hk3fbRrm9eMP6,B.I,61,['k-pop'],646582
0IF46mUS8NXjgHabxk2MCM,Kelis,63,"['dance pop', 'hip pop', 'neo soul', 'urban contemporary']",559527
7kplJl06UmldxLKseURAYi,Warren Zeiders,66,['modern country pop'],381719
6ZV6lGY0prbqpTD0Md8i29,Scotty McCreery,64,"['contemporary country', 'country', 'country road', 'modern country rock']",902370
1RryIbDjpwt00AKkSpCGvP,PJ Harding,52,['australian singer-songwriter'],17607
56gMovAlFdnmrDk2BcfUlJ,Rx Papi,54,['plugg'],40774
5yw4tA8D5uG7tT3NaDvq10,Stellar,65,['social media pop'],437018
1vyhD5VmyZ7KMfW5gqLgo5,J Balvin,87,"['reggaeton', 'reggaeton colombiano', 'trap latino', 'urbano latino']",37187524
7EWU4FhUJM1sZQgQKdENeT,Hopsin,61,['conscious hip hop'],2425436
1UTPBmNbXNTittyMJrNkvw,Blake Shelton,71,"['classic oklahoma country', 'contemporary country', 'country', 'country road']",7053574
34MOUjKckIlnFA01P0Vxeo,Scott Redmond,53,[],288
14uo609t1MvRGZcskySt9R,SXMPRA,68,['drift phonk'],163235
7srh14kswDlgTIIK4SKdSf,Memo600,43,['chicago drill'],24372
3ZMur3elMyOs248ah86NRk,Mach-Hommy,54,"['alternative hip hop', 'boom bap', 'chill abstract hip hop', 'drumless hip hop', 'new jersey rap', 'psychedelic hip hop']",88742
6AgTAQt8XS6jRWi4sX7w49,Polo G,83,"['chicago rap', 'rap']",9530099
6y8XlgIV8BLlIg1tT1R10i,Old Dominion,71,"['contemporary country', 'country', 'country road', 'modern country rock']",1352938
4SfGzWmeoNPKIOmiyc7Pav,Flatland Cavalry,64,"['classic texas country', 'red dirt']",166201
0QWrMNukfcVOmgEU0FEDyD,Jacob Collier,58,['uk alternative pop'],628687
2KEqzdPS7M5YwGmiuPTdr5,Rina Sawayama,64,"['art pop', 'electropop', 'indie pop']",914201
3l0CmX0FuQjFxr8SK7Vqag,Clairo,76,"['bedroom pop', 'indie pop', 'pop', 'pov: indie']",3879053
581C5Qwl87TskfBEzuoisu,Cafuné,67,"['brooklyn indie', 'sped up']",161291
6ipASreqbHk6a7aR2xo9BW,The Noisy Outdoors,53,"['rain', 'white noise']",87
7FsRH5bw8iWpSbMX1G7xf1,Joan Sebastian,77,"['banda', 'grupera', 'musica mexicana', 'norteno', 'ranchera']",8575089
08Ld63UgKrJ0nZnCkzHtzc,Project Pat,69,"['crunk', 'dirty south rap', 'gangster rap', 'memphis hip hop', 'trap']",734646
6PjDCeZZmEgmlenl4Bf5Pr,Fancy Feelings,40,[],1181
2LFbgsbEhfilNpQYW7mied,Shane & Shane,63,"['ccm', 'christian alternative rock', 'christian music', 'roots worship', 'worship']",369837
51XrH5fQP2oIQynuKxSWcW,Sky Rompiendo,65,['urbano latino'],55129
2NdeV5rLm47xAvogXrYhJX,Ciara,71,"['dance pop', 'hip pop', 'pop', 'r&b', 'urban contemporary']",6145004
0c173mlxpT3dSFRgMO8XPh,Big Sean,77,"['detroit hip hop', 'hip hop', 'pop rap', 'r&b', 'rap', 'southern hip hop', 'trap']",10834680
1tfhFc2Y8iplDKCteuXjCY,El Cherry Scom,58,['dembow'],244164
6PH3FLQAxtqYy46Zv08bpV,Ivan Cornejo,76,['sad sierreno'],1262882
40LHVA5BTQp9RxHOQ9JPYj,Lauren Daigle,70,"['ccm', 'christian alternative rock', 'christian music']",2396347
14zUHaJZo1mnYtn6IBRaRP,Justin Quiles,80,"['reggaeton', 'trap latino', 'urbano latino']",3992697
1tELKM5wjfv7SlSNgVOdAq,Adam Buxton,39,[],3357
26VFTg2z8YR0cCuwLzESi2,Halsey,82,"['electropop', 'etherpop', 'indie poptimism', 'pop']",20140939
4GGfAshSkqoxpZdoaHm7ky,ERNEST,69,['modern country pop'],74786
7nqOGRxlXj7N2JYbgNEjYH,SEVENTEEN,82,"['k-pop', 'k-pop boy group']",9163354
5schNIzWdI9gJ1QRK8SBnc,Ben Howard,65,"['british singer-songwriter', 'folk-pop']",1984713
6Ha4aES39QiVjR0L2lwuwq,Yo Gotti,66,"['dirty south rap', 'gangster rap', 'memphis hip hop', 'rap', 'southern hip hop', 'tennessee hip hop', 'trap']",4238232
0lEvPwrWS9883d0jQ4SkA7,King Blitz,29,[],3765
7arQA31aZVS8yS6zUveWzb,CJ,63,['nyc rap'],220244
5IcR3N7QB1j6KBL8eImZ8m,ScHoolboy Q,72,"['gangster rap', 'hip hop', 'pop rap', 'rap', 'southern hip hop', 'trap']",4490625
1bqxdqvUtPWZri43cKHac8,MAX,69,['viral pop'],811437
7DBeFeXHrHygx9GcJueqzB,Dolly White,29,[],1002
2p1fiYHYiXz9qi0JJyxBzN,Skepta,73,"['birmingham grime', 'grime', 'instrumental grime', 'uk hip hop']",1109814
6zA19zdA3bkCzHnAfcwFag,Distantic,51,['rain'],124
5mgqYTU6dhKlEdi7DOy4uU,Alberto Stylee,50,['reggaeton'],372833
2kCO8LXN1usaOPL3iEE28I,Tai Verdes,68,['modern indie pop'],738188
6ydoSd3N2mwgwBHtF6K7eX,Calum Scott,77,['pop'],5090871
3dnNuI5EU8TEdiAT73kj27,JessB,35,['nz hip hop'],11810
6ykgQbKcZFy5qoKBU4YiWj,Dougie B,60,['bronx drill'],106577
7EszqxcvN7hWVUJCdWaBku,Chapo,17,[],22
5WC6EbIrTO76x30w5LtzS6,Lily Meola,54,[],104128
0Q8NcsJwoCbZOHHW63su5S,Mora,83,"['trap latino', 'urbano latino']",1845289
6BH1xcDkwbbyrLMUKECsW1,Toosii,72,['north carolina hip hop'],1064052
26dSoYclwsYLMAKD3tpOr4,Britney Spears,80,"['dance pop', 'pop']",12270708
55fhWPvDiMpLnE4ZzNXZyW,Noah Cyrus,72,"['alt z', 'pop']",1146730
59wfkuBoNyhDMQGCljbUbA,Diddy,73,"['dance pop', 'east coast hip hop', 'hip hop', 'hip pop', 'pop rap', 'rap']",1469512
699OTQXzgjhIYAHMy9RyPD,Playboi Carti,83,"['atl hip hop', 'plugg', 'pluggnb', 'rage rap', 'rap']",8101434
4wLAjfeqAsV66AocWNcowA,Buju Banton,57,"['dancehall', 'reggae fusion']",543812
7dGJo4pcD2V6oG8kP0tJRR,Eminem,91,"['detroit hip hop', 'hip hop', 'rap']",70544844
5L1lO4eRHmJ7a0Q6csE5cT,LISA,75,['k-pop'],4456263
53XhwfbYqKCa1cC15pYq2q,Imagine Dragons,88,"['modern rock', 'pop', 'rock']",47702556
0nk8VCkEQRQfvd6xoknxfo,Navé Monjo,35,[],2373
0ZED1XzwlLHW4ZaG4lOT6m,Julia Michaels,75,['pop'],4897963
6QmSTo72BYMATkQVOV1axD,Kaitlin Butts,52,"['classic texas country', 'red dirt', 'texas country']",28698
5gSDCsyiVBWWpLyky7xzOf,Bee Eyes,23,[],109
2dIgFjalVxs4ThymZ67YCE,Stray Kids,82,"['k-pop', 'k-pop boy group', 'pop']",11213374
1muzcpVFKmKSrT7rVNAwBB,late night drive home,55,['pov: indie'],91875
1bqJuNMz1iBqWo9B0BdIiM,FN DaDealer,38,['atl trap'],13624
1MXZ0hsGic96dWRDKwAwdr,Tyla Yaweh,60,"['cali rap', 'melodic rap']",509609
2f6hqWBFjqS1EUHMS1JOFB,Unfoonk,34,['atl trap'],12966
3Kb7e8b1tSd7TLa3cy7HUV,DigBar,54,['meme'],57655
4sb7rZNN93BSS6Gqgepo4v,Too $hort,64,"['cali rap', 'gangster rap', 'golden age hip hop', 'hyphy', 'oakland hip hop', 'west coast rap']",1419115
5tQMB0cuNXdCtzovGt55uD,LUCKI,74,['plugg'],458301
4V8LLVI7PbaPR0K2TGSxFF,"Tyler, The Creator",88,"['hip hop', 'rap']",11455089
61GrWHOtJOXpqQjibezT8i,HVN,37,['rage rap'],8011
1v3tdpIdBSW14rHUfiEVOv,Lauren Alaina,66,"['contemporary country', 'country', 'country dawn', 'country road']",595633
2S2mt1DiA4QKdKvtqwxrbB,Jackboy,55,"['florida rap', 'memphis hip hop']",452036
5Pwc4xIPtQLFEnJriah9YJ,OneRepublic,83,"['piano rock', 'pop']",15552404
1Zkxm1dM3HI3QkTmxUEVQA,Los Gemelos De Sinaloa,68,"['corrido', 'corridos tumbados', 'sad sierreno', 'sierreno']",477462
49tQo2QULno7gxHutgccqF,LANY,73,['la pop'],5483058
5PYToRCsrnvikZg3yl2JMr,Stephanie Beatriz,66,"['hollywood', 'movie tunes']",39378
2hVWBpjLW4Q7fboYz2pVYK,Moliy,61,['ghanaian alternative'],14067
4FlG0V0jhLO4qGpayFOphj,EST Gee,69,"['kentucky hip hop', 'memphis hip hop']",400434
0C8ZW7ezQVs4URX5aX7Kqx,Selena Gomez,85,"['pop', 'post-teen pop']",42268639
0ghlgldX5Dd6720Q3qFyQB,TOMORROW X TOGETHER,78,"['k-pop', 'k-pop boy group']",7970912
0u6GtibW46tFX7koQ6uNJZ,Topic,74,"['german dance', 'pop dance', 'pop edm', 'tropical house', 'uk dance']",207654
4ET82ZtSfAK4utfjDauImD,Black Gryph0n,61,['otacore'],90170
0dvFTsuG02c4cRbcSQ8zE6,Yak Gotti,47,['atl trap'],36300
3qBKjEOanahMxlRojwCzhI,Zacari,67,[],86802
6qxpnaukVayrQn6ViNvu9I,BigXthaPlug,67,[],111781
1ybINI1qPiFbwDXamRtwxD,Smino,69,['alternative r&b'],797897
4BYxqVkZyFjtik7crYLg5Q,Chris Young,68,"['contemporary country', 'country', 'country road']",2736141
0fiWOxhsBsQQvFDtxUQWo0,Brett Young,68,"['contemporary country', 'country', 'country road']",989053
17lzZA2AlOHwCwFALHttmp,2 Chainz,76,"['atl hip hop', 'hip hop', 'pop rap', 'rap', 'southern hip hop', 'trap']",7820232
3NSLuwvLGsQD5x7VvYtHSv,MoneyMonk,23,[],698
46HzS7yz0c9udVwtbHk1sx,Cochise,68,"['plugg', 'pluggnb', 'rage rap']",525598
3yzRiNMZdTsSUgplcyYZ4i,Blanco Brown,59,"['black americana', 'country rap']",141921
1yI0tX9OnfOx9siPj8KNOO,Ralfy the Plug,52,"['cali rap', 'westcoast flow']",44568
4ZAk3yVJdtf1CFnTiG08U3,Luna Li,57,"['canadian garage rock', 'toronto indie']",92922
2C6i0I5RiGzDKN9IAF8reh,Banda MS de Sergio Lizárraga,80,"['banda', 'musica mexicana', 'norteno']",17229547
4R73B1y3eqdD0D9JkuFyFH,Boonie,13,[],115
40cMQJtnfUdWW2OY6wvCt2,Elvia,36,[],6915
4sTQVOfp9vEMCemLw50sbu,Galantis,73,"['dance pop', 'edm', 'pop', 'pop dance', 'tropical house']",3356689
4uKEP0JYfpFtngWlgViewd,Lil Double 0,59,['memphis hip hop'],129023
30e8DmahrEamvLbFRPdWmk,Justin Moore,66,"['arkansas country', 'contemporary country', 'country', 'country road']",1750477
0cGUm45nv7Z6M6qdXYQGTX,Kehlani,75,"['pop', 'r&b']",6865942
0Z8XVUAOBPM4x12wKnFHEQ,Parker McCollum,69,"['classic texas country', 'texas country']",320097
4rTv3Ejc7hKMtmoBOK1B4T,Ali Gatie,69,['canadian hip hop'],2043176
107CG0UhUl9GJnPwF83N63,UPPERROOM,63,"['ccm', 'deep ccm', 'instrumental worship', 'world worship', 'worship']",247786
3IG49Dhngr903hQWOFzmlh,Big Homiie G,47,['memphis hip hop'],48640
3CAhiUHkUYT1mFtVHM9SHA,Valentín Elizalde,69,"['banda', 'corrido', 'musica mexicana', 'musica sonorense', 'norteno', 'sierreno']",2880439
13MwFjr6LL8GwK7wlfIL6t,Horsehead,55,[],202
3exvMmrLV6o4R42YnG3Id6,Egzod,63,[],84357
4gzpq5DPGxSnKTe4SA8HAU,Coldplay,89,"['permanent wave', 'pop']",44097566
6CHFq8hiVCpHsNKsP2aMw2,Tripstar,35,['memphis hip hop'],4230
39xSFVoeHPX87DYQWe6z3y,Rain Inc,56,[],187
2F3zBRfrDfm2FyNT0YKyAx,Sir Michael Rocks,43,"['soul flow', 'underground hip hop']",97913
21dVknSLCsK37cWozWDZZS,Matt Sassari,67,"['french tech house', 'french techno']",44175
4tuJ0bMpJh08umKkEXKUI5,Gracie Abrams,73,['alt z'],1017952
3QJUFtGBGL05vo0kCJZsmT,salem ilese,65,"['alt z', 'modern indie pop']",309066
3crnzLy8R4lVwaigKEOz7V,E-40,68,"['cali rap', 'gangster rap', 'hyphy', 'oakland hip hop', 'west coast rap']",832321
7x8nK0m0cP2ksQf0mjWdPS,Dierks Bentley,70,"['contemporary country', 'country', 'country road']",3014249
1W7FNibLa0O0b572tB2w7t,Pink Sweat$,69,['bedroom soul'],1680445
6lxA3O2PKkIPpAjPHtQ8Kv,Vex Ruffin,23,[],5532
2dIP3oiEt0xB8CrfSqN9Og,Corb Lund,51,"['alberta country', 'canadian contemporary country', 'canadian country', 'canadian singer-songwriter', 'cowboy western']",71333
4lPU30QB53QTUVhkjcb0WS,EBK Young Joc,54,['cali rap'],67641
5d1JhBfyb58upMXCZOdbQu,Phil Wickham,65,"['ccm', 'christian alternative rock', 'christian indie', 'christian music', 'worship']",715348
2tIP7SsRs7vjIcLrU85W8J,The Kid LAROI,81,['australian hip hop'],4546084
1gW6pz5n1aK249L0GvfQCC,Grupo Marca Registrada,81,"['corrido', 'norteno', 'nueva musica mexicana', 'sad sierreno']",2627356
1apmSb6aeHZyr9zUsy1Z9q,VaVa,38,['chinese hip hop'],60103
2RQXRUsr4IW1f3mKyKsy4B,Noah Kahan,75,['pov: indie'],793188
5ZS223C6JyBfXasXxrRqOk,Jhené Aiko,77,['r&b'],6453691
6Tjx1FOkCvSQcuwyyaUdKr,G.Wakai,11,[],157
2ExGrw6XpbtUAJHTLtUXUD,Stefflon Don,67,"['dancehall', 'dancehall queen', 'uk dancehall', 'uk hip hop']",1125682
6V2Aq0SAFhFdZjwcrtcKkN,Max B.,14,[],71
1tjQoCGs4X0H7gkBoXno3p,FlexOnDaTrack,33,['san antonio rap'],138
6UBA15slIuadJ8h2lPRPos,Tech N9ne,69,['kansas city hip hop'],2673384
7jZMxhsB8djyIbYmoiJSTs,Kiana Ledé,65,['r&b'],1510059
6Rw7DRa1dzChBvxGPCpOxU,Niko Moon,59,[],95250
0XwVARXT135rw8lyw1EeWP,Christian Nodal,82,"['mariachi', 'musica mexicana', 'nueva musica mexicana', 'ranchera']",13301463
7HTLVyjNf0VRxfIgNcfRRH,Chase Matthew,63,['modern country pop'],134722
6WY7D3jk8zTrHtmkqqo5GI,Maren Morris,72,"['classic texas country', 'contemporary country']",736096
5qVVvbyUOpNdgTGvNxzcMW,Ciscaux,60,['aesthetic rap'],43561
20sxb77xiYeusSH8cVdatc,Meek Mill,75,"['hip hop', 'philly rap', 'pop rap', 'rap', 'southern hip hop', 'trap']",7206217
1HD6q5dxREv64GOc3H7vBs,Maestro Chives,62,[],7489
4aXXDj9aZnlshx7mzj3W1N,Lin-Manuel Miranda,73,"['broadway', 'show tunes']",563502
7f5Zgnp2spUuuzKplmRkt7,Lost Frequencies,77,"['belgian edm', 'edm', 'pop dance', 'tropical house']",2648132
21451j1KhjAiaYKflxBjr1,Zion & Lennox,78,"['reggaeton', 'urbano latino']",7299206
3tlXnStJ1fFhdScmQeLpuG,Brent Faiyaz,83,"['dmv rap', 'r&b', 'rap']",3837902
0aKS1m1pFD0WwcYo6P02HU,YungLiV,40,['philly drill'],9025
44mEtidu0VdRkIqO4IbkNa,Marca MP,72,"['corrido', 'corridos tumbados', 'musica mexicana', 'norteno', 'nueva musica mexicana', 'sad sierreno', 'sierreno']",1771449
7iKgSlIINjat3bsCYiNMYX,EBK Jaaybo,54,['cali rap'],68841
66CXWjxzNUsdJxJ2JdwvnR,Ariana Grande,90,['pop'],90339491
2LIk90788K0zvyj2JJVwkJ,Jack Harlow,82,"['deep underground hip hop', 'kentucky hip hop', 'pop rap', 'rap']",2900279
4MzJMcHQBl9SIYSjwWn8QW,Spiritbox,62,"['canadian metalcore', 'melodic metalcore']",397210
5g8mXUQcC8DVAHLwGGAIrJ,Booka600,52,['chicago rap'],94254
3jAZsSIIA8HLjxR99biJyx,Cico P,47,['pop rap'],22183
7vp0b6TMlF5PF9eIeSzadf,Erick B,50,['sad sierreno'],39329
2QWIScpFDNxmS6ZEMIUvgm,Julieta Venegas,74,"['latin alternative', 'latin pop', 'latin rock', 'rock en espanol']",1975568
687cZJR45JO7jhk1LHIbgq,Tems,75,"['afro r&b', 'afrobeats', 'alte', 'nigerian pop']",1077327
5RJFJWYgtgWktosLrUDzff,Griff,61,['uk pop'],225551
4F61H4lx1js4wtWfb2Rfnt,Party Pupils,48,['pop edm'],48650
6QgOGgahvXBHEEzpjbDsOj,Sanctus Real,58,"['ccm', 'christian alternative rock', 'christian music', 'worship']",306022
47mIJdHORyRerp4os813jD,League of Legends,78,"['speedrun', 'video game music']",1601958
03LEDukdM723NRLz4UXeNv,nascar aloe,53,['dark trap'],170606
4yJHrytMK7mqtKsXVGaBNg,Fana Hues,63,"['alternative r&b', 'indie r&b']",50619
26nStRV6Waedt17W4Uhx6l,John Leguizamo,47,['latino comedy'],3621
3gwjMn413kOhSLR9wb4CWJ,Snap Dogg,33,['detroit trap'],14601
1BEUkE2CSUgHTLSBMZdnFB,Mae Muller,67,"['uk contemporary r&b', 'uk pop']",132132
0GM7qgcRCORpGnfcN2tCiB,Tainy,76,"['pop reggaeton', 'reggaeton', 'trap latino', 'urbano latino']",1332739
1fctva4kpRbg2k3v7kwRuS,Rvssian,69,"['reggaeton', 'trap latino', 'urbano latino']",2365527
3gBZUcNeVumkeeJ19CY2sX,Ken Carson,71,['rage rap'],486122
2R21vXR83lH98kGeO99Y66,Anuel AA,89,"['reggaeton', 'reggaeton flow', 'trap boricua', 'trap latino', 'urbano latino']",29021854
72y6MZHIPEyS64ACSCtIq6,Hisohkah,56,"['slowed and reverb', 'weirdcore']",24599
3aBe7wR8eOZi8vqw3JgHiZ,F1JO,20,[],650
0Y3agQaa6g2r0YmHPOO9rh,Davido,74,"['afrobeats', 'afropop', 'azontobeats', 'ghanaian hip hop', 'nigerian pop']",2780231
11usEAQkFE6UJwsyAKkchi,Caleb Calloway,57,['urbano latino'],2956
20qISvAhX20dpIbOOzGK3q,Nas,74,"['conscious hip hop', 'east coast hip hop', 'gangster rap', 'hardcore hip hop', 'hip hop', 'queens hip hop', 'rap']",3269322
3wrFoI9EVjWg6m8xXeWr5t,VALORANT,63,['video game music'],188763
4oLeXFyACqeem2VImYeBFe,Fred again..,77,"['edm', 'house']",735213
2VDZoCBGjxbHJbnzSX5nP6,Kxllswxtch,70,"['dark trap', 'oc rap', 'scream rap']",167993
7i9j813KFoSBMldGqlh2Z1,Riton,67,"['house', 'pop dance', 'uk dance']",111066
0my6Pg4I28dVcZLSpAkqhv,El Fantasma,73,"['banda', 'corrido', 'musica mexicana', 'norteno', 'nueva musica mexicana']",5658189
2cPqdH7XMvwaBJEVjheH8g,Jay Wheeler,77,"['reggaeton', 'trap latino', 'urbano latino']",3130582
1QfpRUtH14JLoY6F6AYmwt,The Rare Occasions,65,['la indie'],228078
3oSJ7TBVCWMDMiYjXNiCKE,Kane Brown,75,"['black americana', 'contemporary country', 'country', 'country road']",4846743
639xerhpqwPMYay6bkjz75,Koby Laver,53,[],1428
3eCd0TZrBPm2n9cDG6yWfF,DEAN,61,"['k-pop', 'korean r&b']",1331447
2hwy5DELim1AxB1sHPqn4y,Gotts Street Park,49,['british soul'],20574
4bYPcJP5jwMhSivRcqie2n,Adam Levine,72,['deep talent show'],992151
0OpXeanba0vYnyoft00BP6,Polo Gonzalez,67,"['corrido', 'corridos tumbados', 'sad sierreno', 'sierreno']",462571
5QNm7E7RU2m64l6Gliu8Oy,HARDY,75,"['contemporary country', 'modern country pop']",377707
0MoaBi6dSquXp6rrlqlF8R,Buscabulla,63,"['latintronica', 'puerto rican indie']",83836
66ihevNkSYNzRAl44dx6jJ,Carin Leon,84,"['banda', 'corrido', 'musica mexicana', 'nueva musica mexicana', 'sad sierreno', 'sierreno']",6318721
7crPfGd2k81ekOoSqQKWWz,Stevie Nicks,66,['heartland rock'],1226953
5phOCTS0ZqbZGVXdpG6rLu,Jeff Bhasker,34,[],6765
0B3kMiB21aPQlKumGDr4c7,Veeze,58,"['detroit hip hop', 'scam rap']",51074
7J2iS8AJGjC7om2vgBXdDJ,Cl4pers,53,"['meme', 'pluggnb']",65410
6qgnBH6iDM91ipVXv28OMu,KAYTRANADA,72,"['alternative r&b', 'escape room', 'indie soul', 'lgbtq+ hip hop']",1205531
4Q6nIcaBED8qUel8bBx6Cr,Jax Jones,74,"['dance pop', 'edm', 'house', 'pop dance', 'tropical house', 'uk dance', 'uk pop']",1111807
7AI9yB4mqXc2h9fONnHgqA,herhexx,36,[],170
4Q6CxLeEfgULmUCUEVxApw,SNAPKATT,15,[],778
1Z25ZlGHqqlr3o1UGQOfNn,Jnr Choi,57,['gambian hip hop'],59183
23fqKkggKUBHNkbKtXEls4,Kygo,80,"['edm', 'pop', 'pop dance', 'tropical house']",8353534
0ynzbXwyCzxicMKHBoOkSH,EKKSTACY,66,[],163338
1sBkRIssrMs1AbVkOJbc7a,Rick Ross,77,"['dirty south rap', 'gangster rap', 'hip hop', 'rap', 'southern hip hop', 'trap']",6789952
4W2brXZKxOJkvYWr8PReXh,AiritOut JuJu,8,[],4
2RdwBSPQiwcmiDo9kixcl8,Pharrell Williams,80,"['dance pop', 'pop']",4187022
6x2LnllRG5uGarZMsD4iO8,Thomas Rhett,74,"['contemporary country', 'country', 'country road', 'modern country rock']",4494281
6T4tcUkLcppayRBkcjXR0V,Ketchy the Great,39,"['cali rap', 'westcoast flow']",13688
3aHe9rMa5HFTjXHw8tEz0A,Jenna Raine,55,['alt z'],108352
6tfVJrqicGpxRbz7q6NJ0L,Lil Maru,52,[],66496
5v2WhpA59TJSdPh7LCx1lN,BONES,75,"['cloud rap', 'dark trap']",1295585
3tJnB0s6c3oXPq1SCCavnd,Marco Antonio Solís,75,"['grupera', 'latin pop', 'musica mexicana', 'ranchera']",6317392
55Aa2cqylxrFIXC767Z865,Lil Wayne,86,"['hip hop', 'new orleans rap', 'pop rap', 'rap', 'trap']",13537286
7eEiDNxx0ZlaXHkn74qOrM,sharkboy,49,['rage rap'],6469
0fA0VVWsXO9YnASrzqfmYu,Kid Cudi,80,"['hip hop', 'ohio hip hop', 'pop rap', 'rap']",6475701
7E2ioKxoxI2J94tUkIx6As,Alex Isley,58,['alternative r&b'],145581
4fv1OFJywZ7DHCz3mVQQ45,Grabbitz,59,['brostep'],83426
3K40SMapVhc8PxyYFofHff,Corbin,52,['cloud rap'],126321
0vdfJvybF4QD1rzkHYqp6Q,Ned LeDoux,36,"['texas country', 'wyoming roots']",20210
1NNRWkhwmcXRimFYSBpB1y,Yng Lvcas,81,[],72035
4TCXgdDPm10ensLNCVnIYa,Joy Williams,59,"['acoustic pop', 'christian indie', 'nashville americana', 'nashville singer-songwriter', 'new americana']",113684
1UyzP6admqk7jIIgedlD4B,Little Circuits,51,['sleep'],573
1DxLCyH42yaHKGK3cl5bvG,Maria Becerra,81,['pop argentino'],4110527
1a7xjqgtH0LtzVv80S9kVx,Saliva Grey,60,['dark trap'],19093
111WEufNVhB1lRCVHAqEve,José Mejía,57,"['corrido', 'corridos tumbados', 'sad sierreno', 'sierreno']",102854
5t5FqBwTcgKTaWmfEbwQY9,ENHYPEN,75,"['anime', 'k-pop boy group']",5503846
7tje8UB3cuR1ZfeJx2U38T,Logan Mize,55,"['contemporary country', 'country pop', 'country road', 'modern country rock']",102773
7jVv8c5Fj3E9VhNjxT4snq,Lil Nas X,79,['lgbtq+ hip hop'],12416876
2Waw2sSbqvAwK8NwACNjVo,Bo Burnham,71,"['comic', 'pov: indie']",1725420
6TsHQClbheVZTyc97g5Nc4,No More Heroes,49,[],2464
6GaslxycqT27V8q2H3yZ7x,Little Ricky ZR3,34,[],9333
7FOQfJbC3e4GNoheojERnF,SleazyWorld Go,65,[],163962
3uJx5SnOM59Li7lCxA3b29,Lil Keed,60,['melodic rap'],913081
1yDI9pWnlrJmi9kZn3gkCb,John Paul White,57,"['alabama indie', 'new americana']",33875
0xPoVNPnxIIUS1vrxAYV00,Del Water Gap,57,"['deep new americana', 'indie pop', 'pov: indie']",123566
7HjGPPtdNuHcK8crc7iNkn,Ian Munsick,65,"['modern country pop', 'wyoming roots']",141107
3TVXtAsR1Inumwj472S9r4,Drake,96,"['canadian hip hop', 'canadian pop', 'hip hop', 'rap', 'toronto rap']",75185366
5N3AyFVEE8vJa7AZEl7nD3,Conjunto Rienda Real,65,['sad sierreno'],63080
4LLpKhyESsyAXpc4laK94U,Mac Miller,84,"['hip hop', 'pittsburgh rap', 'rap']",8968108
6n28c9qs9hNGriNa72b26u,PNAU,74,"['alternative dance', 'aussietronica', 'australian dance', 'australian electropop']",210462
3JsHnjpbhX4SnySpvpa9DK,V,68,"['j-division', 'korean ost']",13109731
3VHAySZQPlfGlNLslzXYpN,NATHY PELUSO,67,"['r&b en espanol', 'rap latina']",1030722
4ejCEsiLoioHxdLmYNvIAY,Jacob Richmond,39,[],1083
2cWZOOzeOm4WmBJRnD5R7I,Normani,68,"['pop', 'r&b']",2391240
2YFBOR9KIxC6WqHclkj9Yq,Keke Palmer,53,"['pop r&b', 'post-teen pop', 'r&b']",654611
6UuT0BJZ9vF8Y1sxXnJl2s,Bounty Killer,51,"['dancehall', 'jamaican hip hop', 'reggae fusion']",224691
36CUTsdtNgCwMq6zKD1l8I,Mauro Castillo,59,"['modern salsa', 'movie tunes', 'salsa colombiana']",33365
67ZcPnEGiAlCx2O3sQarWV,Alexandra Kay,53,['modern country pop'],150693
6fxyWrfmjcbj5d12gXeiNV,Denzel Curry,73,"['dark trap', 'drill', 'hip hop', 'miami hip hop', 'rap', 'underground hip hop']",2315739
4uhtwfPIUNW1qmL13rzZmF,Christian Camilo Peña,25,[],49
21WS9wngs9AqFckK7yYJPM,PnB Rock,69,"['melodic rap', 'rap', 'trap']",3826240
6AcOTCYBMvjKYy4zms0kaC,Banda El Recodo,72,"['banda', 'banda sinaloense', 'musica mexicana', 'norteno']",3462703
60NNvDqsif0u40CXMV6jDQ,Ryan Beatty,54,['bedroom soul'],134989
72kqSqk124Vnl1wtT6q9Fh,Adassa,59,['movie tunes'],6557
5oNgAs7j5XcBMzWv3HAnHG,DJ Drama,66,"['dirty south rap', 'philly rap', 'southern hip hop', 'trap']",1431914
2FRfJyV85zb19tO6uiXBGl,sped up + slowed,70,['sped up'],6730
28ExwzUQsvgJooOI0X1mr3,Jay Rock,73,"['conscious hip hop', 'hip hop', 'rap', 'southern hip hop', 'trap']",1399807
3Yhv9MAKkZA0k3PLTZXlZQ,Marcus Yates,19,[],1209
5W5bDNCqJ1jbCgTxDD0Cb3,Willie Nelson,72,"['classic country pop', 'classic texas country', 'country', 'country rock', 'nashville sound', 'outlaw country', 'singer-songwriter']",1942436
2IvkS5MXK0vPGnwyJsrEyV,Eric Church,74,"['contemporary country', 'country', 'country road']",3742493
4vg4AC4wgDKwGNV1xemLr1,DSCOSTU,39,[],377
4mPrHfhtQUBoHgTxkBieLY,VickeeLo,39,['bounce'],21446
2mJLFoa2cRqCZHL6MZNaak,Germán Montero,52,"['banda', 'musica mexicana', 'norteno']",976022
6jGMq4yGs7aQzuGsMgVgZR,Lil Tjay,80,"['brooklyn drill', 'melodic rap', 'nyc rap']",6550392
4e5oZygHeeRoTXc00gYWiu,Danny Towers,61,[],33399
3GLqH1P5kbxsIWqCwOwaB8,cloudcity,53,[],251
5IbEL2xjRtKsunfmsahLuO,$NOT,71,"['aesthetic rap', 'cloud rap', 'florida rap', 'underground hip hop']",1342003
5V8q61RswIFvxhIfzYVew9,Reese Witherspoon,55,['hollywood'],9324
3L2SIGZah4QZSvN4wC8rHl,City Spud,59,[],1474
3tqosLbNFNekyZyO2KJ6qd,Mike Sherm,65,['cali rap'],404417
0FPWyyf6MD4QZTj3aypD3O,We Are KING,45,['neo r&b'],32529
0C86lmpnwiyLDUiyo4d0P1,BRELAND,61,['black americana'],82433
11662aaOqDYv2EBHSxJPJV,Drivotra,52,['rain'],273
6jJ0s89eD6GaHleKKya26X,Katy Perry,84,['pop'],26925177
4Ga1P7PMIsmqEZqhYZQgDo,Lil Tecca,77,"['melodic rap', 'pluggnb', 'rap']",5958370
2hejA1Dkf8v8R0koF44FvW,Gera MX,76,"['mexican hip hop', 'rap conciencia']",4177788
7fzgNgRW6BU64sSRRNNkN5,Boona,13,[],124
1Iww3Y4gDbNvjkqnjUzIZu,Relaxcation,50,['rain'],178
2y246nnP9pQT0E6v3ZMMOO,Night Lovell,69,"['aesthetic rap', 'canadian hip hop', 'canadian trap', 'cloud rap', 'dark trap', 'ottawa rap']",1258276
329e4yvIujISKGKz1BZZbO,Farruko,84,"['reggaeton', 'trap latino', 'urbano latino']",15078616
5IYRfypwG9BDDh5ZRPI80z,Totoy El Frio,61,"['reggaeton colombiano', 'urbano latino']",23505
0du5cEVh5yTK9QJze8zA0C,Bruno Mars,88,"['dance pop', 'pop']",48161750
5LHRHt1k9lMyONurDHEdrp,Tyga,81,"['hip hop', 'pop rap', 'rap', 'trap']",6813817
1McMsnEElThX1knmY4oliG,Olivia Rodrigo,83,['pop'],25222001
78YqeIji3mgAS2K1Maca6x,Dylan Scott,65,"['contemporary country', 'country', 'country road', 'modern country rock']",1399377
35WVTyRnKAoaGExqgktVyb,Hotel Ugly,75,[],288862
5xkFVS6IwwgHEAaRzXc9U3,Tay Keith,58,['memphis hip hop'],38689
502gYHkFCtLzBIcU4ctPLd,Zeph,63,['gen z singer-songwriter'],97356
5zixe6AbgXPqt4c1uSl94L,Connor Price,74,[],718857
7ciBW1p3KBsYIkFk4UmwS8,The Rudeboyz,56,['trap brasileiro'],16978
7n2wHs1TKAczGzO7Dd2rGr,Shawn Mendes,84,"['canadian pop', 'pop', 'viral pop']",41529896
4qDQBPUMcJUH7BQ9dfJnfI,Grupo Ensamble,54,['cumbia sonidera'],69868
21QEpK62qn34QVshh4qpTK,Sam Carter,39,[],179
6U3ybJ9UHNKEdsH7ktGBZ7,JID,77,"['hip hop', 'rap', 'underground hip hop']",1217426
3pc0bOVB5whxmD50W79wwO,keshi,79,['chill r&b'],2583342
3qiHUAX7zY4Qnjx8TNUzVx,Yeat,84,"['pluggnb', 'rage rap']",2413922
2EnD37GNRe2REqHBKqMnZQ,Bslime,44,['atl trap'],8560
6gj3sMEZYP6IESIptoXnrP,Ambré,54,['alternative r&b'],79760
371jpyGdoChzUASOIG2ECV,Ashley McBryde,59,"['arkansas country', 'contemporary country', 'country', 'country road']",212724
66W9LaWS0DPdL7Sz8iYGYe,JP Saxe,67,"['alt z', 'canadian contemporary r&b']",429289
1r4hJ1h58CWwUQe3MxPuau,Maluma,84,"['latin pop', 'reggaeton', 'reggaeton colombiano', 'urbano latino']",33817987
1Lskvp8v0SE5vR9KR8Ymcb,Golde London,24,[],1249
3nFkdlSjzX9mRTtwJOzDYB,JAY-Z,84,"['east coast hip hop', 'gangster rap', 'hip hop', 'pop rap', 'rap']",8357546
3rWZHrfrsPBxVy692yAIxF,WILLOW,73,"['afrofuturism', 'pop', 'post-teen pop', 'pov: indie']",2303195
6Itjwvv5YmsC8ZcI5N4Jux,Sael,56,['urbano latino'],45332
6VuMaDnrHyPL1p4EHjYLi7,Charlie Puth,83,"['pop', 'viral pop']",20222739
5hKGLu4Ik88FzWcTPhWNTN,INTERWORLD,76,"['phonk brasileiro', 'sped up']",268775
6TLwD7HPWuiOzvXEa3oCNe,Oliver Tree,77,['alternative hip hop'],2270512
716NhGYqD1jl2wI1Qkgq36,Bizarrap,85,"['argentine hip hop', 'pop venezolano', 'trap argentino', 'trap latino', 'urbano latino']",10642319
3BEV5FcxOtkQJ7lLRKMh3V,Tyler Hubbard,67,"['contemporary country', 'modern country pop']",63671
5he5w2lnU9x7JFhnwcekXX,Skrillex,78,"['brostep', 'complextro', 'edm', 'electro', 'pop dance']",8175535
37hAfseJWi0G3Scife12Il,City Girls,66,"['scam rap', 'trap queen']",2241828
7matqk3epcmZaikm34GB3T,GAWNE,52,[],60632
1RyvyyTE3xzB2ZywiAwp0i,Future,90,"['atl hip hop', 'hip hop', 'rap', 'southern hip hop', 'trap']",13857693
0Njy6yR9LykNKYg9yE23QN,Nardo Wick,72,"['florida drill', 'florida rap']",672592
5olrQpDroHT7sjmYWMLivy,Pressa,54,"['canadian hip hop', 'melodic rap', 'rap montrealais', 'toronto rap']",115030
4QzrhxZWtXfuW6rZATPTE7,Aaron Moses,51,[],4792
56oDRnqbIiwx4mymNEv7dS,Lizzo,78,"['escape room', 'minnesota hip hop', 'pop', 'trap queen']",5560571
4alndwWPbM9ApMYLjg19oD,Wale the Sage,53,['chill abstract hip hop'],56394
2KAaJOwfu8n93byx6YPRPa,Scarlett Johansson,57,"['hollywood', 'nyc pop']",192123
7JuMRNIHpmyFPoihd7NB7T,Rocci,51,[],12309
3xxFIilHFOKX6QaoJfBYrk,T$AN,17,[],2481
09KZU0NsS7jRa5p0SflmGY,Philharmonia Orchestra,62,"['british orchestra', 'orchestra']",61697
6l3HvQ5sa6mXTsMTB19rO5,J. Cole,87,"['conscious hip hop', 'hip hop', 'north carolina hip hop', 'rap']",20103727
0HgICyWHmS6rnl8xWEd0x6,Banda Los Sebastianes,27,"['banda', 'musica mexicana', 'norteno', 'sierreno']",970996
3FFQjcpieXBXQwkbUJQpjV,Los Del Fl,49,[],26
3hTffafUYLLgO4yuPAxb5U,Lenin Ramírez,71,"['banda', 'corrido', 'musica mexicana', 'norteno', 'nueva musica mexicana', 'sad sierreno', 'sierreno']",2656308
2pSObt5Fk8izuX8ZfI3jRn,Upchurch,70,"['country rap', 'redneck']",1540194
7hf5PZjVOqTQ2id3PF7I5Y,B-Lovee,57,"['bronx drill', 'new york drill']",126910
4SgQGVqmPmPd0NMEj3T1IT,AO Bubb,26,[],1664
5A7T1LAGJg5NXySBoIKUmF,che,52,['rage rap'],36927
4ArPQ1Opcksbbf3CPwEjWE,Emilee,60,['social media pop'],95125
6zLBxLdl60ekBLpawtT63I,Cody Johnson,72,"['classic texas country', 'contemporary country']",853616
2Pv9ZGQqEflbdavLk6rr0t,Sniper Gang,26,['florida rap'],60737
0K87f3owemzI8NUCoEIXOB,vaultboy,64,[],164694
3Z7sI9OvtPJDAtjrZQKIAE,Rick Flemm,53,['instrumental lullaby'],217
4stSxe6AbpXw3x7nRDsYVX,Remmy Valenzuela,64,"['banda', 'corrido', 'musica mexicana', 'norteno', 'nueva musica mexicana', 'sierreno']",1571223
2iI5KWXLjw1tqLQsdjuo0e,Chael Produciendo,64,['dembow dominicano'],13683
0X3nsc84A9qlFilmlWNwQb,Scorey,60,['upstate ny rap'],297253
2VDsDEKCdNm7c7Ve43Z9gw,Clare Dunn,36,"['contemporary country', 'country pop']",43538
0WK3H9OErSn5zKOkOV5egm,DDG,65,['pop rap'],1008019
1gALaWbNDnwS2ECV09sn2A,Nightcrawlers,64,"['disco house', 'hip house', 'uk dance', 'vocal house']",48349
19k8AgwwTSxeaxkOuCQEJs,Jelly Roll,74,"['country rap', 'nashville hip hop', 'tennessee hip hop']",2046553
0OEYE03fBF2VoTBxGuaUxL,Chri$tian Gate$,64,['sad rap'],214191
06HL4z0CvFAxyc27GXpf02,Taylor Swift,100,['pop'],74266491
1aMt4A5jrQHxDYyC7rXgV0,Pol Granch,65,['spanish pop'],240202
0hEurMDQu99nJRq8pTxO14,John Mayer,78,"['neo mellow', 'singer-songwriter']",5859946
1cNDP5yjU5vjeR8qMf4grg,YNW Melly,73,"['melodic rap', 'rap']",8815955
7DkseLyOZrdRjCuoWFtqFi,Edicion Especial,69,"['corrido', 'norteno', 'sad sierreno']",847972
7zVXfjqG8yM5gVp8WLab5s,Epiphonema,49,['rain'],35
1Xyo4u8uXC1ZmMpatF05PJ,The Weeknd,96,"['canadian contemporary r&b', 'canadian pop', 'pop']",64750237
5YGY8feqx7naU7z4HrwZM6,Miley Cyrus,89,['pop'],20715719
62F9BiUmjqeXbBztCwiX1U,Lil Darkie,71,"['glitchcore', 'meme rap']",1414574
7LnaAXbDVIL75IVPnndf7w,Jamie Foxx,69,"['contemporary r&b', 'hip pop', 'r&b', 'southern hip hop', 'trap', 'urban contemporary']",1094050
1FtBEIWAwvw5ymBen5GICR,Chlöe,65,[],289715
6XoXNsXj8wck0oVUNwxcmF,MIA GLADSTONE,45,[],24880
26XGM4cZDcTgrXo1nis5HT,Enchanting,43,[],58070
5bWUlnPx9OYKsLiUJrhCA1,Jon Z,70,"['reggaeton', 'trap latino', 'urbano latino']",5495610
4yBK75WVCQXej1p04GWqxH,Jeezy,70,"['atl hip hop', 'crunk', 'dirty south rap', 'gangster rap', 'old school atlanta hip hop', 'rap', 'southern hip hop', 'trap']",2334304
4jogXSSvlyMkODGSZ2wc2P,Calibre 50,76,"['banda', 'corrido', 'musica mexicana', 'norteno', 'nueva musica mexicana', 'sierreno']",10053257
128ftF9X7Kd7Di2fq3wYVs,Jamby El Favo,65,"['reggaeton', 'trap latino', 'urbano latino']",1073288
5BnvoIO9j362IcN5NkZ9Tq,Monsooners,52,['rain'],96
3V0ZQW0dNuVaFtbVYgSI24,Claire Rosinkranz,61,"['alt z', 'modern indie pop']",362653
4adSXA1GDOxNG7Zw89YHyz,mazie,60,['modern indie pop'],106008
1vaQ6v3pOFxAIrFoPrAcom,Ari Lennox,65,"['alternative r&b', 'dmv rap']",646429
4l1ovhN5c3t3b7G6KQcXHE,OT7 Quanny,35,['philly drill'],4609
4YLtscXsxbVgi031ovDDdh,Chris Stapleton,78,"['contemporary country', 'outlaw country']",5648927
6cEuCEZu7PAE9ZSzLLc2oQ,R3HAB,77,"['dutch house', 'edm', 'electro house', 'pop dance', 'progressive electro house', 'slap house']",2472994
3Tv1UzQAvn0v0hKTxisXnR,Kaito Shoma,59,['drift phonk'],93865
12j6dJrPXanCBwY599pZxf,Matt Maltese,68,"['indie anthem-folk', 'indie pop', 'pov: indie']",352395
0fGcIStdT1OpFFhOC7Wp36,Teezo Touchdown,57,"['chill abstract hip hop', 'indie hip hop']",60310
3Uqu1mEdkUJxPe7s31n1M9,Weyes Blood,59,"['art pop', 'chamber pop', 'experimental folk', 'indie pop']",355089
0doHBzLLsQPvw51PMryi0k,SaysoTheMac,47,"['cali rap', 'westcoast flow']",19446
2jwC7uml6QVgLBfx1Hbtek,Memo Boy,56,['weirdcore'],167730
3Vl9fyKMIdLMswk8ai3mm9,Rebecca Black,48,['teen pop'],126712
5a0Qt0X5j0GDe0zu7zniIf,Simeon,20,[],86
2cCUtGK9sDU2EoElnk0GNB,The National,72,"['chamber pop', 'indie folk', 'indie rock', 'indietronica', 'modern rock', 'stomp and holler']",1511163
2Go6wC0GsnkVeRoVwh8rqX,Olga Merediz,57,[],1760
6rMZyhoEZxy9PXzp8ptuqd,D'mari Harris,40,[],1941
45gHcnDnMC15sgx3VL7ROG,42 Dugg,73,"['detroit trap', 'trap']",812569
4YURkxOtE9WWvMcYrmsVRg,HiDoraah,24,[],1446
6mx5dgNlLjrDDMyFsgrW87,TALK,58,[],84076
7cVZApDoQZpS447nHTsNqu,LeeHi,66,['k-pop'],1498626
3Y2MLcrD3ZQXRXmtn4fZQx,SpotemGottem,56,"['florida drill', 'florida rap']",446797
5SyGEPymt1G2uto47tVWvZ,MadeinTYO,63,"['atl hip hop', 'melodic rap', 'trap', 'vapor trap']",1022450
6qm0DFounuQWwu6IF0ZGH2,La Fiera de Ojinaga,64,"['musica chihuahuense', 'norteno', 'norteno-sax', 'sad sierreno', 'sierreno']",391538
6Xiuj9T13YmHkjZ70VWerK,PTAF,40,[],342
6SFUC6ORDCIBqPssCBpeHT,Patty Loveless,53,"['country', 'country dawn', 'country road', 'kentucky roots']",406861
6RY7kT6PGGzAA3TG3s4Qmp,Karlae,35,['trap queen'],7945
4Gso3d4CscCijv0lmajZWs,Don Toliver,84,['rap'],2869119
7Kt7O3A8zdjcCYPFopGTiY,Sharc,54,[],7009
1MUV2xrrCkG9mhZyVUDGEy,Sodikken,54,"['otacore', 'pixel', 'pov: indie']",179785
0NB5HROxc8dDBXpkIi1v3d,Remi Wolf,65,"['indie pop', 'modern alternative pop']",370594
0u2FHSq3ln94y5Q57xazwf,Keith Urban,71,"['australian country', 'australian pop', 'contemporary country', 'country', 'country road']",5116861
3eVa5w3URK5duf6eyVDbu9,ROSÉ,66,['k-pop'],3919236
7HaSqpaqnOWSaqvezpdhX4,TileKid,55,[],16660
4pfy05cNNTacuOQ6SiSu4v,Lyn Lapid,60,['gen z singer-songwriter'],402213
0vUp0HrA2d7mcExuf5Wbo6,Eniola Abioye,48,[],1045
45TgXXqMDdF8BkjA83OM7z,Rod Wave,78,['florida rap'],4803345
02kJSzxNuaWGqwubyUba0Z,G-Eazy,75,"['indie pop rap', 'oakland hip hop', 'pop rap', 'rap']",5165528
20wkVLutqVOYrc0kxFs7rA,Daniel Caesar,81,['canadian contemporary r&b'],4077021
3L8lia6SiogIvkEl2qQ32d,Gaea Antoniou,50,['sleep'],341
64EHXDoln95lnccszdPum0,Royal & the Serpent,61,"['alt z', 'indie electropop', 'modern alternative pop']",192322
3NPpFNZtSTHheNBaWC82rB,X Ambassadors,73,"['modern alternative rock', 'modern rock', 'stomp pop']",2867103
0xbFeNL2mGn3piQX1Xpsf4,Emily Rohm,47,[],3240
58eJhHRICp87T2IFcP0bYh,Slush Puppy,50,['socal indie'],56021
2as15AH2BTrPk8v4gyElmr,Rhenzy Feliz,58,[],2536
3AA28KZvwAUcZuOKwyblJQ,Gorillaz,82,"['alternative hip hop', 'modern rock', 'rock']",10434626
5H6xmHXjsq98NLbEjuE29f,NEIKED,64,['scandipop'],164078
7htQnykNfk2Bu39bSw7owz,ame,65,[],828
1GKIlPFdcewHtpDVCQ8zmJ,Brray,75,"['reggaeton', 'reggaeton flow', 'trap latino', 'urbano latino']",245700
4o0NtnL2m0lzZmEdRas1qv,Ovi,71,"['corrido', 'corridos tumbados', 'sad sierreno', 'trap latino', 'urbano latino']",968835
50co4Is1HCEo8bhOyUWKpn,Young Thug,85,"['atl hip hop', 'atl trap', 'gangster rap', 'melodic rap', 'rap', 'trap']",8305010
2TcGJdSOiOvITBzhvfX8XB,Shouse,70,['aussietronica'],117083
1CoZyIx7UvdxT5c8UkMzHd,Jorja Smith,72,"['r&b', 'uk contemporary r&b']",3115741
5rjz63sgMaAUAyBMyCUK5D,Avery Anna,53,['modern country pop'],77832
2cFrymmkijnjDg9SS92EPM,blackbear,77,"['alt z', 'pop']",4858037
4G1zP5i0r57g1c1CxrPhfM,ZillaKami,68,['dark trap'],406939
3p3jPcp8b7WL9XYj4xlsWj,Snow Tha Product,63,"['alternative r&b', 'rap latina', 'trap queen']",592673
2EMAnMvWE2eb56ToJVfCWs,Bryson Tiller,79,"['kentucky hip hop', 'r&b', 'rap']",6940971
2TYRz7cFNZNPLUWRijsJNL,Kal Banx,49,[],1804
27plYDXNJSOD084j39Lmlj,Palomo,59,"['musica mexicana', 'norteno', 'tejano']",1133973
4ofCBoyEiGSePFAG500xev,Regard,70,"['pop dance', 'pop edm', 'slap house', 'tropical house', 'uk dance']",212448
1A9o3Ljt67pFZ89YtPPL5X,Snoh Aalegra,66,"['alternative r&b', 'scandinavian r&b', 'swedish soul']",999864
2NjfBq1NflQcKSeiDooVjY,Tones And I,71,['australian pop'],3011478
5qOORCmdl34SsKnB8o4aaF,22december,54,['aesthetic rap'],31859
0bAsR2unSRpn6BQPEnNlZm,Aimer,69,"['anime', 'anime rock', 'j-pixie', 'j-pop', 'j-poprock']",2229982
37czgDRfGMvgRiUKHvnnhj,Öwnboss,67,['brazilian edm'],66889
5FxD8fkQZ6KcsSYupDVoSO,Omar Apollo,72,"['bedroom pop', 'bedroom soul']",804061
4Hbj47VXZN7Brcs057firv,SeptembersRich,51,[],549
3b8QkneNDz4JHKKKlLgYZg,Florida Georgia Line,76,"['contemporary country', 'country', 'country pop', 'country road', 'modern country rock']",5240006
0ZVsDtaeXZtLz3qyVFViX4,Hypno Carlito,35,['drill'],3772
2hlmm7s2ICUX0LVIhVFlZQ,Gunna,84,"['atl hip hop', 'melodic rap', 'rap', 'trap']",5247957
7jZM5w05mGhw6wTB1okhD9,ATB,64,"['german dance', 'german techno', 'german trance', 'trance']",355637
6rIaHuCIUu32uj2CjlEBN3,Mike Dimes,62,[],173335
1tG7s7S4sq2eFFW0QZyLbm,Sheff G,70,"['brooklyn drill', 'new york drill', 'nyc rap']",866670
7kgwMm8d2igABad4wfEKti,Nature Of Sweden,58,['rain'],635
1Zi1c8sWZTy5rDiN3lAuEj,Ashley Kutcher,56,"['alt z', 'gen z singer-songwriter']",92877
3P2dL1jA3FykjGry2EcZEf,Billy B,51,[],9381
0iDx4sYtJ0FfXi5tdGGXTA,Drip-Drop,54,['rain'],204
0Ya43ZKWHTKkAbkoJJkwIB,The Wombats,64,"['liverpool indie', 'modern alternative rock', 'modern rock']",1045176
07YUOmWljBTXwIseAUd9TW,Sebastian Yatra,81,"['colombian pop', 'latin pop', 'reggaeton', 'reggaeton colombiano', 'urbano latino']",21534843
1qUjOF5fzrpoNycD36b2jZ,Nate Ruess,65,[],225505
0f2YkMXwFNJNSX7MymevKE,Kaash Paige,68,[],347618
1vSN1fsvrzpbttOYGsliDr,Tori Kelly,66,"['pop', 'post-teen pop']",2111639
1NHCwCMqV9oNQJXl16IltL,SSGKobe,54,"['pluggnb', 'rage rap']",217361
2FXC3k01G6Gw61bmprjgqS,Hozier,80,"['irish singer-songwriter', 'modern rock', 'pop', 'pov: indie']",5657119
07VmOvmuBp9G0gb8BTrpn0,Mike Jones,59,['dirty south rap'],550723
4A4qYy2jK9DDN1OHV0nLkH,Código FN,64,"['corrido', 'corridos tumbados', 'musica mexicana', 'norteno', 'sad sierreno']",726258
7zHhscQ9kdR9fNGAffWz6z,Blue Man Group,42,['laboratorio'],61538
1whQB3WyMZqY9Era5Ozn6J,Diggy SW,33,[],85
25uiPmTg16RbhZWAqwLBy5,Charli XCX,75,"['art pop', 'candy pop', 'metropopolis', 'pop', 'uk pop']",2849548
5XJDexmWFLWOkjOEjOVX3e,Eladio Carrion,86,"['trap boricua', 'trap latino', 'trap triste', 'urbano latino']",3627145
5WU8v5r46LwBAwXGGCQygh,Satchy,29,"['bedroom soul', 'experimental r&b']",15091
4YEl33ar2WlUSF94Yh9CCf,KA$HDAMI,59,"['aesthetic rap', 'dream plugg', 'pluggnb']",286045
1c70yCa8sRgIiQxl3HOEFo,Cherish,66,"['atl hip hop', 'girl group', 'hip pop', 'r&b', 'southern hip hop', 'urban contemporary']",592933
63GIj2yhFvX1Bzphb9JgVb,Fenix Flexin,64,['cali rap'],88274
3RtNN1VnooWEn3KQk03DUL,Noriel,74,"['reggaeton', 'trap latino', 'urbano latino']",7011271
6Wt2zqLZOrA36sooqmAvFH,La Force,34,"['canadian electropop', 'montreal indie']",6915
2W6WP4pHQTFlbr2z9S4n54,Kordhell,78,['drift phonk'],709321
1TlELkGydPWokADoHCm4d5,Baby K,28,[],414
7wlFDEWiM5OoIAt8RSli8b,YoungBoy Never Broke Again,84,"['baton rouge rap', 'rap']",11047797
540vIaP2JwjQb9dm3aArA4,DJ Snake,78,"['edm', 'electronic trap', 'pop', 'pop dance']",8503094
7FY5V3XMwlNBPitEjXowHQ,Darius Rucker,67,"['black americana', 'contemporary country', 'country', 'country road']",2417582
24zj84GShUIcBQYq6VpOYW,Duke Deuce,53,['memphis hip hop'],133708
5FkUhnHQ0KC63549LHHtst,Skillibeng,59,"['dancehall', 'jamaican dancehall', 'traphall', 'trinibad']",268703
1fux65HMCBvfJHqlBc4Nno,Casper Magico,69,"['reggaeton', 'reggaeton flow', 'trap latino', 'urbano latino']",2219563
2p4aN0Uxkk3iT3HK0cJ2cJ,Tokischa,68,"['rap latina', 'trap dominicano']",418783
4exLIFE8sISLr28sqG1qNX,Travis Barker,71,['rap rock'],419030
6p2442ymrT9lZEuCZJdYcH,Ivy Queen,64,"['latin hip hop', 'rap latina', 'reggaeton', 'trap latino', 'urbano latino']",2198888
0YinUQ50QDB7ZxSCLyQ40k,Mustard,73,"['cali rap', 'pop rap', 'rap', 'southern hip hop', 'trap']",1062305
0i1Qvyl514tYAXRoFoVtPm,Kholby Wardell,53,[],3683
7qmpXeNz2ojlMl2EEfkeLs,Nicky Youre,72,[],147000
6P5NO5hzJbuOqSdyPB7SJM,Ashe,69,['alt z'],1397493
2SJhf6rTOU53g8yBdAjPby,SoFaygo,64,"['glitchcore', 'plugg', 'rage rap']",582870
2WgfkM8S11vg4kxLgDY3F5,StarBoi3,52,"['slowed and reverb', 'viral rap']",27368
1u9z4r9MRMjVc4t2bI2z4W,Adio,52,['rain'],159
2Ju0kEPJxYUo0XM2PNUGeL,Jarina De Marco,44,['dominican indie'],14366
574ERIqzZ5yZU9JhIf3Ysf,Angie McMahon,49,['australian indie'],99869
2sG4zTOLvjKG1PSoOyf5Ej,Brandi Carlile,66,"['acoustic pop', 'ectofolk', 'folk', 'indie folk', 'lilith', 'modern folk rock', 'new americana']",738144
4NEQrC4AlByMUOmOp9H5hZ,Julián Mercado,55,"['corrido', 'musica mexicana', 'norteno', 'nueva musica mexicana', 'sierreno']",334406
4kYSro6naA4h99UJvo89HB,Cardi B,80,"['pop', 'rap']",21506235
7okSU80WTrn4LXlyXYbX3P,Clinton Kane,67,"['alt z', 'gen z singer-songwriter']",879881
6veh5zbFpm31XsPdjBgPER,BIA,69,"['rap latina', 'trap queen']",448455
4UrIphY7uGLwD0rRd6NIi9,Lambo4oe,61,[],12194
47RTTEHKmO94V6qGq5xhbn,Jason Joshua,46,['souldies'],15420
0RESbWvOMyua0yuyVrztJ5,Key Glock,76,"['memphis hip hop', 'tennessee hip hop', 'trap']",1576801
2WInxWtfee6mRhUQUmIRAH,Strick,45,['atl trap'],35406
758sHPdw5FpB5ZM8f5MpXe,Maxo,48,"['chill abstract hip hop', 'experimental hip hop']",33525
6icQOAFXDZKsumw3YXyusw,Lil Yachty,78,"['atl hip hop', 'melodic rap', 'rap', 'trap']",8992071
2YOYua8FpudSEiB9s88IgQ,Yung Gravy,70,"['meme rap', 'minnesota hip hop']",1583649
5aZ9qg0JKmlUwZMpBXyJ4v,KolossalKocks,30,[],606
0eVyjRhzZKke2KFYTcDkeu,The Alchemist,72,"['alternative hip hop', 'drumless hip hop', 'hip hop', 'instrumental hip hop', 'west coast rap']",459353
1CbA4z6JauNQnHzOErDQL6,Luci4,65,['sigilkore'],193125
