artist_genres,artist_id
chicago rap,5g8mXUQcC8DVAHLwGGAIrJ
crunk,4Js9eYwAf9rypNtV8pNSw9
dirty south rap,4Js9eYwAf9rypNtV8pNSw9
north carolina hip hop,4Js9eYwAf9rypNtV8pNSw9
southern hip hop,4Js9eYwAf9rypNtV8pNSw9
indonesian hip hop,2IDLDx25HU1nQMKde4n61a
drift phonk,2W6WP4pHQTFlbr2z9S4n54
cali rap,1pWm8RcyiWZehSnb38i4fM
colombian pop,2LRoIwlKmHjgvigdNGBHNo
pop reggaeton,2LRoIwlKmHjgvigdNGBHNo
reggaeton colombiano,2LRoIwlKmHjgvigdNGBHNo
trap latino,2LRoIwlKmHjgvigdNGBHNo
urbano latino,2LRoIwlKmHjgvigdNGBHNo
teen pop,3Vl9fyKMIdLMswk8ai3mm9
reggaeton,1pgDilWYDWLoOgGjf1iHNu
urbano latino,1pgDilWYDWLoOgGjf1iHNu
kentucky hip hop,2EMAnMvWE2eb56ToJVfCWs
r&b,2EMAnMvWE2eb56ToJVfCWs
rap,2EMAnMvWE2eb56ToJVfCWs
k-pop,3Nrfpe0tUJi4K4DXYWgMUX
k-pop boy group,3Nrfpe0tUJi4K4DXYWgMUX
pop,3Nrfpe0tUJi4K4DXYWgMUX
east coast hip hop,13ubrt8QOOCPljQ2FL1Kca
hip hop,13ubrt8QOOCPljQ2FL1Kca
rap,13ubrt8QOOCPljQ2FL1Kca
trap,13ubrt8QOOCPljQ2FL1Kca
modern country pop,27R1aBy7FfkYevfYen4sMp
texas country,27R1aBy7FfkYevfYen4sMp
bounce,4mPrHfhtQUBoHgTxkBieLY
country rap,2pSObt5Fk8izuX8ZfI3jRn
redneck,2pSObt5Fk8izuX8ZfI3jRn
corrido,2Dlvgi70UoJJicfKgoW5Vo
musica mexicana,2Dlvgi70UoJJicfKgoW5Vo
norteno,2Dlvgi70UoJJicfKgoW5Vo
nueva musica mexicana,2Dlvgi70UoJJicfKgoW5Vo
north carolina hip hop,6BH1xcDkwbbyrLMUKECsW1
drift phonk,3Tv1UzQAvn0v0hKTxisXnR
viral pop,1bqxdqvUtPWZri43cKHac8
classic texas country,0Z8XVUAOBPM4x12wKnFHEQ
texas country,0Z8XVUAOBPM4x12wKnFHEQ
dancehall,2ExGrw6XpbtUAJHTLtUXUD
dancehall queen,2ExGrw6XpbtUAJHTLtUXUD
uk dancehall,2ExGrw6XpbtUAJHTLtUXUD
uk hip hop,2ExGrw6XpbtUAJHTLtUXUD
black americana,5OCZWZ399lBKgxBxE8cjRM
contemporary country,5OCZWZ399lBKgxBxE8cjRM
urbano latino,51XrH5fQP2oIQynuKxSWcW
memphis hip hop,3IG49Dhngr903hQWOFzmlh
irish pop,5LGo1zHegJTWzqVXgeNplt
kentucky hip hop,4FlG0V0jhLO4qGpayFOphj
memphis hip hop,4FlG0V0jhLO4qGpayFOphj
contemporary country,7z5WFjZAIYejWy0NI5lv4T
country,7z5WFjZAIYejWy0NI5lv4T
country road,7z5WFjZAIYejWy0NI5lv4T
k-pop,7n2Ycct7Beij7Dj7meI4X0
k-pop girl group,7n2Ycct7Beij7Dj7meI4X0
pop,7n2Ycct7Beij7Dj7meI4X0
florida rap,7BA072InWOjB1X7MZGOloy
alabama rap,3gGUMEwIX6XodWsYEvKSal
rap,3gGUMEwIX6XodWsYEvKSal
trap,3gGUMEwIX6XodWsYEvKSal
vapor trap,3gGUMEwIX6XodWsYEvKSal
rain,4xE3NbWDeC7BEIlzQIjG5H
sound,4xE3NbWDeC7BEIlzQIjG5H
hawaiian hip hop,1z7b1Pr1rSlvWRzsW3HOrS
white noise,7rybj6DFBE9HYjDsD4ILuA
cloud rap,3FCYSWNVmpjTCiwzJwbMAC
emo rap,3FCYSWNVmpjTCiwzJwbMAC
kansas city hip hop,1A8NEJYo3VW9aIZ6l55Dgu
dance pop,4AVFqumd2ogHFlRbKIjp1t
edm,4AVFqumd2ogHFlRbKIjp1t
pop,4AVFqumd2ogHFlRbKIjp1t
pop dance,4AVFqumd2ogHFlRbKIjp1t
tropical house,4AVFqumd2ogHFlRbKIjp1t
ccm,60JjUCBeLsuJ95WFvqFiFz
rap,5SXuuuRpukkTvsLuUknva1
electro latino,1wZtkThiXbVNtj6hee6dz9
reggaeton,1wZtkThiXbVNtj6hee6dz9
trap latino,1wZtkThiXbVNtj6hee6dz9
urbano latino,1wZtkThiXbVNtj6hee6dz9
arkansas country,371jpyGdoChzUASOIG2ECV
contemporary country,371jpyGdoChzUASOIG2ECV
country,371jpyGdoChzUASOIG2ECV
country road,371jpyGdoChzUASOIG2ECV
colombian pop,4vhNDa5ycK0ST968ek7kRr
latin pop,4vhNDa5ycK0ST968ek7kRr
vallenato,4vhNDa5ycK0ST968ek7kRr
alt z,37M5pPGs6V1fchFJSgCguX
la indie,37M5pPGs6V1fchFJSgCguX
pop,37M5pPGs6V1fchFJSgCguX
pov: indie,37M5pPGs6V1fchFJSgCguX
indie folk,1Tp7C6LzxZe9Mix6rn4zbI
stomp and holler,1Tp7C6LzxZe9Mix6rn4zbI
atl hip hop,1RyvyyTE3xzB2ZywiAwp0i
hip hop,1RyvyyTE3xzB2ZywiAwp0i
rap,1RyvyyTE3xzB2ZywiAwp0i
southern hip hop,1RyvyyTE3xzB2ZywiAwp0i
trap,1RyvyyTE3xzB2ZywiAwp0i
nz hip hop,3dnNuI5EU8TEdiAT73kj27
pop,5YGY8feqx7naU7z4HrwZM6
neo mellow,2oX42qP5ineK3hrhBECLmj
post-teen pop,2oX42qP5ineK3hrhBECLmj
otacore,4ET82ZtSfAK4utfjDauImD
banda,4J13m9IZh03PEhoxAxRhXO
corrido,4J13m9IZh03PEhoxAxRhXO
musica mexicana,4J13m9IZh03PEhoxAxRhXO
norteno,4J13m9IZh03PEhoxAxRhXO
sierreno,4J13m9IZh03PEhoxAxRhXO
chicago drill,7srh14kswDlgTIIK4SKdSf
dance pop,6aZyMrc4doVtZyKNilOmwu
neo mellow,6aZyMrc4doVtZyKNilOmwu
pop,6aZyMrc4doVtZyKNilOmwu
banda,4stSxe6AbpXw3x7nRDsYVX
corrido,4stSxe6AbpXw3x7nRDsYVX
musica mexicana,4stSxe6AbpXw3x7nRDsYVX
norteno,4stSxe6AbpXw3x7nRDsYVX
nueva musica mexicana,4stSxe6AbpXw3x7nRDsYVX
sierreno,4stSxe6AbpXw3x7nRDsYVX
contemporary country,0jPnVIasXzBYjrlpO5irii
reggaeton colombiano,5OBK3iQwjNQqElPmn4TgAE
urbano latino,5OBK3iQwjNQqElPmn4TgAE
alt z,3gIRvgZssIb9aiirIg0nI3
electropop,3gIRvgZssIb9aiirIg0nI3
pop,3gIRvgZssIb9aiirIg0nI3
australian hip hop,5J4lfhk7TjyGm6d3T0pqyV
modern country pop,2eIB6vFotL2su94z3pUC1j
atl hip hop,3ipn9JLAPI5GUEo4y4jcoi
dance pop,3ipn9JLAPI5GUEo4y4jcoi
dirty south rap,3ipn9JLAPI5GUEo4y4jcoi
hip hop,3ipn9JLAPI5GUEo4y4jcoi
old school atlanta hip hop,3ipn9JLAPI5GUEo4y4jcoi
pop rap,3ipn9JLAPI5GUEo4y4jcoi
rap,3ipn9JLAPI5GUEo4y4jcoi
southern hip hop,3ipn9JLAPI5GUEo4y4jcoi
trap,3ipn9JLAPI5GUEo4y4jcoi
reggaeton,7iK8PXO48WeuP03g8YR51W
trap latino,7iK8PXO48WeuP03g8YR51W
urbano latino,7iK8PXO48WeuP03g8YR51W
british singer-songwriter,3fCQnw6VSudXBTN5d2QP2z
rain,2oWN3OXJUk1mh7CAhkJeqX
trap queen,4ntfGY98LWEncjHnw0XBaj
atlanta indie,5szilpXHcwOqnyKLqGco5j
indie pop,5szilpXHcwOqnyKLqGco5j
trap latino,4axKuDPr6WKcDCyh8vueTY
urbano latino,4axKuDPr6WKcDCyh8vueTY
alabama rap,0gg11prPP6OqtUvBcKnPpq
atl trap,0gg11prPP6OqtUvBcKnPpq
memphis hip hop,0gg11prPP6OqtUvBcKnPpq
tennessee hip hop,0gg11prPP6OqtUvBcKnPpq
la pop,49tQo2QULno7gxHutgccqF
atl hip hop,13y7CgLHjMVRMDqxdx0Xdo
dirty south rap,13y7CgLHjMVRMDqxdx0Xdo
hip hop,13y7CgLHjMVRMDqxdx0Xdo
rap,13y7CgLHjMVRMDqxdx0Xdo
southern hip hop,13y7CgLHjMVRMDqxdx0Xdo
trap,13y7CgLHjMVRMDqxdx0Xdo
alternative r&b,3p3jPcp8b7WL9XYj4xlsWj
rap latina,3p3jPcp8b7WL9XYj4xlsWj
trap queen,3p3jPcp8b7WL9XYj4xlsWj
pop,7tYKF4w9nC0nq9CsPZTHyP
r&b,7tYKF4w9nC0nq9CsPZTHyP
rap,7tYKF4w9nC0nq9CsPZTHyP
gen z singer-songwriter,4pfy05cNNTacuOQ6SiSu4v
country pop,10I1X1Vygp2J6R4jP5gF10
k-pop,2YXlVLKq3X3soXd2aXUtIT
cali rap,4lPU30QB53QTUVhkjcb0WS
contemporary country,7lDVEkjIURPMyUYwoQRrpw
country road,7lDVEkjIURPMyUYwoQRrpw
modern country rock,7lDVEkjIURPMyUYwoQRrpw
modern country pop,7pEVNuJRlpDXlsrcq32yHp
reggaeton,5bWUlnPx9OYKsLiUJrhCA1
trap latino,5bWUlnPx9OYKsLiUJrhCA1
urbano latino,5bWUlnPx9OYKsLiUJrhCA1
plugg,46HzS7yz0c9udVwtbHk1sx
pluggnb,46HzS7yz0c9udVwtbHk1sx
rage rap,46HzS7yz0c9udVwtbHk1sx
modern salsa,36CUTsdtNgCwMq6zKD1l8I
movie tunes,36CUTsdtNgCwMq6zKD1l8I
salsa colombiana,36CUTsdtNgCwMq6zKD1l8I
ohio hip hop,6TIYQ3jFPwQSRmorSezPxX
pop rap,6TIYQ3jFPwQSRmorSezPxX
canadian singer-songwriter,4SOtk3HtPYKqxnVuxNBMti
indie folk,4SOtk3HtPYKqxnVuxNBMti
conscious hip hop,0EeQBlQJFiAfJeVN2vT9s0
gangster rap,0EeQBlQJFiAfJeVN2vT9s0
hip hop,0EeQBlQJFiAfJeVN2vT9s0
pop rap,0EeQBlQJFiAfJeVN2vT9s0
rap,0EeQBlQJFiAfJeVN2vT9s0
southern hip hop,0EeQBlQJFiAfJeVN2vT9s0
trap,0EeQBlQJFiAfJeVN2vT9s0
hip pop,0hCNtLu0JehylgoiP8L4Gh
pop,0hCNtLu0JehylgoiP8L4Gh
queens hip hop,0hCNtLu0JehylgoiP8L4Gh
rap,0hCNtLu0JehylgoiP8L4Gh
afrofuturism,3rWZHrfrsPBxVy692yAIxF
pop,3rWZHrfrsPBxVy692yAIxF
post-teen pop,3rWZHrfrsPBxVy692yAIxF
pov: indie,3rWZHrfrsPBxVy692yAIxF
australian indie,574ERIqzZ5yZU9JhIf3Ysf
alternative r&b,1xQIR56DxgWYZPUvOLRIua
dancehall,1xQIR56DxgWYZPUvOLRIua
pop rap,0WK3H9OErSn5zKOkOV5egm
socal indie,58eJhHRICp87T2IFcP0bYh
black americana,147nKr9upHZSSxqCzh9j7c
contemporary country,147nKr9upHZSSxqCzh9j7c
country road,147nKr9upHZSSxqCzh9j7c
modern country rock,147nKr9upHZSSxqCzh9j7c
austin hip hop,3M1quhETLChtt9NHKVaajX
memphis hip hop,3M1quhETLChtt9NHKVaajX
southern hip hop,3M1quhETLChtt9NHKVaajX
conscious hip hop,20qISvAhX20dpIbOOzGK3q
east coast hip hop,20qISvAhX20dpIbOOzGK3q
gangster rap,20qISvAhX20dpIbOOzGK3q
hardcore hip hop,20qISvAhX20dpIbOOzGK3q
hip hop,20qISvAhX20dpIbOOzGK3q
queens hip hop,20qISvAhX20dpIbOOzGK3q
rap,20qISvAhX20dpIbOOzGK3q
modern country pop,5ujvZU2thXjZgFKPUt1rDt
video game music,3wrFoI9EVjWg6m8xXeWr5t
alternative r&b,6lay1nwbE6hTx1jivysUAL
escape room,6lay1nwbE6hTx1jivysUAL
lgbtq+ hip hop,6lay1nwbE6hTx1jivysUAL
trap queen,6lay1nwbE6hTx1jivysUAL
panamanian pop,77ziqFxp5gaInVrF2lj4ht
reggaeton,77ziqFxp5gaInVrF2lj4ht
trap latino,77ziqFxp5gaInVrF2lj4ht
urbano latino,77ziqFxp5gaInVrF2lj4ht
banda,1YhMWppPt9RVODKD1KCs7W
mariachi,1YhMWppPt9RVODKD1KCs7W
musica mexicana,1YhMWppPt9RVODKD1KCs7W
norteno,1YhMWppPt9RVODKD1KCs7W
ranchera,1YhMWppPt9RVODKD1KCs7W
bedroom soul,5WU8v5r46LwBAwXGGCQygh
experimental r&b,5WU8v5r46LwBAwXGGCQygh
aesthetic rap,2y246nnP9pQT0E6v3ZMMOO
canadian hip hop,2y246nnP9pQT0E6v3ZMMOO
canadian trap,2y246nnP9pQT0E6v3ZMMOO
cloud rap,2y246nnP9pQT0E6v3ZMMOO
dark trap,2y246nnP9pQT0E6v3ZMMOO
ottawa rap,2y246nnP9pQT0E6v3ZMMOO
urbano latino,6Itjwvv5YmsC8ZcI5N4Jux
hollywood,5nwjcZ87CGNRiO98nFKdOD
canadian electropop,6Wt2zqLZOrA36sooqmAvFH
montreal indie,6Wt2zqLZOrA36sooqmAvFH
indonesian r&b,2kxP07DLgs4xlWz8YHlvfh
corrido,4pQxRQ2bUyVpk89wzztCLw
corridos tumbados,4pQxRQ2bUyVpk89wzztCLw
sad sierreno,4pQxRQ2bUyVpk89wzztCLw
sierreno,4pQxRQ2bUyVpk89wzztCLw
rain,53Ogdlq3YW29r02FV64tYH
k-pop,3HqSLMAZ3g3d5poNaI7GOU
pop,3HqSLMAZ3g3d5poNaI7GOU
corrido,0elWFr7TW8piilVRYJUe4P
corridos tumbados,0elWFr7TW8piilVRYJUe4P
musica mexicana,0elWFr7TW8piilVRYJUe4P
nueva musica mexicana,0elWFr7TW8piilVRYJUe4P
sad sierreno,0elWFr7TW8piilVRYJUe4P
sierreno,0elWFr7TW8piilVRYJUe4P
bedroom pop,35l9BRT7MXmM8bv2WDQiyB
bubblegrunge,35l9BRT7MXmM8bv2WDQiyB
indie pop,35l9BRT7MXmM8bv2WDQiyB
pov: indie,35l9BRT7MXmM8bv2WDQiyB
hip hop,5dHt1vcEm9qb8fCyLcB3HL
pop rap,5dHt1vcEm9qb8fCyLcB3HL
rap,5dHt1vcEm9qb8fCyLcB3HL
southern hip hop,5dHt1vcEm9qb8fCyLcB3HL
trap,5dHt1vcEm9qb8fCyLcB3HL
alternative hip hop,0eVyjRhzZKke2KFYTcDkeu
drumless hip hop,0eVyjRhzZKke2KFYTcDkeu
hip hop,0eVyjRhzZKke2KFYTcDkeu
instrumental hip hop,0eVyjRhzZKke2KFYTcDkeu
west coast rap,0eVyjRhzZKke2KFYTcDkeu
dirty south rap,35sCXuy5gN6Or69rZ9vqBs
southern hip hop,35sCXuy5gN6Or69rZ9vqBs
cali rap,7oXvysW3peGY3AEa17WoFt
alabama rap,5yy76ufVriyvidNSvXlRU1
argentine hip hop,716NhGYqD1jl2wI1Qkgq36
pop venezolano,716NhGYqD1jl2wI1Qkgq36
trap argentino,716NhGYqD1jl2wI1Qkgq36
trap latino,716NhGYqD1jl2wI1Qkgq36
urbano latino,716NhGYqD1jl2wI1Qkgq36
lgbtq+ hip hop,7jVv8c5Fj3E9VhNjxT4snq
indie fuzzpop,34me8hAxavRmcDIwhxa3b7
mississippi indie,34me8hAxavRmcDIwhxa3b7
anime,0bAsR2unSRpn6BQPEnNlZm
anime rock,0bAsR2unSRpn6BQPEnNlZm
j-pixie,0bAsR2unSRpn6BQPEnNlZm
j-pop,0bAsR2unSRpn6BQPEnNlZm
j-poprock,0bAsR2unSRpn6BQPEnNlZm
banda,5bSfBBCxY8QAk4Pifveisz
musica mexicana,5bSfBBCxY8QAk4Pifveisz
norteno,5bSfBBCxY8QAk4Pifveisz
memphis hip hop,6CHFq8hiVCpHsNKsP2aMw2
atl hip hop,17lzZA2AlOHwCwFALHttmp
hip hop,17lzZA2AlOHwCwFALHttmp
pop rap,17lzZA2AlOHwCwFALHttmp
rap,17lzZA2AlOHwCwFALHttmp
southern hip hop,17lzZA2AlOHwCwFALHttmp
trap,17lzZA2AlOHwCwFALHttmp
banda,6AcOTCYBMvjKYy4zms0kaC
banda sinaloense,6AcOTCYBMvjKYy4zms0kaC
musica mexicana,6AcOTCYBMvjKYy4zms0kaC
norteno,6AcOTCYBMvjKYy4zms0kaC
r&b,7bXgB6jMjp9ATFy66eO08Z
rap,7bXgB6jMjp9ATFy66eO08Z
alternative hip hop,4fpwOzxFRMVGfd197dKIdY
boom bap,4fpwOzxFRMVGfd197dKIdY
drumless hip hop,4fpwOzxFRMVGfd197dKIdY
frauenrap,0lFLP59V4TY3XgnrkFIwxK
german pop,0lFLP59V4TY3XgnrkFIwxK
german viral rap,0lFLP59V4TY3XgnrkFIwxK
dark trap,2VDZoCBGjxbHJbnzSX5nP6
oc rap,2VDZoCBGjxbHJbnzSX5nP6
scream rap,2VDZoCBGjxbHJbnzSX5nP6
contemporary country,4sIl4BTo9l9KqEi0Y3RE72
country,4sIl4BTo9l9KqEi0Y3RE72
country road,4sIl4BTo9l9KqEi0Y3RE72
banda,2mJLFoa2cRqCZHL6MZNaak
musica mexicana,2mJLFoa2cRqCZHL6MZNaak
norteno,2mJLFoa2cRqCZHL6MZNaak
neo soul,5y2Xq6xcjJb2jVM54GHK3t
pop,5y2Xq6xcjJb2jVM54GHK3t
pop soul,5y2Xq6xcjJb2jVM54GHK3t
urban contemporary,5y2Xq6xcjJb2jVM54GHK3t
corrido,4o0NtnL2m0lzZmEdRas1qv
corridos tumbados,4o0NtnL2m0lzZmEdRas1qv
sad sierreno,4o0NtnL2m0lzZmEdRas1qv
trap latino,4o0NtnL2m0lzZmEdRas1qv
urbano latino,4o0NtnL2m0lzZmEdRas1qv
pink noise,0LWHFUzXPTl9BDdJHDE001
scenecore,0LWHFUzXPTl9BDdJHDE001
rain,1u9z4r9MRMjVc4t2bI2z4W
g funk,3ROTuxpbVooOYY7OanW7No
hyphy,3ROTuxpbVooOYY7OanW7No
sacramento hip hop,3ROTuxpbVooOYY7OanW7No
mexican hip hop,4tm8CEdm4pkQsEh4jIr9Yp
nueva musica mexicana,4tm8CEdm4pkQsEh4jIr9Yp
aussietronica,2TcGJdSOiOvITBzhvfX8XB
ccm,5d1JhBfyb58upMXCZOdbQu
christian alternative rock,5d1JhBfyb58upMXCZOdbQu
christian indie,5d1JhBfyb58upMXCZOdbQu
christian music,5d1JhBfyb58upMXCZOdbQu
worship,5d1JhBfyb58upMXCZOdbQu
memphis hip hop,5xkFVS6IwwgHEAaRzXc9U3
art pop,2wJ4vsxWd7df7dRU4KcoDe
chamber pop,2wJ4vsxWd7df7dRU4KcoDe
indie rock,2wJ4vsxWd7df7dRU4KcoDe
melancholia,2wJ4vsxWd7df7dRU4KcoDe
new jersey indie,2wJ4vsxWd7df7dRU4KcoDe
singer-songwriter,2wJ4vsxWd7df7dRU4KcoDe
k-pop,3eCd0TZrBPm2n9cDG6yWfF
korean r&b,3eCd0TZrBPm2n9cDG6yWfF
uk dance,6QMABvTzixnxzsLYyhqRxI
british soul,49HlOY4gkHqsYG9GCuhkcc
etherpop,6hfwwpXqZPRC9CsKI7qtv1
rap,4Gso3d4CscCijv0lmajZWs
k-pop,0ghlgldX5Dd6720Q3qFyQB
k-pop boy group,0ghlgldX5Dd6720Q3qFyQB
ccm,107CG0UhUl9GJnPwF83N63
deep ccm,107CG0UhUl9GJnPwF83N63
instrumental worship,107CG0UhUl9GJnPwF83N63
world worship,107CG0UhUl9GJnPwF83N63
worship,107CG0UhUl9GJnPwF83N63
trap boricua,5XJDexmWFLWOkjOEjOVX3e
trap latino,5XJDexmWFLWOkjOEjOVX3e
trap triste,5XJDexmWFLWOkjOEjOVX3e
urbano latino,5XJDexmWFLWOkjOEjOVX3e
adult standards,59hLmB5DrdihCYtNeFeW1U
arkansas country,59hLmB5DrdihCYtNeFeW1U
classic country pop,59hLmB5DrdihCYtNeFeW1U
folk rock,59hLmB5DrdihCYtNeFeW1U
mellow gold,59hLmB5DrdihCYtNeFeW1U
nashville sound,59hLmB5DrdihCYtNeFeW1U
singer-songwriter,59hLmB5DrdihCYtNeFeW1U
soft rock,59hLmB5DrdihCYtNeFeW1U
afrobeats,0Y3agQaa6g2r0YmHPOO9rh
afropop,0Y3agQaa6g2r0YmHPOO9rh
azontobeats,0Y3agQaa6g2r0YmHPOO9rh
ghanaian hip hop,0Y3agQaa6g2r0YmHPOO9rh
nigerian pop,0Y3agQaa6g2r0YmHPOO9rh
canadian hip hop,41X1TR6hrK8Q2ZCpp2EqCz
dark trap,41X1TR6hrK8Q2ZCpp2EqCz
meme rap,41X1TR6hrK8Q2ZCpp2EqCz
vapor trap,41X1TR6hrK8Q2ZCpp2EqCz
modern indie pop,3qqkHeEhezlIaNj1vFYH2r
indie rock italiano,0lAWpj5szCSwM4rUMHYmrr
italian pop,0lAWpj5szCSwM4rUMHYmrr
pop,0lAWpj5szCSwM4rUMHYmrr
brooklyn indie,581C5Qwl87TskfBEzuoisu
sped up,581C5Qwl87TskfBEzuoisu
reggaeton,6nVcHLIgY5pE2YCl8ubca1
trap latino,6nVcHLIgY5pE2YCl8ubca1
urbano latino,6nVcHLIgY5pE2YCl8ubca1
gauze pop,5vBSrE1xujD2FXYRarbAXc
pop,5vBSrE1xujD2FXYRarbAXc
tropical house,5vBSrE1xujD2FXYRarbAXc
uk pop,5vBSrE1xujD2FXYRarbAXc
reggaeton flow,37230BxxYs9ksS7OkZw3IU
trap latino,37230BxxYs9ksS7OkZw3IU
urbano latino,37230BxxYs9ksS7OkZw3IU
alternative r&b,6gj3sMEZYP6IESIptoXnrP
bedroom soul,60NNvDqsif0u40CXMV6jDQ
banda,0GpuSge5ffZ053NhXxgQkV
musica mexicana,0GpuSge5ffZ053NhXxgQkV
norteno,0GpuSge5ffZ053NhXxgQkV
pop,1vSN1fsvrzpbttOYGsliDr
post-teen pop,1vSN1fsvrzpbttOYGsliDr
atl trap,0dvFTsuG02c4cRbcSQ8zE6
alternative hip hop,3ZMur3elMyOs248ah86NRk
boom bap,3ZMur3elMyOs248ah86NRk
chill abstract hip hop,3ZMur3elMyOs248ah86NRk
drumless hip hop,3ZMur3elMyOs248ah86NRk
new jersey rap,3ZMur3elMyOs248ah86NRk
psychedelic hip hop,3ZMur3elMyOs248ah86NRk
hip hop,5LHRHt1k9lMyONurDHEdrp
pop rap,5LHRHt1k9lMyONurDHEdrp
rap,5LHRHt1k9lMyONurDHEdrp
trap,5LHRHt1k9lMyONurDHEdrp
rage rap,1FX1BFU0DbHRYgKP83pA0d
rhode island rap,1FX1BFU0DbHRYgKP83pA0d
baton rouge rap,7wlFDEWiM5OoIAt8RSli8b
rap,7wlFDEWiM5OoIAt8RSli8b
corrido,5D7x9esAF6twPxuOqSMkeO
corridos tumbados,5D7x9esAF6twPxuOqSMkeO
sierreno,5D7x9esAF6twPxuOqSMkeO
memphis hip hop,24zj84GShUIcBQYq6VpOYW
chicago rap,1anyVhU62p31KFi8MEzkbf
conscious hip hop,1anyVhU62p31KFi8MEzkbf
hip hop,1anyVhU62p31KFi8MEzkbf
pop rap,1anyVhU62p31KFi8MEzkbf
rap,1anyVhU62p31KFi8MEzkbf
pluggnb,3qiHUAX7zY4Qnjx8TNUzVx
rage rap,3qiHUAX7zY4Qnjx8TNUzVx
atl trap,2WInxWtfee6mRhUQUmIRAH
chicago drill,0NyMCdnVJnLRDItfh5cA7c
rap latina,6veh5zbFpm31XsPdjBgPER
trap queen,6veh5zbFpm31XsPdjBgPER
alt z,4tuJ0bMpJh08umKkEXKUI5
modern indie pop,2kCO8LXN1usaOPL3iEE28I
british soul,2hwy5DELim1AxB1sHPqn4y
aesthetic rap,5IbEL2xjRtKsunfmsahLuO
cloud rap,5IbEL2xjRtKsunfmsahLuO
florida rap,5IbEL2xjRtKsunfmsahLuO
underground hip hop,5IbEL2xjRtKsunfmsahLuO
contemporary country,1E2AEtxaFaJtH0lO7kgNKw
country,1E2AEtxaFaJtH0lO7kgNKw
country road,1E2AEtxaFaJtH0lO7kgNKw
modern country rock,1E2AEtxaFaJtH0lO7kgNKw
contemporary country,3RqBeV12Tt7A8xH3zBDDUF
country,3RqBeV12Tt7A8xH3zBDDUF
australian pop,2NjfBq1NflQcKSeiDooVjY
alternative r&b,6qgnBH6iDM91ipVXv28OMu
escape room,6qgnBH6iDM91ipVXv28OMu
indie soul,6qgnBH6iDM91ipVXv28OMu
lgbtq+ hip hop,6qgnBH6iDM91ipVXv28OMu
canadian metalcore,4MzJMcHQBl9SIYSjwWn8QW
melodic metalcore,4MzJMcHQBl9SIYSjwWn8QW
cali rap,31t9hT68QYCDPWkkUVrQjY
pop,04gDigrS5kc9YWfZHwBETP
chill abstract hip hop,53xeKWbSRuGgTxViJTAZKC
experimental hip hop,53xeKWbSRuGgTxViJTAZKC
brostep,4fv1OFJywZ7DHCz3mVQQ45
pop,4npEfmQ6YuiwW1GpUmaq3F
detroit trap,45gHcnDnMC15sgx3VL7ROG
trap,45gHcnDnMC15sgx3VL7ROG
anime phonk,1GzMtNyLiP1oM7yW0DyRhP
chill phonk,1GzMtNyLiP1oM7yW0DyRhP
dirty south rap,07VmOvmuBp9G0gb8BTrpn0
canadian hip hop,7rkW85dBwwrJtlHRDkJDAC
canadian trap,7rkW85dBwwrJtlHRDkJDAC
melodic rap,7rkW85dBwwrJtlHRDkJDAC
rap,7rkW85dBwwrJtlHRDkJDAC
toronto rap,7rkW85dBwwrJtlHRDkJDAC
trap,7rkW85dBwwrJtlHRDkJDAC
movie tunes,29PgYEggDV3cDP9QYTogwv
classic oklahoma country,1nf0nRF0W4ybnJdda00pKY
contemporary country,1nf0nRF0W4ybnJdda00pKY
modern country rock,1nf0nRF0W4ybnJdda00pKY
atl hip hop,29gIYsdyccGoUc6qgkZeTK
indie hip hop,29gIYsdyccGoUc6qgkZeTK
indie hip hop,5rOkxO8Va1CnXhF7nrHMrU
tennessee hip hop,5rOkxO8Va1CnXhF7nrHMrU
underground hip hop,5rOkxO8Va1CnXhF7nrHMrU
cali rap,3tqosLbNFNekyZyO2KJ6qd
musica chihuahuense,6qm0DFounuQWwu6IF0ZGH2
norteno,6qm0DFounuQWwu6IF0ZGH2
norteno-sax,6qm0DFounuQWwu6IF0ZGH2
sad sierreno,6qm0DFounuQWwu6IF0ZGH2
sierreno,6qm0DFounuQWwu6IF0ZGH2
reggaeton colombiano,0SSbTivuMrvdqgCt7ln6jD
urbano latino,0SSbTivuMrvdqgCt7ln6jD
alternative americana,3vDpQbGnzRbRVirXlfQagB
kentucky roots,3vDpQbGnzRbRVirXlfQagB
nashville singer-songwriter,3vDpQbGnzRbRVirXlfQagB
new americana,3vDpQbGnzRbRVirXlfQagB
outlaw country,3vDpQbGnzRbRVirXlfQagB
reggaeton,1fctva4kpRbg2k3v7kwRuS
trap latino,1fctva4kpRbg2k3v7kwRuS
urbano latino,1fctva4kpRbg2k3v7kwRuS
bedroom soul,4ETSs924pXMzjIeD6E9b4u
latintronica,0MoaBi6dSquXp6rrlqlF8R
puerto rican indie,0MoaBi6dSquXp6rrlqlF8R
hip hop,4LLpKhyESsyAXpc4laK94U
pittsburgh rap,4LLpKhyESsyAXpc4laK94U
rap,4LLpKhyESsyAXpc4laK94U
modern country pop,5rjz63sgMaAUAyBMyCUK5D
indie folk,7K5Lm5dxoEwEpOS0Fc3l3s
australian hip hop,1uU7g3DNSbsu0QjSEqZtEd
hip hop,2rhFzFmezpnW82MNqEKVry
miami hip hop,2rhFzFmezpnW82MNqEKVry
rap,2rhFzFmezpnW82MNqEKVry
underground hip hop,2rhFzFmezpnW82MNqEKVry
scam rap,37hAfseJWi0G3Scife12Il
trap queen,37hAfseJWi0G3Scife12Il
canadian hip hop,3HShZ9OYr5GdhHI8DU9Yzy
deep ccm,0p7lJtfYpKXr9KClOkpRaF
corrido,3l9G1G9MxH6DaRhwLklaf5
corridos tumbados,3l9G1G9MxH6DaRhwLklaf5
sierreno,3l9G1G9MxH6DaRhwLklaf5
uk contemporary r&b,1BEUkE2CSUgHTLSBMZdnFB
uk pop,1BEUkE2CSUgHTLSBMZdnFB
contemporary country,5QNm7E7RU2m64l6Gliu8Oy
modern country pop,5QNm7E7RU2m64l6Gliu8Oy
florida drill,46SHBwWsqBkxI7EeeBEQG7
florida rap,46SHBwWsqBkxI7EeeBEQG7
melodic rap,46SHBwWsqBkxI7EeeBEQG7
miami hip hop,46SHBwWsqBkxI7EeeBEQG7
rap,46SHBwWsqBkxI7EeeBEQG7
trap,46SHBwWsqBkxI7EeeBEQG7
trap latino,46SHBwWsqBkxI7EeeBEQG7
indietronica,4Ui2kfOqGujY81UcPrb5KE
metropopolis,4Ui2kfOqGujY81UcPrb5KE
movie tunes,3xLU748QxpTmIVaiNXXg0P
pop edm,4F61H4lx1js4wtWfb2Rfnt
slap house,2o08sCWF5yyo2G4DCiT7T9
indie pop,0avMDS4HyoCEP6RqZJWpY2
modern dream pop,0avMDS4HyoCEP6RqZJWpY2
banda,0HgICyWHmS6rnl8xWEd0x6
musica mexicana,0HgICyWHmS6rnl8xWEd0x6
norteno,0HgICyWHmS6rnl8xWEd0x6
sierreno,0HgICyWHmS6rnl8xWEd0x6
alt z,0sMAHzxguan2KpnKFZPW2d
pluggnb,7tFehEdzjjoeiwUExR89qs
rage rap,7tFehEdzjjoeiwUExR89qs
corrido,6tmdudtl1wM5WwTIqZX0WD
musica mexicana,6tmdudtl1wM5WwTIqZX0WD
norteno,6tmdudtl1wM5WwTIqZX0WD
sierreno,6tmdudtl1wM5WwTIqZX0WD
tololoche,6tmdudtl1wM5WwTIqZX0WD
pov: indie,2RQXRUsr4IW1f3mKyKsy4B
queens hip hop,70gP6Ry4Uo0Yx6uzPIdaiJ
rap,70gP6Ry4Uo0Yx6uzPIdaiJ
sudanese hip hop,70gP6Ry4Uo0Yx6uzPIdaiJ
sudanese pop,70gP6Ry4Uo0Yx6uzPIdaiJ
underground hip hop,70gP6Ry4Uo0Yx6uzPIdaiJ
popping,1AEcpjnSCmm53IBZQo3g9z
synth funk,1AEcpjnSCmm53IBZQo3g9z
wonky,1AEcpjnSCmm53IBZQo3g9z
pov: indie,0wGzciem2JUvglxX6Hr3E9
urbano latino,11usEAQkFE6UJwsyAKkchi
atl hip hop,5SyGEPymt1G2uto47tVWvZ
melodic rap,5SyGEPymt1G2uto47tVWvZ
trap,5SyGEPymt1G2uto47tVWvZ
vapor trap,5SyGEPymt1G2uto47tVWvZ
chill abstract hip hop,4alndwWPbM9ApMYLjg19oD
cali rap,6fWVd57NKTalqvmjRd2t8Z
modern country pop,6MWr1SmTaCU5BJzOZxwJEw
alternative americana,3oVcF3VdpMuvMvLLyHPT4t
new americana,3oVcF3VdpMuvMvLLyHPT4t
corrido,0pePYDrJGk8gqMRbXrLJC8
corridos tumbados,0pePYDrJGk8gqMRbXrLJC8
nueva musica mexicana,0pePYDrJGk8gqMRbXrLJC8
sad sierreno,0pePYDrJGk8gqMRbXrLJC8
sierreno,0pePYDrJGk8gqMRbXrLJC8
detroit hip hop,1ZbmerOthZbxz5eR3c9Mn1
detroit trap,1ZbmerOthZbxz5eR3c9Mn1
florida drill,1ZbmerOthZbxz5eR3c9Mn1
memphis hip hop,1ZbmerOthZbxz5eR3c9Mn1
r&b,360IAlyVv4PCEVjgyMZrxK
grime,3S0tlB4fE7ChxI2pWz8Xip
london rap,3S0tlB4fE7ChxI2pWz8Xip
uk hip hop,3S0tlB4fE7ChxI2pWz8Xip
hip hop,7c0XG5cIJTrrAgEC3ULPiq
pop rap,7c0XG5cIJTrrAgEC3ULPiq
r&b,7c0XG5cIJTrrAgEC3ULPiq
southern hip hop,7c0XG5cIJTrrAgEC3ULPiq
trap,7c0XG5cIJTrrAgEC3ULPiq
trap soul,7c0XG5cIJTrrAgEC3ULPiq
contemporary country,4MoAOfV4ROWofLG3a3hhBN
country,4MoAOfV4ROWofLG3a3hhBN
country road,4MoAOfV4ROWofLG3a3hhBN
modern country rock,4MoAOfV4ROWofLG3a3hhBN
pop,1McMsnEElThX1knmY4oliG
art pop,053q0ukIDRgzwTr4vNSwab
canadian electropop,053q0ukIDRgzwTr4vNSwab
grave wave,053q0ukIDRgzwTr4vNSwab
indietronica,053q0ukIDRgzwTr4vNSwab
metropopolis,053q0ukIDRgzwTr4vNSwab
neo-synthpop,053q0ukIDRgzwTr4vNSwab
contemporary country,6ZV6lGY0prbqpTD0Md8i29
country,6ZV6lGY0prbqpTD0Md8i29
country road,6ZV6lGY0prbqpTD0Md8i29
modern country rock,6ZV6lGY0prbqpTD0Md8i29
pixel,33tFkBLsl6f8TjKkV0uF0C
pov: indie,33tFkBLsl6f8TjKkV0uF0C
indie pop,1r1uxoy19fzMxunt3ONAkG
la indie,1r1uxoy19fzMxunt3ONAkG
pov: indie,1r1uxoy19fzMxunt3ONAkG
dembow,2oQX8QiMXOyuqbcZEFsZfm
rap dominicano,2oQX8QiMXOyuqbcZEFsZfm
reggaeton,2oQX8QiMXOyuqbcZEFsZfm
trap latino,2oQX8QiMXOyuqbcZEFsZfm
urbano latino,2oQX8QiMXOyuqbcZEFsZfm
sad rap,0bBz5bRBkExaej2HxtVfCw
modern rock,3YQKmKGau1PzlVlkL1iodx
pop,3YQKmKGau1PzlVlkL1iodx
pov: indie,3YQKmKGau1PzlVlkL1iodx
rock,3YQKmKGau1PzlVlkL1iodx
contemporary country,66lH4jAE7pqPlOlzUKbwA0
country,66lH4jAE7pqPlOlzUKbwA0
country dawn,66lH4jAE7pqPlOlzUKbwA0
country road,66lH4jAE7pqPlOlzUKbwA0
white noise,550PiaxNneb0AaqPp7sWWS
hip hop,137W8MRPWKqSmrBGDBFSop
pittsburgh rap,137W8MRPWKqSmrBGDBFSop
pop rap,137W8MRPWKqSmrBGDBFSop
rap,137W8MRPWKqSmrBGDBFSop
southern hip hop,137W8MRPWKqSmrBGDBFSop
trap,137W8MRPWKqSmrBGDBFSop
hip hop,0QHgL1lAIqAw0HtD7YldmP
miami hip hop,0QHgL1lAIqAw0HtD7YldmP
pop rap,0QHgL1lAIqAw0HtD7YldmP
rap,0QHgL1lAIqAw0HtD7YldmP
girl group,3e7awlrlDSwF3iM0WBjGMp
pop,3e7awlrlDSwF3iM0WBjGMp
talent show,3e7awlrlDSwF3iM0WBjGMp
uk pop,3e7awlrlDSwF3iM0WBjGMp
atl trap,1bqJuNMz1iBqWo9B0BdIiM
house,7i9j813KFoSBMldGqlh2Z1
pop dance,7i9j813KFoSBMldGqlh2Z1
uk dance,7i9j813KFoSBMldGqlh2Z1
pov: indie,1muzcpVFKmKSrT7rVNAwBB
electropop,26VFTg2z8YR0cCuwLzESi2
etherpop,26VFTg2z8YR0cCuwLzESi2
indie poptimism,26VFTg2z8YR0cCuwLzESi2
pop,26VFTg2z8YR0cCuwLzESi2
pop,6jJ0s89eD6GaHleKKya26X
alt z,3uwAm6vQy7kWPS2bciKWx9
bedroom pop,3uwAm6vQy7kWPS2bciKWx9
indie pop,3uwAm6vQy7kWPS2bciKWx9
norwegian indie,3uwAm6vQy7kWPS2bciKWx9
pop,3uwAm6vQy7kWPS2bciKWx9
pov: indie,3uwAm6vQy7kWPS2bciKWx9
atl hip hop,1URnnhqYAYcrqrcwql10ft
hip hop,1URnnhqYAYcrqrcwql10ft
rap,1URnnhqYAYcrqrcwql10ft
trap,1URnnhqYAYcrqrcwql10ft
escape room,3jK9MiCrA42lLAdMGUZpwa
hip hop,3jK9MiCrA42lLAdMGUZpwa
indie soul,3jK9MiCrA42lLAdMGUZpwa
neo soul,3jK9MiCrA42lLAdMGUZpwa
deep talent show,4bYPcJP5jwMhSivRcqie2n
dancehall,6UuT0BJZ9vF8Y1sxXnJl2s
jamaican hip hop,6UuT0BJZ9vF8Y1sxXnJl2s
reggae fusion,6UuT0BJZ9vF8Y1sxXnJl2s
modern country pop,4eYE8Z6cfEHEdG22lTyucP
rain,2B8ofgf0e96eyGnXfYNtST
corrido,5hkcGbdTv8nC62vVT7RJmZ
corridos tumbados,5hkcGbdTv8nC62vVT7RJmZ
nueva musica mexicana,5hkcGbdTv8nC62vVT7RJmZ
sad sierreno,5hkcGbdTv8nC62vVT7RJmZ
sierreno,5hkcGbdTv8nC62vVT7RJmZ
escape room,56oDRnqbIiwx4mymNEv7dS
minnesota hip hop,56oDRnqbIiwx4mymNEv7dS
pop,56oDRnqbIiwx4mymNEv7dS
trap queen,56oDRnqbIiwx4mymNEv7dS
bedroom r&b,1bhZt10yZVCJfp3HaNxJv8
chicago bop,15iVAtD3s3FsQR4w1v6M0P
chicago drill,15iVAtD3s3FsQR4w1v6M0P
chicago rap,15iVAtD3s3FsQR4w1v6M0P
drill,15iVAtD3s3FsQR4w1v6M0P
hip hop,15iVAtD3s3FsQR4w1v6M0P
rap,15iVAtD3s3FsQR4w1v6M0P
trap,15iVAtD3s3FsQR4w1v6M0P
latin hip hop,1SupJlEpv7RS2tPNRaHViT
reggaeton,1SupJlEpv7RS2tPNRaHViT
trap latino,1SupJlEpv7RS2tPNRaHViT
urbano latino,1SupJlEpv7RS2tPNRaHViT
latin pop,1r4hJ1h58CWwUQe3MxPuau
reggaeton,1r4hJ1h58CWwUQe3MxPuau
reggaeton colombiano,1r4hJ1h58CWwUQe3MxPuau
urbano latino,1r4hJ1h58CWwUQe3MxPuau
neo mellow,0hEurMDQu99nJRq8pTxO14
singer-songwriter,0hEurMDQu99nJRq8pTxO14
big room,2o5jDhtHVPhrJdv3cEQ99Z
brostep,2o5jDhtHVPhrJdv3cEQ99Z
dutch edm,2o5jDhtHVPhrJdv3cEQ99Z
edm,2o5jDhtHVPhrJdv3cEQ99Z
house,2o5jDhtHVPhrJdv3cEQ99Z
pop dance,2o5jDhtHVPhrJdv3cEQ99Z
slap house,2o5jDhtHVPhrJdv3cEQ99Z
trance,2o5jDhtHVPhrJdv3cEQ99Z
conscious hip hop,28ExwzUQsvgJooOI0X1mr3
hip hop,28ExwzUQsvgJooOI0X1mr3
rap,28ExwzUQsvgJooOI0X1mr3
southern hip hop,28ExwzUQsvgJooOI0X1mr3
trap,28ExwzUQsvgJooOI0X1mr3
afro r&b,21UPYSRWFKwtqvSAnFnSvS
afrobeats,21UPYSRWFKwtqvSAnFnSvS
alternative r&b,21UPYSRWFKwtqvSAnFnSvS
ghanaian alternative,21UPYSRWFKwtqvSAnFnSvS
ghanaian pop,21UPYSRWFKwtqvSAnFnSvS
aesthetic rap,2qB0DlFsQOpNh0bdMCJLwr
bedroom r&b,2qB0DlFsQOpNh0bdMCJLwr
plugg,2qB0DlFsQOpNh0bdMCJLwr
chicago rap,6AgTAQt8XS6jRWi4sX7w49
rap,6AgTAQt8XS6jRWi4sX7w49
k-pop,7nqOGRxlXj7N2JYbgNEjYH
k-pop boy group,7nqOGRxlXj7N2JYbgNEjYH
conscious hip hop,2YZyLoL8N0Wb9xBt1NhZWg
hip hop,2YZyLoL8N0Wb9xBt1NhZWg
rap,2YZyLoL8N0Wb9xBt1NhZWg
west coast rap,2YZyLoL8N0Wb9xBt1NhZWg
movie tunes,18MFcGBHtyW0mU3ufcm0X1
r&b en espanol,3VHAySZQPlfGlNLslzXYpN
rap latina,3VHAySZQPlfGlNLslzXYpN
rain,5GNSiWmGlKoycbxC8htQaH
sleep,5GNSiWmGlKoycbxC8htQaH
water,5GNSiWmGlKoycbxC8htQaH
k-pop,2dIgFjalVxs4ThymZ67YCE
k-pop boy group,2dIgFjalVxs4ThymZ67YCE
pop,2dIgFjalVxs4ThymZ67YCE
mgp,4QTUTpSoTX3n9uMvuvyQsy
deep new americana,0xPoVNPnxIIUS1vrxAYV00
indie pop,0xPoVNPnxIIUS1vrxAYV00
pov: indie,0xPoVNPnxIIUS1vrxAYV00
chicago bop,0VlR93v41JFZlo1tRAgy2A
chicago rap,0VlR93v41JFZlo1tRAgy2A
drill,0VlR93v41JFZlo1tRAgy2A
contemporary country,7x8nK0m0cP2ksQf0mjWdPS
country,7x8nK0m0cP2ksQf0mjWdPS
country road,7x8nK0m0cP2ksQf0mjWdPS
colombian pop,1U1el3k54VvEUzo3ybLPlM
chamber pop,2cCUtGK9sDU2EoElnk0GNB
indie folk,2cCUtGK9sDU2EoElnk0GNB
indie rock,2cCUtGK9sDU2EoElnk0GNB
indietronica,2cCUtGK9sDU2EoElnk0GNB
modern rock,2cCUtGK9sDU2EoElnk0GNB
stomp and holler,2cCUtGK9sDU2EoElnk0GNB
brooklyn drill,6EPlBSH2RSiettczlz7ihV
nyc rap,6EPlBSH2RSiettczlz7ihV
pluggnb,63ELR8SMfqu8EH9eXqCt9j
rage rap,63ELR8SMfqu8EH9eXqCt9j
rage rap,2AXsnwUyL9eMUy3y0ly2si
cali rap,0p4ViyfJUTW0IT4SCBLexf
kentucky hip hop,0GeeIVcvGA8GSlWsoY1dkG
trap soul,0GeeIVcvGA8GSlWsoY1dkG
canadian contemporary r&b,1Xyo4u8uXC1ZmMpatF05PJ
canadian pop,1Xyo4u8uXC1ZmMpatF05PJ
pop,1Xyo4u8uXC1ZmMpatF05PJ
kansas city hip hop,3w6NsYwesEyDyr8Ep0yvIr
indie soul,0GG2cWaonE4JPrjcCCQ1EG
uk dance,0GG2cWaonE4JPrjcCCQ1EG
vapor soul,0GG2cWaonE4JPrjcCCQ1EG
banda,2C6i0I5RiGzDKN9IAF8reh
musica mexicana,2C6i0I5RiGzDKN9IAF8reh
norteno,2C6i0I5RiGzDKN9IAF8reh
alt z,3V0ZQW0dNuVaFtbVYgSI24
modern indie pop,3V0ZQW0dNuVaFtbVYgSI24
art pop,3Uqu1mEdkUJxPe7s31n1M9
chamber pop,3Uqu1mEdkUJxPe7s31n1M9
experimental folk,3Uqu1mEdkUJxPe7s31n1M9
indie pop,3Uqu1mEdkUJxPe7s31n1M9
canadian contemporary r&b,24OnVX6EYwtu7P3jpMenPY
synth funk,24OnVX6EYwtu7P3jpMenPY
disco house,1gALaWbNDnwS2ECV09sn2A
hip house,1gALaWbNDnwS2ECV09sn2A
uk dance,1gALaWbNDnwS2ECV09sn2A
vocal house,1gALaWbNDnwS2ECV09sn2A
trap latino,0Q8NcsJwoCbZOHHW63su5S
urbano latino,0Q8NcsJwoCbZOHHW63su5S
latin hip hop,0eHQ9o50hj6ZDNBt6Ys1sD
reggaeton,0eHQ9o50hj6ZDNBt6Ys1sD
trap latino,0eHQ9o50hj6ZDNBt6Ys1sD
urbano latino,0eHQ9o50hj6ZDNBt6Ys1sD
r&b,7jZMxhsB8djyIbYmoiJSTs
modern blues rock,3bhu7P5PfngueRHiB9hjcx
bedroom soul,2FEdyVgGMSclOsYJ4wAQUY
bedroom pop,5C2iFRY2UldL2hv9THw4aB
pov: indie,5C2iFRY2UldL2hv9THw4aB
rain,2C32BFATM0fyN4FFTl3fHe
comic,2Waw2sSbqvAwK8NwACNjVo
pov: indie,2Waw2sSbqvAwK8NwACNjVo
brostep,64KEffDW9EtZ1y2vBYgq8T
edm,64KEffDW9EtZ1y2vBYgq8T
pop,64KEffDW9EtZ1y2vBYgq8T
progressive electro house,64KEffDW9EtZ1y2vBYgq8T
melodic rap,4Ga1P7PMIsmqEZqhYZQgDo
pluggnb,4Ga1P7PMIsmqEZqhYZQgDo
rap,4Ga1P7PMIsmqEZqhYZQgDo
detroit trap,3gwjMn413kOhSLR9wb4CWJ
alberta country,2dIP3oiEt0xB8CrfSqN9Og
canadian contemporary country,2dIP3oiEt0xB8CrfSqN9Og
canadian country,2dIP3oiEt0xB8CrfSqN9Og
canadian singer-songwriter,2dIP3oiEt0xB8CrfSqN9Og
cowboy western,2dIP3oiEt0xB8CrfSqN9Og
bedroom pop,5FxD8fkQZ6KcsSYupDVoSO
bedroom soul,5FxD8fkQZ6KcsSYupDVoSO
australian singer-songwriter,1RryIbDjpwt00AKkSpCGvP
j-division,3JsHnjpbhX4SnySpvpa9DK
korean ost,3JsHnjpbhX4SnySpvpa9DK
chamber folk,6IiZemRMna678qNhiRkYI5
chamber pop,6IiZemRMna678qNhiRkYI5
indie folk,6IiZemRMna678qNhiRkYI5
pop,6VuMaDnrHyPL1p4EHjYLi7
viral pop,6VuMaDnrHyPL1p4EHjYLi7
florida rap,2Pv9ZGQqEflbdavLk6rr0t
indie pop,0NB5HROxc8dDBXpkIi1v3d
modern alternative pop,0NB5HROxc8dDBXpkIi1v3d
contemporary r&b,4HgF4KnohByNElYid7iCNb
dirty south rap,4HgF4KnohByNElYid7iCNb
hip pop,4HgF4KnohByNElYid7iCNb
r&b,4HgF4KnohByNElYid7iCNb
southern hip hop,4HgF4KnohByNElYid7iCNb
urban contemporary,4HgF4KnohByNElYid7iCNb
classic texas country,4SfGzWmeoNPKIOmiyc7Pav
red dirt,4SfGzWmeoNPKIOmiyc7Pav
metalcore,2XIbOWDT5vZPW7jNyzdfcK
pov: indie,22y08IZx7u6SWpsfap1Cub
weirdcore,22y08IZx7u6SWpsfap1Cub
alt z,64EHXDoln95lnccszdPum0
indie electropop,64EHXDoln95lnccszdPum0
modern alternative pop,64EHXDoln95lnccszdPum0
rain,6ipASreqbHk6a7aR2xo9BW
white noise,6ipASreqbHk6a7aR2xo9BW
pop,0C8ZW7ezQVs4URX5aX7Kqx
post-teen pop,0C8ZW7ezQVs4URX5aX7Kqx
modern country pop,08GfvCW09pv2QP4y9sle2a
cali rap,0A0FS04o6zMoto8OKPsDwY
hip hop,0A0FS04o6zMoto8OKPsDwY
pop rap,0A0FS04o6zMoto8OKPsDwY
rap,0A0FS04o6zMoto8OKPsDwY
southern hip hop,0A0FS04o6zMoto8OKPsDwY
trap,0A0FS04o6zMoto8OKPsDwY
san antonio rap,1tjQoCGs4X0H7gkBoXno3p
alt z,3aHe9rMa5HFTjXHw8tEz0A
dance pop,59wfkuBoNyhDMQGCljbUbA
east coast hip hop,59wfkuBoNyhDMQGCljbUbA
hip hop,59wfkuBoNyhDMQGCljbUbA
hip pop,59wfkuBoNyhDMQGCljbUbA
pop rap,59wfkuBoNyhDMQGCljbUbA
rap,59wfkuBoNyhDMQGCljbUbA
corrido,0mA4dkNGiN4fqTBi2SLlAv
corridos tumbados,0mA4dkNGiN4fqTBi2SLlAv
sad sierreno,0mA4dkNGiN4fqTBi2SLlAv
sierreno,0mA4dkNGiN4fqTBi2SLlAv
trap queen,6RY7kT6PGGzAA3TG3s4Qmp
prog metal,2n2RSaZqBuUUukhbLlpnE6
crunk,5kkVPwCLmdkqaSQpptZtXj
memphis hip hop,5kkVPwCLmdkqaSQpptZtXj
phonk,5kkVPwCLmdkqaSQpptZtXj
bedroom r&b,73BLwSX6gsNeVzS7DgI4xe
dark trap,03LEDukdM723NRLz4UXeNv
pop,6ydoSd3N2mwgwBHtF6K7eX
hip hop,6aaMZ3fcfLv4tEbmY7bjRM
rap,6aaMZ3fcfLv4tEbmY7bjRM
tennessee hip hop,6aaMZ3fcfLv4tEbmY7bjRM
underground hip hop,6aaMZ3fcfLv4tEbmY7bjRM
sped up,4b3DUSYA69Wfn0AmgD0Zaj
contemporary country,1v3tdpIdBSW14rHUfiEVOv
country,1v3tdpIdBSW14rHUfiEVOv
country dawn,1v3tdpIdBSW14rHUfiEVOv
country road,1v3tdpIdBSW14rHUfiEVOv
bristol indie,0ZUyFEafMwocvApBjTXvdo
chamber pop,0ZUyFEafMwocvApBjTXvdo
chamber psych,0ZUyFEafMwocvApBjTXvdo
indie folk,0ZUyFEafMwocvApBjTXvdo
deep underground hip hop,2LIk90788K0zvyj2JJVwkJ
kentucky hip hop,2LIk90788K0zvyj2JJVwkJ
pop rap,2LIk90788K0zvyj2JJVwkJ
rap,2LIk90788K0zvyj2JJVwkJ
ccm,50hkKRxo0g8Ck4JqlwoJr4
hip hop,55Aa2cqylxrFIXC767Z865
new orleans rap,55Aa2cqylxrFIXC767Z865
pop rap,55Aa2cqylxrFIXC767Z865
rap,55Aa2cqylxrFIXC767Z865
trap,55Aa2cqylxrFIXC767Z865
melbourne bounce international,0TKFPt9w0AAEnhB9bd0pLy
slap house,0TKFPt9w0AAEnhB9bd0pLy
cowboy western,06hC4FCcHy4f295XTV1qrF
r&b,1CoZyIx7UvdxT5c8UkMzHd
uk contemporary r&b,1CoZyIx7UvdxT5c8UkMzHd
country rap,19k8AgwwTSxeaxkOuCQEJs
nashville hip hop,19k8AgwwTSxeaxkOuCQEJs
tennessee hip hop,19k8AgwwTSxeaxkOuCQEJs
art pop,00FQb4jTyendYWaN8pK0wa
pop,00FQb4jTyendYWaN8pK0wa
modern rock,53XhwfbYqKCa1cC15pYq2q
pop,53XhwfbYqKCa1cC15pYq2q
rock,53XhwfbYqKCa1cC15pYq2q
alt z,1Zi1c8sWZTy5rDiN3lAuEj
gen z singer-songwriter,1Zi1c8sWZTy5rDiN3lAuEj
art pop,2KEqzdPS7M5YwGmiuPTdr5
electropop,2KEqzdPS7M5YwGmiuPTdr5
indie pop,2KEqzdPS7M5YwGmiuPTdr5
laboratorio,7zHhscQ9kdR9fNGAffWz6z
glam rock,3PhoLpVuITZKcymswpck5b
mellow gold,3PhoLpVuITZKcymswpck5b
piano rock,3PhoLpVuITZKcymswpck5b
rock,3PhoLpVuITZKcymswpck5b
rap latina,2p4aN0Uxkk3iT3HK0cJ2cJ
trap dominicano,2p4aN0Uxkk3iT3HK0cJ2cJ
melodic rap,757aE44tKEUQEqRuT6GnEB
rap,757aE44tKEUQEqRuT6GnEB
trap,757aE44tKEUQEqRuT6GnEB
bronx drill,7hf5PZjVOqTQ2id3PF7I5Y
new york drill,7hf5PZjVOqTQ2id3PF7I5Y
atl hip hop,5f7VJjfbwm532GiveGC0ZK
atl trap,5f7VJjfbwm532GiveGC0ZK
rap,5f7VJjfbwm532GiveGC0ZK
trap,5f7VJjfbwm532GiveGC0ZK
dance pop,6M2wZ9GZgrQXHCFfjv46we
pop,6M2wZ9GZgrQXHCFfjv46we
uk pop,6M2wZ9GZgrQXHCFfjv46we
piano rock,5Pwc4xIPtQLFEnJriah9YJ
pop,5Pwc4xIPtQLFEnJriah9YJ
chakra,3pFSlKAoVnaEycgIcPDctw
cloud rap,5v2WhpA59TJSdPh7LCx1lN
dark trap,5v2WhpA59TJSdPh7LCx1lN
pop rap,59HbaJ5E8ud7FNLGqUN1KH
movie tunes,72kqSqk124Vnl1wtT6q9Fh
dance pop,7CajNmpbOovFoOoasH2HaY
edm,7CajNmpbOovFoOoasH2HaY
electro house,7CajNmpbOovFoOoasH2HaY
house,7CajNmpbOovFoOoasH2HaY
pop,7CajNmpbOovFoOoasH2HaY
progressive house,7CajNmpbOovFoOoasH2HaY
uk dance,7CajNmpbOovFoOoasH2HaY
dark trap,6fxyWrfmjcbj5d12gXeiNV
drill,6fxyWrfmjcbj5d12gXeiNV
hip hop,6fxyWrfmjcbj5d12gXeiNV
miami hip hop,6fxyWrfmjcbj5d12gXeiNV
rap,6fxyWrfmjcbj5d12gXeiNV
underground hip hop,6fxyWrfmjcbj5d12gXeiNV
trap dominicano,38epWdyauFwdRkldqUMfWE
trap latino,38epWdyauFwdRkldqUMfWE
white noise,6GpFiBAVovOVJfK7OTWnxN
atl hip hop,1c70yCa8sRgIiQxl3HOEFo
girl group,1c70yCa8sRgIiQxl3HOEFo
hip pop,1c70yCa8sRgIiQxl3HOEFo
r&b,1c70yCa8sRgIiQxl3HOEFo
southern hip hop,1c70yCa8sRgIiQxl3HOEFo
urban contemporary,1c70yCa8sRgIiQxl3HOEFo
belgian edm,7f5Zgnp2spUuuzKplmRkt7
edm,7f5Zgnp2spUuuzKplmRkt7
pop dance,7f5Zgnp2spUuuzKplmRkt7
tropical house,7f5Zgnp2spUuuzKplmRkt7
detroit hip hop,7dGJo4pcD2V6oG8kP0tJRR
hip hop,7dGJo4pcD2V6oG8kP0tJRR
rap,7dGJo4pcD2V6oG8kP0tJRR
canadian contemporary r&b,20wkVLutqVOYrc0kxFs7rA
mexican hip hop,1oH2B8tcHn4Gpl2bmmyd4A
sad sierreno,1oH2B8tcHn4Gpl2bmmyd4A
tamaulipas rap,1oH2B8tcHn4Gpl2bmmyd4A
alt z,100sLnojEpcadRx4edEBA6
electropop,100sLnojEpcadRx4edEBA6
gauze pop,100sLnojEpcadRx4edEBA6
indie poptimism,100sLnojEpcadRx4edEBA6
alternative r&b,4yJHrytMK7mqtKsXVGaBNg
indie r&b,4yJHrytMK7mqtKsXVGaBNg
pop,06HL4z0CvFAxyc27GXpf02
dirty south rap,5oNgAs7j5XcBMzWv3HAnHG
philly rap,5oNgAs7j5XcBMzWv3HAnHG
southern hip hop,5oNgAs7j5XcBMzWv3HAnHG
trap,5oNgAs7j5XcBMzWv3HAnHG
melodic rap,1zNqQNIdeOUZHb8zbZRFMX
rap,1zNqQNIdeOUZHb8zbZRFMX
trap,1zNqQNIdeOUZHb8zbZRFMX
atl trap,09XX4vGibhdivyKlxP8MRf
memphis hip hop,09XX4vGibhdivyKlxP8MRf
corrido,5aHKxMwIrPVwy4m6FTOiXK
corridos tumbados,5aHKxMwIrPVwy4m6FTOiXK
sad sierreno,5aHKxMwIrPVwy4m6FTOiXK
sierreno,5aHKxMwIrPVwy4m6FTOiXK
dembow dominicano,2iI5KWXLjw1tqLQsdjuo0e
r&b,57LYzLEk2LcFghVwuWbcuS
ccm,3YCKuqpv9nCsIhJ2v8SMix
christian music,3YCKuqpv9nCsIhJ2v8SMix
worship,3YCKuqpv9nCsIhJ2v8SMix
uk pop,5RJFJWYgtgWktosLrUDzff
alt z,6P5NO5hzJbuOqSdyPB7SJM
sad sierreno,6ElqtIfQsAkEYypgfJIjeK
modern alternative rock,4olE3I5QU0dvSR7LIpqTXc
corrido,0ys2OFYzWYB5hRDLCsBqxt
corridos tumbados,0ys2OFYzWYB5hRDLCsBqxt
norteno,0ys2OFYzWYB5hRDLCsBqxt
nueva musica mexicana,0ys2OFYzWYB5hRDLCsBqxt
sad sierreno,0ys2OFYzWYB5hRDLCsBqxt
sierreno,0ys2OFYzWYB5hRDLCsBqxt
south carolina hip hop,5HL0VTY0iLTz0RcoeI4cmY
crunk,08Ld63UgKrJ0nZnCkzHtzc
dirty south rap,08Ld63UgKrJ0nZnCkzHtzc
gangster rap,08Ld63UgKrJ0nZnCkzHtzc
memphis hip hop,08Ld63UgKrJ0nZnCkzHtzc
trap,08Ld63UgKrJ0nZnCkzHtzc
movie tunes,5NTEjLv3GEX1Vx0ITx9Pxe
scandipop,5H6xmHXjsq98NLbEjuE29f
art pop,6qqNVTkY8uBg9cP3Jd7DAH
electropop,6qqNVTkY8uBg9cP3Jd7DAH
pop,6qqNVTkY8uBg9cP3Jd7DAH
chill abstract hip hop,0fGcIStdT1OpFFhOC7Wp36
indie hip hop,0fGcIStdT1OpFFhOC7Wp36
broadway,4aXXDj9aZnlshx7mzj3W1N
show tunes,4aXXDj9aZnlshx7mzj3W1N
contemporary country,77kULmXAQ6vWer7IIHdGzI
country road,77kULmXAQ6vWer7IIHdGzI
contemporary country,4BYxqVkZyFjtik7crYLg5Q
country,4BYxqVkZyFjtik7crYLg5Q
country road,4BYxqVkZyFjtik7crYLg5Q
aesthetic rap,2urobxol2zYHXOUJXDh8n4
sad sierreno,5N3AyFVEE8vJa7AZEl7nD3
atl trap,2f6hqWBFjqS1EUHMS1JOFB
r&b,3Y7RZ31TRPVadSFVy1o8os
rap,3Y7RZ31TRPVadSFVy1o8os
chicago rap,6QtgPSJPSzcnn7dPZ4VINp
nyc rap,7arQA31aZVS8yS6zUveWzb
art pop,7MoIc5s9KXolCBH1fy9kkw
eugene indie,7MoIc5s9KXolCBH1fy9kkw
indie pop,7MoIc5s9KXolCBH1fy9kkw
indie rock,7MoIc5s9KXolCBH1fy9kkw
philly indie,7MoIc5s9KXolCBH1fy9kkw
dancehall,5FkUhnHQ0KC63549LHHtst
jamaican dancehall,5FkUhnHQ0KC63549LHHtst
traphall,5FkUhnHQ0KC63549LHHtst
trinibad,5FkUhnHQ0KC63549LHHtst
memphis hip hop,0RESbWvOMyua0yuyVrztJ5
tennessee hip hop,0RESbWvOMyua0yuyVrztJ5
trap,0RESbWvOMyua0yuyVrztJ5
alternative hip hop,5qRbfEf4Ooo19aRXKQzvUV
chill abstract hip hop,5qRbfEf4Ooo19aRXKQzvUV
drumless hip hop,5qRbfEf4Ooo19aRXKQzvUV
jazz rap,5qRbfEf4Ooo19aRXKQzvUV
modern country pop,4GGfAshSkqoxpZdoaHm7ky
atl hip hop,50co4Is1HCEo8bhOyUWKpn
atl trap,50co4Is1HCEo8bhOyUWKpn
gangster rap,50co4Is1HCEo8bhOyUWKpn
melodic rap,50co4Is1HCEo8bhOyUWKpn
rap,50co4Is1HCEo8bhOyUWKpn
trap,50co4Is1HCEo8bhOyUWKpn
atl trap,06Qf6vq8AVIpE9XIw8LAsY
pop,5CiGnKThu5ctn9pBxv7DGa
melodic rap,21WS9wngs9AqFckK7yYJPM
rap,21WS9wngs9AqFckK7yYJPM
trap,21WS9wngs9AqFckK7yYJPM
alt z,45dkTj5sMRSjrmBSBeiHym
pop,45dkTj5sMRSjrmBSBeiHym
otacore,3bSyv1vO8ye6PKyWcJeVbI
liverpool indie,0Ya43ZKWHTKkAbkoJJkwIB
modern alternative rock,0Ya43ZKWHTKkAbkoJJkwIB
modern rock,0Ya43ZKWHTKkAbkoJJkwIB
souldies,47RTTEHKmO94V6qGq5xhbn
modern alternative pop,4as3khXWaPjfkFdCA0JWMo
corrido,6dLuQ5qXxIuWc5urxfIiZR
corridos tumbados,6dLuQ5qXxIuWc5urxfIiZR
sad sierreno,6dLuQ5qXxIuWc5urxfIiZR
sierreno,6dLuQ5qXxIuWc5urxfIiZR
contemporary country,5pyVHz7lcfqKoV9BflFYwN
country pop,5pyVHz7lcfqKoV9BflFYwN
modern country pop,5pyVHz7lcfqKoV9BflFYwN
modern country rock,5pyVHz7lcfqKoV9BflFYwN
brooklyn drill,1tG7s7S4sq2eFFW0QZyLbm
new york drill,1tG7s7S4sq2eFFW0QZyLbm
nyc rap,1tG7s7S4sq2eFFW0QZyLbm
puerto rican pop,1i8SpTcr7yvPOmcqrbnVXY
reggaeton,1i8SpTcr7yvPOmcqrbnVXY
trap latino,1i8SpTcr7yvPOmcqrbnVXY
urbano latino,1i8SpTcr7yvPOmcqrbnVXY
canadian hip hop,484bfoveqgHfx2VhNY4zzT
pluggnb,1NHCwCMqV9oNQJXl16IltL
rage rap,1NHCwCMqV9oNQJXl16IltL
reggaeton,14zUHaJZo1mnYtn6IBRaRP
trap latino,14zUHaJZo1mnYtn6IBRaRP
urbano latino,14zUHaJZo1mnYtn6IBRaRP
cloud rap,3lyW79oolCj6PAaLUqnze5
drain,3lyW79oolCj6PAaLUqnze5
substep,3lyW79oolCj6PAaLUqnze5
dmv rap,0huGjMyP507tBCARyzSkrv
hip hop,0huGjMyP507tBCARyzSkrv
pop rap,0huGjMyP507tBCARyzSkrv
rap,0huGjMyP507tBCARyzSkrv
trap,0huGjMyP507tBCARyzSkrv
underground hip hop,0huGjMyP507tBCARyzSkrv
sped up,6qW2MCeqjNlMwiLl0JPbuZ
sped up,2FRfJyV85zb19tO6uiXBGl
k-pop,01XYiBYaoMJcNhPokrg0l0
k-pop girl group,01XYiBYaoMJcNhPokrg0l0
cali rap,7iKgSlIINjat3bsCYiNMYX
memphis hip hop,4uKEP0JYfpFtngWlgViewd
contemporary country,2IvkS5MXK0vPGnwyJsrEyV
country,2IvkS5MXK0vPGnwyJsrEyV
country road,2IvkS5MXK0vPGnwyJsrEyV
alternative r&b,4jwROPSUkTkohLCRiyjiZZ
indie r&b,4jwROPSUkTkohLCRiyjiZZ
pop dance,5Wg2b4Mp42gicxEeDNawf7
scandipop,5Wg2b4Mp42gicxEeDNawf7
uk dance,5Wg2b4Mp42gicxEeDNawf7
bronx drill,6ykgQbKcZFy5qoKBU4YiWj
drumless hip hop,6q3p11nP1p80Ey6LrOOSed
black americana,3yzRiNMZdTsSUgplcyYZ4i
country rap,3yzRiNMZdTsSUgplcyYZ4i
nyc rap,6LXRvV2OAtXF7685fzh3mj
pop,7ltDVBr6mKbRvohxheJ9h1
r&b en espanol,7ltDVBr6mKbRvohxheJ9h1
cumbia,5n9bMYfz9qss2VOW89EVs2
latin alternative,5n9bMYfz9qss2VOW89EVs2
latin rock,5n9bMYfz9qss2VOW89EVs2
pop electronico,5n9bMYfz9qss2VOW89EVs2
tropical alternativo,5n9bMYfz9qss2VOW89EVs2
dance pop,26dSoYclwsYLMAKD3tpOr4
pop,26dSoYclwsYLMAKD3tpOr4
meme rap,2YOYua8FpudSEiB9s88IgQ
minnesota hip hop,2YOYua8FpudSEiB9s88IgQ
k-pop,1Do4bSzfUl0KWL9r1fITu0
korean ost,1Do4bSzfUl0KWL9r1fITu0
korean pop,1Do4bSzfUl0KWL9r1fITu0
korean r&b,1Do4bSzfUl0KWL9r1fITu0
neo r&b,0FPWyyf6MD4QZTj3aypD3O
pop punk,6Y64EaNqpqcZYTgs4c76gF
dreamo,1gl0S9pS0Zw0qfa14rDD3D
indie surf,1gl0S9pS0Zw0qfa14rDD3D
pov: indie,1gl0S9pS0Zw0qfa14rDD3D
surf punk,1gl0S9pS0Zw0qfa14rDD3D
vegas indie,1gl0S9pS0Zw0qfa14rDD3D
memphis hip hop,5F1aAS1duwlzExnPs3l2Xe
tennessee hip hop,5F1aAS1duwlzExnPs3l2Xe
sleep,3L8lia6SiogIvkEl2qQ32d
aesthetic rap,4nXOZlYoAD67hF9aUEncMY
cloud rap,4nXOZlYoAD67hF9aUEncMY
dark trap,4nXOZlYoAD67hF9aUEncMY
miami hip hop,4nXOZlYoAD67hF9aUEncMY
underground hip hop,4nXOZlYoAD67hF9aUEncMY
ccm,1bdnGJxkbIIys5Jhk1T74v
dance pop,0IF46mUS8NXjgHabxk2MCM
hip pop,0IF46mUS8NXjgHabxk2MCM
neo soul,0IF46mUS8NXjgHabxk2MCM
urban contemporary,0IF46mUS8NXjgHabxk2MCM
hip hop,6fOMl44jA4Sp5b9PpYCkzz
pop rap,6fOMl44jA4Sp5b9PpYCkzz
hollywood,0m2Wc2gfNUWaAuBK7URPIJ
dancehall,21J3YJTyq1biE3SvSNjzuf
lovers rock,21J3YJTyq1biE3SvSNjzuf
reggae,21J3YJTyq1biE3SvSNjzuf
roots reggae,21J3YJTyq1biE3SvSNjzuf
upstate ny rap,0X3nsc84A9qlFilmlWNwQb
drift phonk,2DXPtOc14uPVvK7qggj2a3
gym phonk,2DXPtOc14uPVvK7qggj2a3
hollywood,5V8q61RswIFvxhIfzYVew9
hollywood,5PYToRCsrnvikZg3yl2JMr
movie tunes,5PYToRCsrnvikZg3yl2JMr
reggaeton,790FomKkXshlbRYZFtlgla
reggaeton colombiano,790FomKkXshlbRYZFtlgla
trap latino,790FomKkXshlbRYZFtlgla
urbano latino,790FomKkXshlbRYZFtlgla
indie poptimism,5PxCTrv3Y1xVACfngpt7D2
indietronica,5PxCTrv3Y1xVACfngpt7D2
indie anthem-folk,37fzXndf2fxVrk7qarhyo0
conscious hip hop,68kEuyFKyqrdQQLLsmiatm
hip hop,68kEuyFKyqrdQQLLsmiatm
rap,68kEuyFKyqrdQQLLsmiatm
underground hip hop,68kEuyFKyqrdQQLLsmiatm
hip hop,0fA0VVWsXO9YnASrzqfmYu
ohio hip hop,0fA0VVWsXO9YnASrzqfmYu
pop rap,0fA0VVWsXO9YnASrzqfmYu
rap,0fA0VVWsXO9YnASrzqfmYu
rap latina,0KKUc4amZyvswV2YL6WTar
trap latino,0KKUc4amZyvswV2YL6WTar
urbano latino,0KKUc4amZyvswV2YL6WTar
k-pop,5L1lO4eRHmJ7a0Q6csE5cT
hardvapour,6NmvwMFvNRQmWdW5N1nxsC
meme,1T8S48bD91THNKBByWBDyn
baroque pop,5rxf4rjZ5lyhKt7DWM5dLL
dark trap,1w7GLktHE8w0aEhhaZ0QKB
modern country pop,7HTLVyjNf0VRxfIgNcfRRH
meme,3Kb7e8b1tSd7TLa3cy7HUV
dark synthpop,7riQPkkGZBnTh9ve5qIhYo
colombian pop,07YUOmWljBTXwIseAUd9TW
latin pop,07YUOmWljBTXwIseAUd9TW
reggaeton,07YUOmWljBTXwIseAUd9TW
reggaeton colombiano,07YUOmWljBTXwIseAUd9TW
urbano latino,07YUOmWljBTXwIseAUd9TW
k-pop,2KC9Qb60EaY0kW4eH68vr3
k-pop girl group,2KC9Qb60EaY0kW4eH68vr3
atl hip hop,4yBK75WVCQXej1p04GWqxH
crunk,4yBK75WVCQXej1p04GWqxH
dirty south rap,4yBK75WVCQXej1p04GWqxH
gangster rap,4yBK75WVCQXej1p04GWqxH
old school atlanta hip hop,4yBK75WVCQXej1p04GWqxH
rap,4yBK75WVCQXej1p04GWqxH
southern hip hop,4yBK75WVCQXej1p04GWqxH
trap,4yBK75WVCQXej1p04GWqxH
ccm,2LFbgsbEhfilNpQYW7mied
christian alternative rock,2LFbgsbEhfilNpQYW7mied
christian music,2LFbgsbEhfilNpQYW7mied
roots worship,2LFbgsbEhfilNpQYW7mied
worship,2LFbgsbEhfilNpQYW7mied
experimental r&b,2HmiQV6GQR2VlOZmjEmtnX
k-pop,3eVa5w3URK5duf6eyVDbu9
bedroom pop,3l0CmX0FuQjFxr8SK7Vqag
indie pop,3l0CmX0FuQjFxr8SK7Vqag
pop,3l0CmX0FuQjFxr8SK7Vqag
pov: indie,3l0CmX0FuQjFxr8SK7Vqag
black americana,7rrTqtOUOwva4sgTx9C9F9
la pop,7rrTqtOUOwva4sgTx9C9F9
funk pop,7FNnA9vBm6EKceENgCGRMb
funk rj,7FNnA9vBm6EKceENgCGRMb
pagode baiano,7FNnA9vBm6EKceENgCGRMb
pop,7FNnA9vBm6EKceENgCGRMb
pop nacional,7FNnA9vBm6EKceENgCGRMb
pop,4kYSro6naA4h99UJvo89HB
rap,4kYSro6naA4h99UJvo89HB
alternative r&b,4E2rKHVDssGJm2SCDOMMJB
irish singer-songwriter,2FXC3k01G6Gw61bmprjgqS
modern rock,2FXC3k01G6Gw61bmprjgqS
pop,2FXC3k01G6Gw61bmprjgqS
pov: indie,2FXC3k01G6Gw61bmprjgqS
glitchcore,2SJhf6rTOU53g8yBdAjPby
plugg,2SJhf6rTOU53g8yBdAjPby
rage rap,2SJhf6rTOU53g8yBdAjPby
black americana,7FY5V3XMwlNBPitEjXowHQ
contemporary country,7FY5V3XMwlNBPitEjXowHQ
country,7FY5V3XMwlNBPitEjXowHQ
country road,7FY5V3XMwlNBPitEjXowHQ
dembow,1tfhFc2Y8iplDKCteuXjCY
alternative r&b,5Vuvs6Py2JRU7WiFDVsI7J
r&b,5Vuvs6Py2JRU7WiFDVsI7J
aesthetic rap,3ZHU5AKrUmIPnCFfr82QER
sleep,5EvA844VMdq61U5M4Ds0Fk
canadian hip hop,3TVXtAsR1Inumwj472S9r4
canadian pop,3TVXtAsR1Inumwj472S9r4
hip hop,3TVXtAsR1Inumwj472S9r4
rap,3TVXtAsR1Inumwj472S9r4
toronto rap,3TVXtAsR1Inumwj472S9r4
philly rap,4tu8A7n5giy6WuJoLiu4Uf
aesthetic rap,4YEl33ar2WlUSF94Yh9CCf
dream plugg,4YEl33ar2WlUSF94Yh9CCf
pluggnb,4YEl33ar2WlUSF94Yh9CCf
dutch house,6cEuCEZu7PAE9ZSzLLc2oQ
edm,6cEuCEZu7PAE9ZSzLLc2oQ
electro house,6cEuCEZu7PAE9ZSzLLc2oQ
pop dance,6cEuCEZu7PAE9ZSzLLc2oQ
progressive electro house,6cEuCEZu7PAE9ZSzLLc2oQ
slap house,6cEuCEZu7PAE9ZSzLLc2oQ
gangster rap,5IcR3N7QB1j6KBL8eImZ8m
hip hop,5IcR3N7QB1j6KBL8eImZ8m
pop rap,5IcR3N7QB1j6KBL8eImZ8m
rap,5IcR3N7QB1j6KBL8eImZ8m
southern hip hop,5IcR3N7QB1j6KBL8eImZ8m
trap,5IcR3N7QB1j6KBL8eImZ8m
alternative dance,6n28c9qs9hNGriNa72b26u
aussietronica,6n28c9qs9hNGriNa72b26u
australian dance,6n28c9qs9hNGriNa72b26u
australian electropop,6n28c9qs9hNGriNa72b26u
rain,0fHeyixPnac66k5oBPclVW
alternative r&b,2OaHYHb2XcFPvqL3VsyPzU
dmv rap,2OaHYHb2XcFPvqL3VsyPzU
trap queen,2OaHYHb2XcFPvqL3VsyPzU
emo rap,15UsOTVnJzReFVN1VCnxy4
miami hip hop,15UsOTVnJzReFVN1VCnxy4
corrido,1yPvnL2XGGehNiOGWzcAAG
corridos tumbados,1yPvnL2XGGehNiOGWzcAAG
sierreno,1yPvnL2XGGehNiOGWzcAAG
indiecoustica,0DxPHf2flBAcV2SnZPg3SV
atl trap,14qypx78D3Jd1mm7c2BqQb
bass house,4q0N3EI67tVnAeeaXbNQIj
contemporary country,4oUHIQIBe0LHzYfvXNW4QM
afro r&b,687cZJR45JO7jhk1LHIbgq
afrobeats,687cZJR45JO7jhk1LHIbgq
alte,687cZJR45JO7jhk1LHIbgq
nigerian pop,687cZJR45JO7jhk1LHIbgq
pov: indie,7yntSJ6uojO3z6GFUVwhAW
alternative r&b,3ycxRkcZ67ALN3GQJ57Vig
indie soul,3ycxRkcZ67ALN3GQJ57Vig
alt z,55fhWPvDiMpLnE4ZzNXZyW
pop,55fhWPvDiMpLnE4ZzNXZyW
hip hop,6U3ybJ9UHNKEdsH7ktGBZ7
rap,6U3ybJ9UHNKEdsH7ktGBZ7
underground hip hop,6U3ybJ9UHNKEdsH7ktGBZ7
pop,6LuN9FCkKOj5PcnpouEgny
pop r&b,6LuN9FCkKOj5PcnpouEgny
chicago rap,7AO1qih2zQeI7WYTQxC5fQ
drill,7AO1qih2zQeI7WYTQxC5fQ
vapor trap,4k84U3BB9LqFYogMZN7w94
modern indie pop,5Bw9kFNhy019e4IBCJZlzw
contemporary country,3BEV5FcxOtkQJ7lLRKMh3V
modern country pop,3BEV5FcxOtkQJ7lLRKMh3V
modern alternative pop,2VSHKHBTiXWplO8lxcnUC9
latin hip hop,6p2442ymrT9lZEuCZJdYcH
rap latina,6p2442ymrT9lZEuCZJdYcH
reggaeton,6p2442ymrT9lZEuCZJdYcH
trap latino,6p2442ymrT9lZEuCZJdYcH
urbano latino,6p2442ymrT9lZEuCZJdYcH
atl hip hop,3EW0kQ1skZiK1NHg3Spt9J
rap,3EW0kQ1skZiK1NHg3Spt9J
trap,3EW0kQ1skZiK1NHg3Spt9J
corrido,0l6WgSoqo4UqeuXFKnTQRu
corridos tumbados,0l6WgSoqo4UqeuXFKnTQRu
musica mexicana,0l6WgSoqo4UqeuXFKnTQRu
norteno,0l6WgSoqo4UqeuXFKnTQRu
nueva musica mexicana,0l6WgSoqo4UqeuXFKnTQRu
sad sierreno,0l6WgSoqo4UqeuXFKnTQRu
sierreno,0l6WgSoqo4UqeuXFKnTQRu
contemporary country,6y8XlgIV8BLlIg1tT1R10i
country,6y8XlgIV8BLlIg1tT1R10i
country road,6y8XlgIV8BLlIg1tT1R10i
modern country rock,6y8XlgIV8BLlIg1tT1R10i
glitchcore,0OO76E5lRfeyBI3fkA73Dr
hyperpop,0OO76E5lRfeyBI3fkA73Dr
sped up,0OO76E5lRfeyBI3fkA73Dr
contemporary country,4YLtscXsxbVgi031ovDDdh
outlaw country,4YLtscXsxbVgi031ovDDdh
dirty south rap,1sBkRIssrMs1AbVkOJbc7a
gangster rap,1sBkRIssrMs1AbVkOJbc7a
hip hop,1sBkRIssrMs1AbVkOJbc7a
rap,1sBkRIssrMs1AbVkOJbc7a
southern hip hop,1sBkRIssrMs1AbVkOJbc7a
trap,1sBkRIssrMs1AbVkOJbc7a
speedrun,47mIJdHORyRerp4os813jD
video game music,47mIJdHORyRerp4os813jD
banda,6N4VOBE2wNnRIINe3922Oc
duranguense,6N4VOBE2wNnRIINe3922Oc
musica mexicana,6N4VOBE2wNnRIINe3922Oc
norteno,6N4VOBE2wNnRIINe3922Oc
spanish pop,5FQ8tBUtIamA2hRtatrYUF
afrobeats,3wcj11K77LjEY1PkEazffa
dancehall,3wcj11K77LjEY1PkEazffa
nigerian hip hop,3wcj11K77LjEY1PkEazffa
nigerian pop,3wcj11K77LjEY1PkEazffa
hip hop,4V8LLVI7PbaPR0K2TGSxFF
rap,4V8LLVI7PbaPR0K2TGSxFF
meme,65s98MYZ4xFpgKlUYS5XKw
banda,7FsRH5bw8iWpSbMX1G7xf1
grupera,7FsRH5bw8iWpSbMX1G7xf1
musica mexicana,7FsRH5bw8iWpSbMX1G7xf1
norteno,7FsRH5bw8iWpSbMX1G7xf1
ranchera,7FsRH5bw8iWpSbMX1G7xf1
reggaeton,128ftF9X7Kd7Di2fq3wYVs
trap latino,128ftF9X7Kd7Di2fq3wYVs
urbano latino,128ftF9X7Kd7Di2fq3wYVs
dance pop,2gBjLmx6zQnFGQJCAQpRgw
gangster rap,2gBjLmx6zQnFGQJCAQpRgw
hip hop,2gBjLmx6zQnFGQJCAQpRgw
pop rap,2gBjLmx6zQnFGQJCAQpRgw
rap,2gBjLmx6zQnFGQJCAQpRgw
st louis rap,2gBjLmx6zQnFGQJCAQpRgw
urban contemporary,2gBjLmx6zQnFGQJCAQpRgw
electra,3FLUBwpAnaIlIKeaBfsxFe
baton rouge rap,1gPhS1zisyXr5dHTYZyiMe
rap,1gPhS1zisyXr5dHTYZyiMe
trap,1gPhS1zisyXr5dHTYZyiMe
dance pop,2RdwBSPQiwcmiDo9kixcl8
pop,2RdwBSPQiwcmiDo9kixcl8
modern indie pop,4adSXA1GDOxNG7Zw89YHyz
atl trap,2EnD37GNRe2REqHBKqMnZQ
pop r&b,2YFBOR9KIxC6WqHclkj9Yq
post-teen pop,2YFBOR9KIxC6WqHclkj9Yq
r&b,2YFBOR9KIxC6WqHclkj9Yq
trap brasileiro,7ciBW1p3KBsYIkFk4UmwS8
contemporary country,7tje8UB3cuR1ZfeJx2U38T
country pop,7tje8UB3cuR1ZfeJx2U38T
country road,7tje8UB3cuR1ZfeJx2U38T
modern country rock,7tje8UB3cuR1ZfeJx2U38T
reggaeton colombiano,6VOoiigTiLVgsMQPP1JOdC
urbano latino,6VOoiigTiLVgsMQPP1JOdC
classic oklahoma country,1UTPBmNbXNTittyMJrNkvw
contemporary country,1UTPBmNbXNTittyMJrNkvw
country,1UTPBmNbXNTittyMJrNkvw
country road,1UTPBmNbXNTittyMJrNkvw
reggaeton,21451j1KhjAiaYKflxBjr1
urbano latino,21451j1KhjAiaYKflxBjr1
contemporary country,78YqeIji3mgAS2K1Maca6x
country,78YqeIji3mgAS2K1Maca6x
country road,78YqeIji3mgAS2K1Maca6x
modern country rock,78YqeIji3mgAS2K1Maca6x
slowed and reverb,72y6MZHIPEyS64ACSCtIq6
weirdcore,72y6MZHIPEyS64ACSCtIq6
german dance,7jZM5w05mGhw6wTB1okhD9
german techno,7jZM5w05mGhw6wTB1okhD9
german trance,7jZM5w05mGhw6wTB1okhD9
trance,7jZM5w05mGhw6wTB1okhD9
electro,4tZwfgrHOc3mvqYlEYSvVi
filter house,4tZwfgrHOc3mvqYlEYSvVi
rock,4tZwfgrHOc3mvqYlEYSvVi
rain,7wU4Xw4xqmBzfy2TIej8qa
kentucky hip hop,4mkjpWbFO45SyaHiM9GOVE
ghanaian alternative,2hVWBpjLW4Q7fboYz2pVYK
metalcore,2tl280wIokrLjabzrSKTgU
uk pop punk,2tl280wIokrLjabzrSKTgU
dark trap,4G1zP5i0r57g1c1CxrPhfM
indie pop rap,3ApUX1o6oSz321MMECyIYd
dark trap,1a7xjqgtH0LtzVv80S9kVx
indie pop rap,5G9kmDLg3OeUyj8KVBLzbu
rhode island rap,5G9kmDLg3OeUyj8KVBLzbu
corrido,0dXXFVCw0LKzmHFrTLUaQJ
musica mexicana,0dXXFVCw0LKzmHFrTLUaQJ
norteno,0dXXFVCw0LKzmHFrTLUaQJ
nueva musica mexicana,0dXXFVCw0LKzmHFrTLUaQJ
detroit hip hop,0c173mlxpT3dSFRgMO8XPh
hip hop,0c173mlxpT3dSFRgMO8XPh
pop rap,0c173mlxpT3dSFRgMO8XPh
r&b,0c173mlxpT3dSFRgMO8XPh
rap,0c173mlxpT3dSFRgMO8XPh
southern hip hop,0c173mlxpT3dSFRgMO8XPh
trap,0c173mlxpT3dSFRgMO8XPh
banda,3hTffafUYLLgO4yuPAxb5U
corrido,3hTffafUYLLgO4yuPAxb5U
musica mexicana,3hTffafUYLLgO4yuPAxb5U
norteno,3hTffafUYLLgO4yuPAxb5U
nueva musica mexicana,3hTffafUYLLgO4yuPAxb5U
sad sierreno,3hTffafUYLLgO4yuPAxb5U
sierreno,3hTffafUYLLgO4yuPAxb5U
hyperpop,4qUoZ6ErhTYFhAI0W1iI9q
sigilkore,4qUoZ6ErhTYFhAI0W1iI9q
sped up,4qUoZ6ErhTYFhAI0W1iI9q
cumbia sonidera,4qDQBPUMcJUH7BQ9dfJnfI
bedroom soul,1W7FNibLa0O0b572tB2w7t
conscious hip hop,2P5sC9cVZDToPxyomzF1UH
hip hop,2P5sC9cVZDToPxyomzF1UH
rap,2P5sC9cVZDToPxyomzF1UH
memphis hip hop,579LsvZcRVKtToYjS0tkKz
rain,1Iww3Y4gDbNvjkqnjUzIZu
cloud rap,7KduBCxhfAMiQlhMOHL3IZ
dark trap,7KduBCxhfAMiQlhMOHL3IZ
miami hip hop,7KduBCxhfAMiQlhMOHL3IZ
underground hip hop,7KduBCxhfAMiQlhMOHL3IZ
vapor trap,7KduBCxhfAMiQlhMOHL3IZ
pop reggaeton,0GM7qgcRCORpGnfcN2tCiB
reggaeton,0GM7qgcRCORpGnfcN2tCiB
trap latino,0GM7qgcRCORpGnfcN2tCiB
urbano latino,0GM7qgcRCORpGnfcN2tCiB
gambian hip hop,1Z25ZlGHqqlr3o1UGQOfNn
pov: indie,6s22t5Y3prQHyaHWUN1R1C
alt z,1JhiIIXT9DWqEU3BYFZwGA
vapor soul,1JhiIIXT9DWqEU3BYFZwGA
alt z,7okSU80WTrn4LXlyXYbX3P
gen z singer-songwriter,7okSU80WTrn4LXlyXYbX3P
british singer-songwriter,5schNIzWdI9gJ1QRK8SBnc
folk-pop,5schNIzWdI9gJ1QRK8SBnc
dance pop,0du5cEVh5yTK9QJze8zA0C
pop,0du5cEVh5yTK9QJze8zA0C
reggaeton,2cPqdH7XMvwaBJEVjheH8g
trap latino,2cPqdH7XMvwaBJEVjheH8g
urbano latino,2cPqdH7XMvwaBJEVjheH8g
contemporary r&b,7LnaAXbDVIL75IVPnndf7w
hip pop,7LnaAXbDVIL75IVPnndf7w
r&b,7LnaAXbDVIL75IVPnndf7w
southern hip hop,7LnaAXbDVIL75IVPnndf7w
trap,7LnaAXbDVIL75IVPnndf7w
urban contemporary,7LnaAXbDVIL75IVPnndf7w
reggaeton colombiano,5IYRfypwG9BDDh5ZRPI80z
urbano latino,5IYRfypwG9BDDh5ZRPI80z
indie hip hop,04zbRSHjzlQYvV31SW7qZ4
social media pop,4ArPQ1Opcksbbf3CPwEjWE
pop,2cWZOOzeOm4WmBJRnD5R7I
r&b,2cWZOOzeOm4WmBJRnD5R7I
pop,0cGUm45nv7Z6M6qdXYQGTX
r&b,0cGUm45nv7Z6M6qdXYQGTX
atl hip hop,6oMuImdp5ZcFhWP0ESe6mG
hip hop,6oMuImdp5ZcFhWP0ESe6mG
rap,6oMuImdp5ZcFhWP0ESe6mG
trap,6oMuImdp5ZcFhWP0ESe6mG
aesthetic rap,5qOORCmdl34SsKnB8o4aaF
cali rap,4AA474G2hRfrHyGrfyDseO
sacramento hip hop,4AA474G2hRfrHyGrfyDseO
contemporary country,0BvkDsjIUla7X0k6CSWh1I
country,0BvkDsjIUla7X0k6CSWh1I
country road,0BvkDsjIUla7X0k6CSWh1I
jam band,1ZN1c1qWEGZNX1pGeKCPpf
jamgrass,1ZN1c1qWEGZNX1pGeKCPpf
new americana,1ZN1c1qWEGZNX1pGeKCPpf
progressive bluegrass,1ZN1c1qWEGZNX1pGeKCPpf
black americana,3oSJ7TBVCWMDMiYjXNiCKE
contemporary country,3oSJ7TBVCWMDMiYjXNiCKE
country,3oSJ7TBVCWMDMiYjXNiCKE
country road,3oSJ7TBVCWMDMiYjXNiCKE
chill beats,4huXijLHlm8VMzeob86QvD
reggaeton,4QrBoWLm2WNlPdbFhmlaUZ
reggaeton flow,4QrBoWLm2WNlPdbFhmlaUZ
trap latino,4QrBoWLm2WNlPdbFhmlaUZ
urbano latino,4QrBoWLm2WNlPdbFhmlaUZ
pop dance,4ofCBoyEiGSePFAG500xev
pop edm,4ofCBoyEiGSePFAG500xev
slap house,4ofCBoyEiGSePFAG500xev
tropical house,4ofCBoyEiGSePFAG500xev
uk dance,4ofCBoyEiGSePFAG500xev
hip hop,20sxb77xiYeusSH8cVdatc
philly rap,20sxb77xiYeusSH8cVdatc
pop rap,20sxb77xiYeusSH8cVdatc
rap,20sxb77xiYeusSH8cVdatc
southern hip hop,20sxb77xiYeusSH8cVdatc
trap,20sxb77xiYeusSH8cVdatc
reggaeton,7j6DKwmjbxvpQO8h914uEz
trap colombiano,7j6DKwmjbxvpQO8h914uEz
trap latino,7j6DKwmjbxvpQO8h914uEz
urbano latino,7j6DKwmjbxvpQO8h914uEz
disco,2aXiJJHJei5BmCykxI37y0
motown,2aXiJJHJei5BmCykxI37y0
quiet storm,2aXiJJHJei5BmCykxI37y0
philly drill,4GjElWvmSWy4FkKoGZbYs0
philly rap,4GjElWvmSWy4FkKoGZbYs0
chicago rap,4MCBfE4596Uoi2O4DtmEMz
melodic rap,4MCBfE4596Uoi2O4DtmEMz
rap,4MCBfE4596Uoi2O4DtmEMz
reggaeton,5hdhHgpxyniooUiQVaPxQ0
trap latino,5hdhHgpxyniooUiQVaPxQ0
urbano latino,5hdhHgpxyniooUiQVaPxQ0
bedroom soul,7zkwepHPyac6tCYl0fL0co
deep comedy,54wmKAtAAWcMLCJYzmU5ih
r&b,4fxd5Ee7UefO4CUXgwJ7IP
atl hip hop,699OTQXzgjhIYAHMy9RyPD
plugg,699OTQXzgjhIYAHMy9RyPD
pluggnb,699OTQXzgjhIYAHMy9RyPD
rage rap,699OTQXzgjhIYAHMy9RyPD
rap,699OTQXzgjhIYAHMy9RyPD
alternative r&b,0dUYLC7DLjeS8gIh8cz2Pq
memphis hip hop,4nZmMrwH6LxHnCzQv4IFUE
sad rap,1Cd373x8qzC7SNUg5IToqp
texas country,3444S3C4U9Ts86BnCtSPRV
indie garage rock,2SaIA1enj83vEmJikZdjQ3
drumless hip hop,40ZElxHldNyvn7x8WRC6fh
experimental hip hop,40ZElxHldNyvn7x8WRC6fh
cloud rap,1VPmR4DJC1PlOtd0IADAO0
dark trap,1VPmR4DJC1PlOtd0IADAO0
new orleans rap,1VPmR4DJC1PlOtd0IADAO0
underground hip hop,1VPmR4DJC1PlOtd0IADAO0
disco,1LZEQNv7sE11VDY3SdxQeN
mellow gold,1LZEQNv7sE11VDY3SdxQeN
soft rock,1LZEQNv7sE11VDY3SdxQeN
cloud rap,70AkqfU43ou9hFxJZTDt7A
emo rap,70AkqfU43ou9hFxJZTDt7A
corrido,09HxEXUwV0FkmZnBqrJfbM
corridos tumbados,09HxEXUwV0FkmZnBqrJfbM
sierreno,09HxEXUwV0FkmZnBqrJfbM
pop,6eUKZXaKkcviH0Ku9w2n3V
uk pop,6eUKZXaKkcviH0Ku9w2n3V
melodic rap,6ASri4ePR7RlsvIQgWPJpS
arkansas country,30e8DmahrEamvLbFRPdWmk
contemporary country,30e8DmahrEamvLbFRPdWmk
country,30e8DmahrEamvLbFRPdWmk
country road,30e8DmahrEamvLbFRPdWmk
belgian pop,3QVolfxko2UyCOtexhVTli
french pop,3QVolfxko2UyCOtexhVTli
variete francaise,3QVolfxko2UyCOtexhVTli
gen z singer-songwriter,502gYHkFCtLzBIcU4ctPLd
social media pop,5yw4tA8D5uG7tT3NaDvq10
trap queen,3MdXrJWsbVzdn6fe5JYkSQ
glitchcore,3sklFG9fuDAq3vbIZlkNH6
hyperpop,3sklFG9fuDAq3vbIZlkNH6
proto-hyperpop,3sklFG9fuDAq3vbIZlkNH6
transpop,3sklFG9fuDAq3vbIZlkNH6
musica mexicana,1dKdetem2xEmjgvyymzytS
norteno,1dKdetem2xEmjgvyymzytS
nueva musica mexicana,1dKdetem2xEmjgvyymzytS
sierreno,1dKdetem2xEmjgvyymzytS
florida drill,0wHeZY93Ede0g1jXaWsiFS
florida rap,0wHeZY93Ede0g1jXaWsiFS
dancehall,4wLAjfeqAsV66AocWNcowA
reggae fusion,4wLAjfeqAsV66AocWNcowA
melodic rap,3x3jSlhyv5CiCZDZlaTq0M
vapor trap,3x3jSlhyv5CiCZDZlaTq0M
sad sierreno,6PH3FLQAxtqYy46Zv08bpV
canadian pop,7n2wHs1TKAczGzO7Dd2rGr
pop,7n2wHs1TKAczGzO7Dd2rGr
viral pop,7n2wHs1TKAczGzO7Dd2rGr
brooklyn drill,14CHVeJGrR5xgUGQFV5BVM
new york drill,14CHVeJGrR5xgUGQFV5BVM
trap,14CHVeJGrR5xgUGQFV5BVM
rain,1MAazf048soVcELWMYehho
rage rap,7eEiDNxx0ZlaXHkn74qOrM
grupera,3tJnB0s6c3oXPq1SCCavnd
latin pop,3tJnB0s6c3oXPq1SCCavnd
musica mexicana,3tJnB0s6c3oXPq1SCCavnd
ranchera,3tJnB0s6c3oXPq1SCCavnd
drift phonk,14uo609t1MvRGZcskySt9R
uk alternative pop,0QWrMNukfcVOmgEU0FEDyD
classic texas country,6zLBxLdl60ekBLpawtT63I
contemporary country,6zLBxLdl60ekBLpawtT63I
drill,0ZVsDtaeXZtLz3qyVFViX4
edm,4oLeXFyACqeem2VImYeBFe
house,4oLeXFyACqeem2VImYeBFe
reggaeton,3ptY5WTxu77JpAQQnHyxEl
reggaeton colombiano,3ptY5WTxu77JpAQQnHyxEl
j-indie,7501C4PyvqS1BWbmrYq3LF
rain,7kgwMm8d2igABad4wfEKti
alabama rap,3KNIG74xSTc3dj0TRy7pGX
trap,3KNIG74xSTc3dj0TRy7pGX
brooklyn drill,0eDvMgVFoNV3TpwtrVCoTj
rap,0eDvMgVFoNV3TpwtrVCoTj
drift phonk,0snouHYzOWSgxRBYMQsa3H
ukrainian phonk,0snouHYzOWSgxRBYMQsa3H
trap queen,2Ggj5XNlIb4Lnbqe307FyB
broadway,4dS6hv2OTUlUB6OkQGSIi3
rain,4TBU1LUldUubb3RaqmLLN7
canadian hip hop,6jeg7JBX9J9097esK752iR
toronto rap,6jeg7JBX9J9097esK752iR
corrido,7Gi6gjaWy3DxyilpF1a8Is
corridos tumbados,7Gi6gjaWy3DxyilpF1a8Is
musica mexicana,7Gi6gjaWy3DxyilpF1a8Is
nueva musica mexicana,7Gi6gjaWy3DxyilpF1a8Is
sad sierreno,7Gi6gjaWy3DxyilpF1a8Is
sierreno,7Gi6gjaWy3DxyilpF1a8Is
pop dance,0xRXCcSX89eobfrshSVdyu
pop house,0xRXCcSX89eobfrshSVdyu
uk dance,0xRXCcSX89eobfrshSVdyu
conscious hip hop,7EWU4FhUJM1sZQgQKdENeT
italo dance,3iMzbvXlgNUpoFccD60bvr
contemporary country,0fiWOxhsBsQQvFDtxUQWo0
country,0fiWOxhsBsQQvFDtxUQWo0
country road,0fiWOxhsBsQQvFDtxUQWo0
atl hip hop,2hlmm7s2ICUX0LVIhVFlZQ
melodic rap,2hlmm7s2ICUX0LVIhVFlZQ
rap,2hlmm7s2ICUX0LVIhVFlZQ
trap,2hlmm7s2ICUX0LVIhVFlZQ
contemporary country,1p6CdzJRoicjRcSdWoB9Qc
country road,1p6CdzJRoicjRcSdWoB9Qc
heartland rock,1p6CdzJRoicjRcSdWoB9Qc
modern country rock,1p6CdzJRoicjRcSdWoB9Qc
alternative hip hop,6TLwD7HPWuiOzvXEa3oCNe
atl hip hop,4IVAbR2w4JJNJDDRFP3E83
melodic rap,4IVAbR2w4JJNJDDRFP3E83
r&b,4IVAbR2w4JJNJDDRFP3E83
rap,4IVAbR2w4JJNJDDRFP3E83
trap,4IVAbR2w4JJNJDDRFP3E83
anime,5t5FqBwTcgKTaWmfEbwQY9
k-pop boy group,5t5FqBwTcgKTaWmfEbwQY9
british soul,4dpARuHxo51G3z768sgnrY
pop,4dpARuHxo51G3z768sgnrY
pop soul,4dpARuHxo51G3z768sgnrY
uk pop,4dpARuHxo51G3z768sgnrY
latin hip hop,4SsVbpTthjScTS7U2hmr1X
reggaeton,4SsVbpTthjScTS7U2hmr1X
trap latino,4SsVbpTthjScTS7U2hmr1X
urbano latino,4SsVbpTthjScTS7U2hmr1X
banda,4bPiOPI4V99cepEftvBYak
musica mexicana,4bPiOPI4V99cepEftvBYak
norteno,4bPiOPI4V99cepEftvBYak
pop,0ZED1XzwlLHW4ZaG4lOT6m
eurodance,5ENS85nZShljwNgg4wFD7D
italo dance,5ENS85nZShljwNgg4wFD7D
slap house,5ENS85nZShljwNgg4wFD7D
otacore,1MUV2xrrCkG9mhZyVUDGEy
pixel,1MUV2xrrCkG9mhZyVUDGEy
pov: indie,1MUV2xrrCkG9mhZyVUDGEy
big room,1Cs0zKBU1kc0i8ypK3B9ai
dance pop,1Cs0zKBU1kc0i8ypK3B9ai
edm,1Cs0zKBU1kc0i8ypK3B9ai
pop,1Cs0zKBU1kc0i8ypK3B9ai
pop dance,1Cs0zKBU1kc0i8ypK3B9ai
atl hip hop,6icQOAFXDZKsumw3YXyusw
melodic rap,6icQOAFXDZKsumw3YXyusw
rap,6icQOAFXDZKsumw3YXyusw
trap,6icQOAFXDZKsumw3YXyusw
texas country,7pnTkKShdYS8BnmTHhcEaa
mexican hip hop,2hejA1Dkf8v8R0koF44FvW
rap conciencia,2hejA1Dkf8v8R0koF44FvW
folk-pop,5KNNVgR6LBIABRIomyCwKJ
irish pop,5KNNVgR6LBIABRIomyCwKJ
uk pop,5KNNVgR6LBIABRIomyCwKJ
high vibe,5UIl2yxuQbC2rU8m9pN8mD
dance pop,2NdeV5rLm47xAvogXrYhJX
hip pop,2NdeV5rLm47xAvogXrYhJX
pop,2NdeV5rLm47xAvogXrYhJX
r&b,2NdeV5rLm47xAvogXrYhJX
urban contemporary,2NdeV5rLm47xAvogXrYhJX
pop dance,4pnp4w9g30yLfVIAFnZMRd
canadian pop,1uNFoZAHBGtllmzznpCI3s
pop,1uNFoZAHBGtllmzznpCI3s
ocean,7qj3R7pI5z0H1AxH5X4oK8
aesthetic rap,5qVVvbyUOpNdgTGvNxzcMW
reggaeton,4q3ewBCX7sLwd24euuV69X
trap latino,4q3ewBCX7sLwd24euuV69X
urbano latino,4q3ewBCX7sLwd24euuV69X
r&b,5ZS223C6JyBfXasXxrRqOk
social media pop,7pwufEBGfggjoI8twqlsmQ
corrido,7DkseLyOZrdRjCuoWFtqFi
norteno,7DkseLyOZrdRjCuoWFtqFi
sad sierreno,7DkseLyOZrdRjCuoWFtqFi
edm,23fqKkggKUBHNkbKtXEls4
pop,23fqKkggKUBHNkbKtXEls4
pop dance,23fqKkggKUBHNkbKtXEls4
tropical house,23fqKkggKUBHNkbKtXEls4
canadian hip hop,2jku7tDXc6XoB6MO2hFuqg
canadian trap,2jku7tDXc6XoB6MO2hFuqg
melodic rap,2jku7tDXc6XoB6MO2hFuqg
r&b,2jku7tDXc6XoB6MO2hFuqg
rap,2jku7tDXc6XoB6MO2hFuqg
toronto rap,2jku7tDXc6XoB6MO2hFuqg
trap,2jku7tDXc6XoB6MO2hFuqg
hip hop,0Y5tJX1MQlPlqiwlOH1tJY
rap,0Y5tJX1MQlPlqiwlOH1tJY
slap house,0Y5tJX1MQlPlqiwlOH1tJY
hyperpop,7GcVOOrldYLwxGrCkELOno
pov: indie,7GcVOOrldYLwxGrCkELOno
sped up,7GcVOOrldYLwxGrCkELOno
east coast hip hop,3nFkdlSjzX9mRTtwJOzDYB
gangster rap,3nFkdlSjzX9mRTtwJOzDYB
hip hop,3nFkdlSjzX9mRTtwJOzDYB
pop rap,3nFkdlSjzX9mRTtwJOzDYB
rap,3nFkdlSjzX9mRTtwJOzDYB
afrofuturism,4frXpPxQQZwbCu3eTGnZEw
indie soul,4frXpPxQQZwbCu3eTGnZEw
rage rap,5A7T1LAGJg5NXySBoIKUmF
florida drill,3Y2MLcrD3ZQXRXmtn4fZQx
florida rap,3Y2MLcrD3ZQXRXmtn4fZQx
pov: indie,0Y6dVaC9DZtPNH4591M42W
piano rock,4utLUGcTvOJFr6aqIJtYWV
viral pop,4utLUGcTvOJFr6aqIJtYWV
soul flow,2F3zBRfrDfm2FyNT0YKyAx
underground hip hop,2F3zBRfrDfm2FyNT0YKyAx
alabama rap,4PNHuWkk4ee6R8WEhFVPf5
atl trap,4PNHuWkk4ee6R8WEhFVPf5
rain,5BnvoIO9j362IcN5NkZ9Tq
contemporary country,3b8QkneNDz4JHKKKlLgYZg
country,3b8QkneNDz4JHKKKlLgYZg
country pop,3b8QkneNDz4JHKKKlLgYZg
country road,3b8QkneNDz4JHKKKlLgYZg
modern country rock,3b8QkneNDz4JHKKKlLgYZg
indie r&b,22vqVhfPJab5kkU9txDGX3
corrido,1gW6pz5n1aK249L0GvfQCC
norteno,1gW6pz5n1aK249L0GvfQCC
nueva musica mexicana,1gW6pz5n1aK249L0GvfQCC
sad sierreno,1gW6pz5n1aK249L0GvfQCC
dance pop,07YZf4WDAMNwqr4jfgOZ8y
pop,07YZf4WDAMNwqr4jfgOZ8y
gen z singer-songwriter,7DQYAz99eM3Y5PkP9WtUew
noise pop,3XxNRirzbjfLdDli06zMaB
contemporary country,5iqStkZi6QmG8sgQZQrfGN
country road,5iqStkZi6QmG8sgQZQrfGN
art pop,25uiPmTg16RbhZWAqwLBy5
candy pop,25uiPmTg16RbhZWAqwLBy5
metropopolis,25uiPmTg16RbhZWAqwLBy5
pop,25uiPmTg16RbhZWAqwLBy5
uk pop,25uiPmTg16RbhZWAqwLBy5
cali rap,0YinUQ50QDB7ZxSCLyQ40k
pop rap,0YinUQ50QDB7ZxSCLyQ40k
rap,0YinUQ50QDB7ZxSCLyQ40k
southern hip hop,0YinUQ50QDB7ZxSCLyQ40k
trap,0YinUQ50QDB7ZxSCLyQ40k
brooklyn drill,6jGMq4yGs7aQzuGsMgVgZR
melodic rap,6jGMq4yGs7aQzuGsMgVgZR
nyc rap,6jGMq4yGs7aQzuGsMgVgZR
pop soul,1ooV8YZC1KbpEcrmI8WH0F
banda,66ihevNkSYNzRAl44dx6jJ
corrido,66ihevNkSYNzRAl44dx6jJ
musica mexicana,66ihevNkSYNzRAl44dx6jJ
nueva musica mexicana,66ihevNkSYNzRAl44dx6jJ
sad sierreno,66ihevNkSYNzRAl44dx6jJ
sierreno,66ihevNkSYNzRAl44dx6jJ
corrido,7EOpIcFOVG2PedJgVbCHJ2
corridos tumbados,7EOpIcFOVG2PedJgVbCHJ2
sad sierreno,7EOpIcFOVG2PedJgVbCHJ2
sierreno,7EOpIcFOVG2PedJgVbCHJ2
spanish pop,1aMt4A5jrQHxDYyC7rXgV0
reggaeton,5mgqYTU6dhKlEdi7DOy4uU
indie pop rap,02kJSzxNuaWGqwubyUba0Z
oakland hip hop,02kJSzxNuaWGqwubyUba0Z
pop rap,02kJSzxNuaWGqwubyUba0Z
rap,02kJSzxNuaWGqwubyUba0Z
alternative metal,4RddZ3iHvSpGV4dvATac9X
nu metal,4RddZ3iHvSpGV4dvATac9X
rap metal,4RddZ3iHvSpGV4dvATac9X
rap rock,4RddZ3iHvSpGV4dvATac9X
rock,4RddZ3iHvSpGV4dvATac9X
rain,3HkwYBXLxmRKfWOkaknVQ7
alternative r&b,7E2ioKxoxI2J94tUkIx6As
boston hip hop,6C1ohJrd5VydigQtaGy5Wa
hip hop,6C1ohJrd5VydigQtaGy5Wa
pop rap,6C1ohJrd5VydigQtaGy5Wa
rap,6C1ohJrd5VydigQtaGy5Wa
contemporary country,4TshyQDihSYXSWqvclXl3I
country road,4TshyQDihSYXSWqvclXl3I
modern country rock,4TshyQDihSYXSWqvclXl3I
modern uplift,4TshyQDihSYXSWqvclXl3I
new orleans jazz,0eRbECAGCLLiTyVXPBRexU
dfw rap,246dkjvS1zLTtiykXe5h60
melodic rap,246dkjvS1zLTtiykXe5h60
pop,246dkjvS1zLTtiykXe5h60
rap,246dkjvS1zLTtiykXe5h60
chicago drill,5QdEbQJ3ylBnc3gsIASAT5
chicago rap,5QdEbQJ3ylBnc3gsIASAT5
drill,5QdEbQJ3ylBnc3gsIASAT5
trap,5QdEbQJ3ylBnc3gsIASAT5
modern country pop,7kplJl06UmldxLKseURAYi
alternative hip hop,6vHBuUxrcpn1do5UaEJ7g6
underground hip hop,6vHBuUxrcpn1do5UaEJ7g6
florida rap,45TgXXqMDdF8BkjA83OM7z
banda,0my6Pg4I28dVcZLSpAkqhv
corrido,0my6Pg4I28dVcZLSpAkqhv
musica mexicana,0my6Pg4I28dVcZLSpAkqhv
norteno,0my6Pg4I28dVcZLSpAkqhv
nueva musica mexicana,0my6Pg4I28dVcZLSpAkqhv
british orchestra,09KZU0NsS7jRa5p0SflmGY
orchestra,09KZU0NsS7jRa5p0SflmGY
new jersey rap,6xFrZbce9KH5APjBe4QVNa
underground hip hop,6xFrZbce9KH5APjBe4QVNa
bedroom soul,0knGpCTbmG4ctl1wzYRZs4
classic oklahoma country,40ZNYROS4zLfyyBSs2PGe2
modern country pop,40ZNYROS4zLfyyBSs2PGe2
phonk brasileiro,5hKGLu4Ik88FzWcTPhWNTN
sped up,5hKGLu4Ik88FzWcTPhWNTN
la indie,1QfpRUtH14JLoY6F6AYmwt
crunk,5gCRApTajqwbnHHPbr2Fpi
memphis hip hop,5gCRApTajqwbnHHPbr2Fpi
pop rap,5gCRApTajqwbnHHPbr2Fpi
rap,5gCRApTajqwbnHHPbr2Fpi
southern hip hop,5gCRApTajqwbnHHPbr2Fpi
trap,5gCRApTajqwbnHHPbr2Fpi
trap latino,65jIUih0ZeTUJhSTRuYxpi
urbano latino,65jIUih0ZeTUJhSTRuYxpi
pop,66CXWjxzNUsdJxJ2JdwvnR
cali rap,1R4jDezcLcFxrJ9PHNrbG0
gen z singer-songwriter,7gW0r5CkdEUMm42w9XpyZO
corrido,111WEufNVhB1lRCVHAqEve
corridos tumbados,111WEufNVhB1lRCVHAqEve
sad sierreno,111WEufNVhB1lRCVHAqEve
sierreno,111WEufNVhB1lRCVHAqEve
hollywood,2KAaJOwfu8n93byx6YPRPa
nyc pop,2KAaJOwfu8n93byx6YPRPa
texas country,0vdfJvybF4QD1rzkHYqp6Q
wyoming roots,0vdfJvybF4QD1rzkHYqp6Q
atl hip hop,4DdkRBBYG6Yk9Ka8tdJ9BW
rap,4DdkRBBYG6Yk9Ka8tdJ9BW
trap,4DdkRBBYG6Yk9Ka8tdJ9BW
melodic rap,4O15NlyKLIASxsJ0PrXPfz
philly rap,4O15NlyKLIASxsJ0PrXPfz
rage rap,4O15NlyKLIASxsJ0PrXPfz
rap,4O15NlyKLIASxsJ0PrXPfz
chill phonk,1EnZjgGD81emhSdq6adEKt
drift phonk,1EnZjgGD81emhSdq6adEKt
french tech house,21dVknSLCsK37cWozWDZZS
french techno,21dVknSLCsK37cWozWDZZS
musica mexicana,27plYDXNJSOD084j39Lmlj
norteno,27plYDXNJSOD084j39Lmlj
tejano,27plYDXNJSOD084j39Lmlj
pop dance,4EPJlUEBy49EX1wuFOvtjK
pop house,4EPJlUEBy49EX1wuFOvtjK
tropical house,4EPJlUEBy49EX1wuFOvtjK
uk dance,4EPJlUEBy49EX1wuFOvtjK
uk pop,4EPJlUEBy49EX1wuFOvtjK
classic texas country,6WY7D3jk8zTrHtmkqqo5GI
contemporary country,6WY7D3jk8zTrHtmkqqo5GI
chill r&b,3pc0bOVB5whxmD50W79wwO
australian hip hop,2tIP7SsRs7vjIcLrU85W8J
alt z,66W9LaWS0DPdL7Sz8iYGYe
canadian contemporary r&b,66W9LaWS0DPdL7Sz8iYGYe
dominican indie,2Ju0kEPJxYUo0XM2PNUGeL
edm,540vIaP2JwjQb9dm3aArA4
electronic trap,540vIaP2JwjQb9dm3aArA4
pop,540vIaP2JwjQb9dm3aArA4
pop dance,540vIaP2JwjQb9dm3aArA4
europop,54R6Y0I7jGUCveDTtI21nb
plugg,56gMovAlFdnmrDk2BcfUlJ
chinese hip hop,1apmSb6aeHZyr9zUsy1Z9q
detroit trap,2JSwnwAT1BupAQkhqcRCUw
scam rap,2JSwnwAT1BupAQkhqcRCUw
chicago rap,3IaKn0ExWTMPqa0mscUYw3
corrido,6ubJLRTVzomuWIScbguoSY
corridos tumbados,6ubJLRTVzomuWIScbguoSY
sad sierreno,6ubJLRTVzomuWIScbguoSY
sierreno,6ubJLRTVzomuWIScbguoSY
colombian pop,28gNT5KBp7IjEOQoevXf9N
latin pop,28gNT5KBp7IjEOQoevXf9N
reggaeton colombiano,28gNT5KBp7IjEOQoevXf9N
bedroom pop,1xbu7UyVdZxwIiNfLcUKqn
modern blues rock,4NpFxQe2UvRCAjto3JqlSl
modern hard rock,4NpFxQe2UvRCAjto3JqlSl
rock,4NpFxQe2UvRCAjto3JqlSl
corrido,4NEQrC4AlByMUOmOp9H5hZ
musica mexicana,4NEQrC4AlByMUOmOp9H5hZ
norteno,4NEQrC4AlByMUOmOp9H5hZ
nueva musica mexicana,4NEQrC4AlByMUOmOp9H5hZ
sierreno,4NEQrC4AlByMUOmOp9H5hZ
k-pop,7cVZApDoQZpS447nHTsNqu
alt z,2WzaAvm2bBCf4pEhyuDgCY
canadian contemporary r&b,2WzaAvm2bBCf4pEhyuDgCY
canadian pop,2WzaAvm2bBCf4pEhyuDgCY
pop,2WzaAvm2bBCf4pEhyuDgCY
drift phonk,1SwmXTElW9TlkK2Rydgb4D
contemporary country,4e9TBaTlI3LVQz3tkTYC0I
modern country pop,4e9TBaTlI3LVQz3tkTYC0I
contemporary country,2VDsDEKCdNm7c7Ve43Z9gw
country pop,2VDsDEKCdNm7c7Ve43Z9gw
corrido,1glBi4zyzqaSQoy8ReU0rz
corridos tumbados,1glBi4zyzqaSQoy8ReU0rz
norteno,1glBi4zyzqaSQoy8ReU0rz
sad sierreno,1glBi4zyzqaSQoy8ReU0rz
cali rap,6T4tcUkLcppayRBkcjXR0V
westcoast flow,6T4tcUkLcppayRBkcjXR0V
meme,7J2iS8AJGjC7om2vgBXdDJ
pluggnb,7J2iS8AJGjC7om2vgBXdDJ
indie anthem-folk,12j6dJrPXanCBwY599pZxf
indie pop,12j6dJrPXanCBwY599pZxf
pov: indie,12j6dJrPXanCBwY599pZxf
melodic rap,1cNDP5yjU5vjeR8qMf4grg
rap,1cNDP5yjU5vjeR8qMf4grg
j-pop,64tJ2EAv1R6UaZqc4iOCyj
japanese teen pop,64tJ2EAv1R6UaZqc4iOCyj
pop rap,6MPCFvOQv5cIGfw3jODMF0
bachata,1qto4hHid1P71emI6Fd8xi
bachata dominicana,1qto4hHid1P71emI6Fd8xi
latin hip hop,1qto4hHid1P71emI6Fd8xi
latin pop,1qto4hHid1P71emI6Fd8xi
tropical,1qto4hHid1P71emI6Fd8xi
urbano latino,1qto4hHid1P71emI6Fd8xi
latin alternative,2QWIScpFDNxmS6ZEMIUvgm
latin pop,2QWIScpFDNxmS6ZEMIUvgm
latin rock,2QWIScpFDNxmS6ZEMIUvgm
rock en espanol,2QWIScpFDNxmS6ZEMIUvgm
corrido,0XeEobZplHxzM9QzFQWLiR
corridos tumbados,0XeEobZplHxzM9QzFQWLiR
nueva musica mexicana,0XeEobZplHxzM9QzFQWLiR
sad sierreno,0XeEobZplHxzM9QzFQWLiR
sierreno,0XeEobZplHxzM9QzFQWLiR
contemporary country,6x2LnllRG5uGarZMsD4iO8
country,6x2LnllRG5uGarZMsD4iO8
country road,6x2LnllRG5uGarZMsD4iO8
modern country rock,6x2LnllRG5uGarZMsD4iO8
memphis hip hop,3Rx4PJ7SP6unkOk5elPUK7
trap,3Rx4PJ7SP6unkOk5elPUK7
bedroom r&b,6oqHT4S7trO98T8NkbQJ4h
corrido,3R6Kbe18UcjsGkBGWElC51
norteno,3R6Kbe18UcjsGkBGWElC51
tololoche,3R6Kbe18UcjsGkBGWElC51
corrido,1Zkxm1dM3HI3QkTmxUEVQA
corridos tumbados,1Zkxm1dM3HI3QkTmxUEVQA
sad sierreno,1Zkxm1dM3HI3QkTmxUEVQA
sierreno,1Zkxm1dM3HI3QkTmxUEVQA
bedroom pop,4Uc8Dsxct0oMqx0P6i60ea
pop,4Uc8Dsxct0oMqx0P6i60ea
pov: indie,4Uc8Dsxct0oMqx0P6i60ea
puerto rican pop,1mcTU81TzQhprhouKaTkpq
reggaeton,1mcTU81TzQhprhouKaTkpq
trap latino,1mcTU81TzQhprhouKaTkpq
urbano latino,1mcTU81TzQhprhouKaTkpq
rain,0iDx4sYtJ0FfXi5tdGGXTA
ccm,6QgOGgahvXBHEEzpjbDsOj
christian alternative rock,6QgOGgahvXBHEEzpjbDsOj
christian music,6QgOGgahvXBHEEzpjbDsOj
worship,6QgOGgahvXBHEEzpjbDsOj
aesthetic rap,6wDDxmc6DCL53dpL6uMjqM
alternative r&b,3UjPnt2nRmw10N58bBeNOg
alt z,5JMLG56F1X5mFmWNmS0iAp
cali rap,6cK3NBO6uP7hh0oyuVELFl
trap queen,6cK3NBO6uP7hh0oyuVELFl
funk,5K0rbdBrs2tNXe5LeWMATT
p funk,5K0rbdBrs2tNXe5LeWMATT
soul,5K0rbdBrs2tNXe5LeWMATT
pop,1Hsdzj7Dlq2I7tHP7501T4
k-pop,6RHTUrRF63xao58xh9FXYJ
k-pop girl group,6RHTUrRF63xao58xh9FXYJ
rap rock,4exLIFE8sISLr28sqG1qNX
glitchcore,5L15t6I0PQS9SBXbiklPEN
plugg,5L15t6I0PQS9SBXbiklPEN
classic country pop,5W5bDNCqJ1jbCgTxDD0Cb3
classic texas country,5W5bDNCqJ1jbCgTxDD0Cb3
country,5W5bDNCqJ1jbCgTxDD0Cb3
country rock,5W5bDNCqJ1jbCgTxDD0Cb3
nashville sound,5W5bDNCqJ1jbCgTxDD0Cb3
outlaw country,5W5bDNCqJ1jbCgTxDD0Cb3
singer-songwriter,5W5bDNCqJ1jbCgTxDD0Cb3
alternative r&b,1ybINI1qPiFbwDXamRtwxD
cloud rap,5g63iWaMJ2UrkZMkCC8dMi
melodic rap,5g63iWaMJ2UrkZMkCC8dMi
houston rap,181bsRPaVXVlUKXrxwZfHK
pop,181bsRPaVXVlUKXrxwZfHK
rap,181bsRPaVXVlUKXrxwZfHK
trap queen,181bsRPaVXVlUKXrxwZfHK
rain,6jdXzmcf0crcLQOkn58oLQ
chicago drill,1JeY1HkXL8bR7ljheqDrMv
reggaeton,3Wb38LDP3N4tkobValgE9D
reggaeton flow,3Wb38LDP3N4tkobValgE9D
trap latino,3Wb38LDP3N4tkobValgE9D
urbano latino,3Wb38LDP3N4tkobValgE9D
chicago rap,5K4W6rqBFWDnAN6FQUkS6x
hip hop,5K4W6rqBFWDnAN6FQUkS6x
rap,5K4W6rqBFWDnAN6FQUkS6x
dance pop,4sTQVOfp9vEMCemLw50sbu
edm,4sTQVOfp9vEMCemLw50sbu
pop,4sTQVOfp9vEMCemLw50sbu
pop dance,4sTQVOfp9vEMCemLw50sbu
tropical house,4sTQVOfp9vEMCemLw50sbu
dance pop,5rkVyNGXEgeUqKkB5ccK83
hip pop,5rkVyNGXEgeUqKkB5ccK83
r&b,5rkVyNGXEgeUqKkB5ccK83
urban contemporary,5rkVyNGXEgeUqKkB5ccK83
neo soul,6PvvGcCY2XtUcSRld1Wilr
cali rap,1MXZ0hsGic96dWRDKwAwdr
melodic rap,1MXZ0hsGic96dWRDKwAwdr
irish rock,51Blml2LZPmy7TTiAg47vQ
permanent wave,51Blml2LZPmy7TTiAg47vQ
rock,51Blml2LZPmy7TTiAg47vQ
pop rap,44vREmJC0OlVZjZaGLqVEd
rain,11662aaOqDYv2EBHSxJPJV
cali rap,3ppQEG71r7jVpI8RudzycF
modern country pop,3win9vGIxFfBRag9S63wwf
pop argentino,1DxLCyH42yaHKGK3cl5bvG
corrido,12GqGscKJx3aE4t07u7eVZ
nueva musica mexicana,12GqGscKJx3aE4t07u7eVZ
sad sierreno,12GqGscKJx3aE4t07u7eVZ
alt z,3PyJHH2wyfQK3WZrk9rpmP
escape room,3PyJHH2wyfQK3WZrk9rpmP
rain,1bgpRrszIfYOXgzXcR02jP
bedroom r&b,1xgl9yxqIVq8PEEMai38uV
hyperpop francais,1xgl9yxqIVq8PEEMai38uV
melodic rap,2J6pigOrBmKQgqJUY5UM7r
plugg,2J6pigOrBmKQgqJUY5UM7r
rage rap,2J6pigOrBmKQgqJUY5UM7r
vapor trap,2J6pigOrBmKQgqJUY5UM7r
dance pop,4yiQZ8tQPux8cPriYMWUFP
pop,4yiQZ8tQPux8cPriYMWUFP
chamber pop,4LEiUm1SRbFMgfqnQTwUbQ
eau claire indie,4LEiUm1SRbFMgfqnQTwUbQ
indie folk,4LEiUm1SRbFMgfqnQTwUbQ
melancholia,4LEiUm1SRbFMgfqnQTwUbQ
modern rock,4LEiUm1SRbFMgfqnQTwUbQ
banda,4jogXSSvlyMkODGSZ2wc2P
corrido,4jogXSSvlyMkODGSZ2wc2P
musica mexicana,4jogXSSvlyMkODGSZ2wc2P
norteno,4jogXSSvlyMkODGSZ2wc2P
nueva musica mexicana,4jogXSSvlyMkODGSZ2wc2P
sierreno,4jogXSSvlyMkODGSZ2wc2P
cali rap,3crnzLy8R4lVwaigKEOz7V
gangster rap,3crnzLy8R4lVwaigKEOz7V
hyphy,3crnzLy8R4lVwaigKEOz7V
oakland hip hop,3crnzLy8R4lVwaigKEOz7V
west coast rap,3crnzLy8R4lVwaigKEOz7V
florida rap,2S2mt1DiA4QKdKvtqwxrbB
memphis hip hop,2S2mt1DiA4QKdKvtqwxrbB
chicago rap,3KV3p5EY4AvKxOlhGHORLg
pop rap,3KV3p5EY4AvKxOlhGHORLg
r&b,3KV3p5EY4AvKxOlhGHORLg
southern hip hop,3KV3p5EY4AvKxOlhGHORLg
trap,3KV3p5EY4AvKxOlhGHORLg
urban contemporary,3KV3p5EY4AvKxOlhGHORLg
glitchcore,62F9BiUmjqeXbBztCwiX1U
meme rap,62F9BiUmjqeXbBztCwiX1U
modern alternative rock,3NPpFNZtSTHheNBaWC82rB
modern rock,3NPpFNZtSTHheNBaWC82rB
stomp pop,3NPpFNZtSTHheNBaWC82rB
corrido,4A4qYy2jK9DDN1OHV0nLkH
corridos tumbados,4A4qYy2jK9DDN1OHV0nLkH
musica mexicana,4A4qYy2jK9DDN1OHV0nLkH
norteno,4A4qYy2jK9DDN1OHV0nLkH
sad sierreno,4A4qYy2jK9DDN1OHV0nLkH
reggaeton,329e4yvIujISKGKz1BZZbO
trap latino,329e4yvIujISKGKz1BZZbO
urbano latino,329e4yvIujISKGKz1BZZbO
rage rap,7J0hrNYCO5DgAx0XaRJqkh
philly drill,0aKS1m1pFD0WwcYo6P02HU
corrido,44mEtidu0VdRkIqO4IbkNa
corridos tumbados,44mEtidu0VdRkIqO4IbkNa
musica mexicana,44mEtidu0VdRkIqO4IbkNa
norteno,44mEtidu0VdRkIqO4IbkNa
nueva musica mexicana,44mEtidu0VdRkIqO4IbkNa
sad sierreno,44mEtidu0VdRkIqO4IbkNa
sierreno,44mEtidu0VdRkIqO4IbkNa
atl hip hop,3EIX8WuD9ybB4ruz0MSilB
melodic rap,3EIX8WuD9ybB4ruz0MSilB
vapor trap,3EIX8WuD9ybB4ruz0MSilB
chill abstract hip hop,758sHPdw5FpB5ZM8f5MpXe
experimental hip hop,758sHPdw5FpB5ZM8f5MpXe
brazilian edm,37czgDRfGMvgRiUKHvnnhj
slowed and reverb,2WgfkM8S11vg4kxLgDY3F5
viral rap,2WgfkM8S11vg4kxLgDY3F5
atl hip hop,0T5OJgMVjKIX3b3W3ekqOl
dirty south rap,0T5OJgMVjKIX3b3W3ekqOl
old school atlanta hip hop,0T5OJgMVjKIX3b3W3ekqOl
trap,0T5OJgMVjKIX3b3W3ekqOl
sad sierreno,7vp0b6TMlF5PF9eIeSzadf
cali rap,3Fl1V19tmjt57oBdxXKAjJ
rap,3Fl1V19tmjt57oBdxXKAjJ
corrido,5TcnuUD5MHBfd1cO4kweWD
contemporary country,6tPHARSq45lQ8BSALCfkFC
modern country pop,6tPHARSq45lQ8BSALCfkFC
alternative r&b,1A9o3Ljt67pFZ89YtPPL5X
scandinavian r&b,1A9o3Ljt67pFZ89YtPPL5X
swedish soul,1A9o3Ljt67pFZ89YtPPL5X
acoustic pop,2sG4zTOLvjKG1PSoOyf5Ej
ectofolk,2sG4zTOLvjKG1PSoOyf5Ej
folk,2sG4zTOLvjKG1PSoOyf5Ej
indie folk,2sG4zTOLvjKG1PSoOyf5Ej
lilith,2sG4zTOLvjKG1PSoOyf5Ej
modern folk rock,2sG4zTOLvjKG1PSoOyf5Ej
new americana,2sG4zTOLvjKG1PSoOyf5Ej
cali rap,63GIj2yhFvX1Bzphb9JgVb
hip hop,4r63FhuTkUYltbVAg5TQnk
north carolina hip hop,4r63FhuTkUYltbVAg5TQnk
rap,4r63FhuTkUYltbVAg5TQnk
reggaeton,1vyhD5VmyZ7KMfW5gqLgo5
reggaeton colombiano,1vyhD5VmyZ7KMfW5gqLgo5
trap latino,1vyhD5VmyZ7KMfW5gqLgo5
urbano latino,1vyhD5VmyZ7KMfW5gqLgo5
trap soul,46MWeeHNVMYRIIofQBEX98
alt z,3QJUFtGBGL05vo0kCJZsmT
modern indie pop,3QJUFtGBGL05vo0kCJZsmT
cali rap,4sb7rZNN93BSS6Gqgepo4v
gangster rap,4sb7rZNN93BSS6Gqgepo4v
golden age hip hop,4sb7rZNN93BSS6Gqgepo4v
hyphy,4sb7rZNN93BSS6Gqgepo4v
oakland hip hop,4sb7rZNN93BSS6Gqgepo4v
west coast rap,4sb7rZNN93BSS6Gqgepo4v
j-rap,2vjeuQwzSP5ErC1S41gONX
josei rap,2vjeuQwzSP5ErC1S41gONX
rage rap,61GrWHOtJOXpqQjibezT8i
australian country,0u2FHSq3ln94y5Q57xazwf
australian pop,0u2FHSq3ln94y5Q57xazwf
contemporary country,0u2FHSq3ln94y5Q57xazwf
country,0u2FHSq3ln94y5Q57xazwf
country road,0u2FHSq3ln94y5Q57xazwf
boy band,7gOdHgIoIKoe4i9Tta6qdD
pop,7gOdHgIoIKoe4i9Tta6qdD
atl hip hop,23DYJsw4uSCguIqiTIDtcN
alt z,2cFrymmkijnjDg9SS92EPM
pop,2cFrymmkijnjDg9SS92EPM
cloud rap,3K40SMapVhc8PxyYFofHff
chamber ensemble,5Dl3HXZjG6ZOWT5cV375lk
classical cello,5Dl3HXZjG6ZOWT5cV375lk
classical performance,5Dl3HXZjG6ZOWT5cV375lk
detroit hip hop,3zZ88AwlTwfCJkowsFCvLA
detroit trap,3zZ88AwlTwfCJkowsFCvLA
classic oklahoma country,4xFUf1FHVy696Q1JQZMTRj
contemporary country,4xFUf1FHVy696Q1JQZMTRj
country,4xFUf1FHVy696Q1JQZMTRj
country dawn,4xFUf1FHVy696Q1JQZMTRj
dance pop,4xFUf1FHVy696Q1JQZMTRj
memphis hip hop,0ErzCpIMyLcjPiwT4elrtZ
rap,0ErzCpIMyLcjPiwT4elrtZ
nyc rap,15ZjD8Gus20Miqw3fdOaXX
dance pop,5cj0lLjcoR7YOSnhnX0Po5
pop,5cj0lLjcoR7YOSnhnX0Po5
modern alternative rock,77SW9BnxLY8rJ0RciFqkHh
modern rock,77SW9BnxLY8rJ0RciFqkHh
pop,77SW9BnxLY8rJ0RciFqkHh
pov: indie,77SW9BnxLY8rJ0RciFqkHh
dmv rap,3tlXnStJ1fFhdScmQeLpuG
r&b,3tlXnStJ1fFhdScmQeLpuG
rap,3tlXnStJ1fFhdScmQeLpuG
bounce,2ledyuziz6YjLK5Dw483Oc
crunk,2ledyuziz6YjLK5Dw483Oc
dirty south rap,2ledyuziz6YjLK5Dw483Oc
memphis hip hop,2ledyuziz6YjLK5Dw483Oc
sad rap,0OEYE03fBF2VoTBxGuaUxL
pop rap,1xr2G8Hlx4QWmT9HaUbmoO
reggaeton,1pQWsZQehhS4wavwh7Fnxd
trap argentino,1pQWsZQehhS4wavwh7Fnxd
trap latino,1pQWsZQehhS4wavwh7Fnxd
urbano latino,1pQWsZQehhS4wavwh7Fnxd
cali rap,1yI0tX9OnfOx9siPj8KNOO
westcoast flow,1yI0tX9OnfOx9siPj8KNOO
new jersey rap,3z2IySIVkUy23tiLxLy4Wh
contemporary country,2kucQ9jQwuD8jWdtR9Ef38
country,2kucQ9jQwuD8jWdtR9Ef38
country pop,2kucQ9jQwuD8jWdtR9Ef38
sigilkore,1CbA4z6JauNQnHzOErDQL6
rain,6zA19zdA3bkCzHnAfcwFag
alternative pop rock,6USv9qhCn6zfxlBQIYJ9qs
pov: indie,6USv9qhCn6zfxlBQIYJ9qs
drift phonk,2ElMqlv5py0QFIVXUff627
eau claire indie,7gXy60xRcwYujBFoYHnR2O
folktronica,7gXy60xRcwYujBFoYHnR2O
canadian hip hop,5olrQpDroHT7sjmYWMLivy
melodic rap,5olrQpDroHT7sjmYWMLivy
rap montrealais,5olrQpDroHT7sjmYWMLivy
toronto rap,5olrQpDroHT7sjmYWMLivy
pop rap,3jAZsSIIA8HLjxR99biJyx
gen z singer-songwriter,5XKFrudbV4IiuE5WuTPRmT
modern country pop,7HjGPPtdNuHcK8crc7iNkn
wyoming roots,7HjGPPtdNuHcK8crc7iNkn
irish rock,0z7Yuv7DuDQ5SaVn4VSlLt
irish singer-songwriter,0z7Yuv7DuDQ5SaVn4VSlLt
melodic rap,6Xgp2XMz1fhVYe7i6yNAax
rap,6Xgp2XMz1fhVYe7i6yNAax
argentine hip hop,1bAftSH8umNcGZ0uyV7LMg
trap argentino,1bAftSH8umNcGZ0uyV7LMg
trap latino,1bAftSH8umNcGZ0uyV7LMg
trap triste,1bAftSH8umNcGZ0uyV7LMg
urbano latino,1bAftSH8umNcGZ0uyV7LMg
bronx drill,2AMeiDbfU2vonrTkpXDKUu
melodic drill,2AMeiDbfU2vonrTkpXDKUu
new york drill,2AMeiDbfU2vonrTkpXDKUu
plugg,5tQMB0cuNXdCtzovGt55uD
canadian hip hop,4rTv3Ejc7hKMtmoBOK1B4T
alabama indie,1yDI9pWnlrJmi9kZn3gkCb
new americana,1yDI9pWnlrJmi9kZn3gkCb
scandipop,4QAp87iZerUP9PKxtLhmW1
r&b en espanol,2IMZYfNi21MGqxopj9fWx8
spanish hip hop,2IMZYfNi21MGqxopj9fWx8
trap latino,2IMZYfNi21MGqxopj9fWx8
urbano espanol,2IMZYfNi21MGqxopj9fWx8
urbano latino,2IMZYfNi21MGqxopj9fWx8
modern country pop,67ZcPnEGiAlCx2O3sQarWV
acoustic pop,4TCXgdDPm10ensLNCVnIYa
christian indie,4TCXgdDPm10ensLNCVnIYa
nashville americana,4TCXgdDPm10ensLNCVnIYa
nashville singer-songwriter,4TCXgdDPm10ensLNCVnIYa
new americana,4TCXgdDPm10ensLNCVnIYa
environmental,2L0WmgzvOHv3xAbc3NY3K6
rain,2L0WmgzvOHv3xAbc3NY3K6
chamber pop,4EVpmkEwrLYEg6jIsiPMIb
folk,4EVpmkEwrLYEg6jIsiPMIb
indie rock,4EVpmkEwrLYEg6jIsiPMIb
indietronica,4EVpmkEwrLYEg6jIsiPMIb
modern rock,4EVpmkEwrLYEg6jIsiPMIb
seattle indie,4EVpmkEwrLYEg6jIsiPMIb
singer-songwriter,4EVpmkEwrLYEg6jIsiPMIb
stomp and holler,4EVpmkEwrLYEg6jIsiPMIb
drumless hip hop,3A5tHz1SfngyOZM2gItYKu
experimental hip hop,3A5tHz1SfngyOZM2gItYKu
hip hop,3A5tHz1SfngyOZM2gItYKu
rap,3A5tHz1SfngyOZM2gItYKu
underground hip hop,3A5tHz1SfngyOZM2gItYKu
memphis hip hop,3tJoFztHeIJkJWMrx0td2f
rap,3tJoFztHeIJkJWMrx0td2f
southern hip hop,3tJoFztHeIJkJWMrx0td2f
tennessee hip hop,3tJoFztHeIJkJWMrx0td2f
trap,3tJoFztHeIJkJWMrx0td2f
reggaeton,47MpMsUfWtgyIIBEFOr4FE
reggaeton flow,47MpMsUfWtgyIIBEFOr4FE
trap latino,47MpMsUfWtgyIIBEFOr4FE
urbano latino,47MpMsUfWtgyIIBEFOr4FE
urbano latino,1u6AXgo5qmg0tfY8rDP18Z
cloud rap,3Ps6le7tj5BdNtdnfNgTU4
dark trap,3Ps6le7tj5BdNtdnfNgTU4
melodic rap,3Ps6le7tj5BdNtdnfNgTU4
vapor trap,3Ps6le7tj5BdNtdnfNgTU4
modern country pop,2L9DVKDXY3W8uRl5TwLbMC
chicago drill,3hcs9uc56yIGFCSy9leWe7
chicago rap,3hcs9uc56yIGFCSy9leWe7
drill,3hcs9uc56yIGFCSy9leWe7
hip hop,3hcs9uc56yIGFCSy9leWe7
rap,3hcs9uc56yIGFCSy9leWe7
trap,3hcs9uc56yIGFCSy9leWe7
melodic rap,31W5EY0aAly4Qieq6OFu6I
rap,31W5EY0aAly4Qieq6OFu6I
trap,31W5EY0aAly4Qieq6OFu6I
dance pop,4Q6nIcaBED8qUel8bBx6Cr
edm,4Q6nIcaBED8qUel8bBx6Cr
house,4Q6nIcaBED8qUel8bBx6Cr
pop dance,4Q6nIcaBED8qUel8bBx6Cr
tropical house,4Q6nIcaBED8qUel8bBx6Cr
uk dance,4Q6nIcaBED8qUel8bBx6Cr
uk pop,4Q6nIcaBED8qUel8bBx6Cr
country,6SFUC6ORDCIBqPssCBpeHT
country dawn,6SFUC6ORDCIBqPssCBpeHT
country road,6SFUC6ORDCIBqPssCBpeHT
kentucky roots,6SFUC6ORDCIBqPssCBpeHT
drumless hip hop,7jDblfQQLFAZCKXFfoGZ9Q
motown,7guDJrEfX3qb6FEbdPA5qi
soul,7guDJrEfX3qb6FEbdPA5qi
contemporary country,6Iz3eq2aQGFf7TbGT2iahL
zimdancehall,6tt0iYnpHERj05WATWRiom
australian pop,3WGpXCj9YhhfX11TToZcXP
pop,3WGpXCj9YhhfX11TToZcXP
viral pop,3WGpXCj9YhhfX11TToZcXP
sleep,1UyzP6admqk7jIIgedlD4B
permanent wave,4gzpq5DPGxSnKTe4SA8HAU
pop,4gzpq5DPGxSnKTe4SA8HAU
gen z singer-songwriter,3kft86DbqCNr7rjq3pEj0G
classic texas country,6QmSTo72BYMATkQVOV1axD
red dirt,6QmSTo72BYMATkQVOV1axD
texas country,6QmSTo72BYMATkQVOV1axD
new jersey underground rap,6AMd49uBDJfhf30Ak2QR5s
trap queen,6AMd49uBDJfhf30Ak2QR5s
reggaeton,1TA5sGRlKUJXBN4ZyJuDIX
urbano latino,1TA5sGRlKUJXBN4ZyJuDIX
brostep,5he5w2lnU9x7JFhnwcekXX
complextro,5he5w2lnU9x7JFhnwcekXX
edm,5he5w2lnU9x7JFhnwcekXX
electro,5he5w2lnU9x7JFhnwcekXX
pop dance,5he5w2lnU9x7JFhnwcekXX
banda,3CAhiUHkUYT1mFtVHM9SHA
corrido,3CAhiUHkUYT1mFtVHM9SHA
musica mexicana,3CAhiUHkUYT1mFtVHM9SHA
musica sonorense,3CAhiUHkUYT1mFtVHM9SHA
norteno,3CAhiUHkUYT1mFtVHM9SHA
sierreno,3CAhiUHkUYT1mFtVHM9SHA
instrumental lullaby,3Z7sI9OvtPJDAtjrZQKIAE
rain,7zVXfjqG8yM5gVp8WLab5s
folk-pop,10exVja0key0uqUkk6LJRT
modern rock,10exVja0key0uqUkk6LJRT
heartland rock,7crPfGd2k81ekOoSqQKWWz
birmingham grime,2p1fiYHYiXz9qi0JJyxBzN
grime,2p1fiYHYiXz9qi0JJyxBzN
instrumental grime,2p1fiYHYiXz9qi0JJyxBzN
uk hip hop,2p1fiYHYiXz9qi0JJyxBzN
contemporary country,718COspgdWOnwOFpJHRZHS
country,718COspgdWOnwOFpJHRZHS
reggaeton,1Ts9of7VPZElwPQnqnDSfW
trap boricua,1Ts9of7VPZElwPQnqnDSfW
trap latino,1Ts9of7VPZElwPQnqnDSfW
urbano latino,1Ts9of7VPZElwPQnqnDSfW
ccm,40LHVA5BTQp9RxHOQ9JPYj
christian alternative rock,40LHVA5BTQp9RxHOQ9JPYj
christian music,40LHVA5BTQp9RxHOQ9JPYj
canadian garage rock,4ZAk3yVJdtf1CFnTiG08U3
toronto indie,4ZAk3yVJdtf1CFnTiG08U3
reggaeton,1GKIlPFdcewHtpDVCQ8zmJ
reggaeton flow,1GKIlPFdcewHtpDVCQ8zmJ
trap latino,1GKIlPFdcewHtpDVCQ8zmJ
urbano latino,1GKIlPFdcewHtpDVCQ8zmJ
austindie,6eJa3zG1QZLRB3xgRuyxbm
indie rock,6eJa3zG1QZLRB3xgRuyxbm
pov: indie,6eJa3zG1QZLRB3xgRuyxbm
bronx drill,3LZZPxNDGDFVSIPqf4JuEf
dirty south rap,6Ha4aES39QiVjR0L2lwuwq
gangster rap,6Ha4aES39QiVjR0L2lwuwq
memphis hip hop,6Ha4aES39QiVjR0L2lwuwq
rap,6Ha4aES39QiVjR0L2lwuwq
southern hip hop,6Ha4aES39QiVjR0L2lwuwq
tennessee hip hop,6Ha4aES39QiVjR0L2lwuwq
trap,6Ha4aES39QiVjR0L2lwuwq
k-pop,0UntV1Bw2hk3fbRrm9eMP6
canadian ccm,53Gnd3lGlcL8ua9Yyu9xDP
ccm,53Gnd3lGlcL8ua9Yyu9xDP
deep ccm,53Gnd3lGlcL8ua9Yyu9xDP
world worship,53Gnd3lGlcL8ua9Yyu9xDP
acoustic rock,0mXTJETA4XUa12MmmXxZJh
grunge,0mXTJETA4XUa12MmmXxZJh
permanent wave,0mXTJETA4XUa12MmmXxZJh
chicago drill,4mHSoO9E4E15Kpxb0brKBS
dance pop,0f5nVCcR06GX8Qikz0COtT
hip pop,0f5nVCcR06GX8Qikz0COtT
r&b,0f5nVCcR06GX8Qikz0COtT
rap,0f5nVCcR06GX8Qikz0COtT
southern hip hop,0f5nVCcR06GX8Qikz0COtT
trap,0f5nVCcR06GX8Qikz0COtT
urban contemporary,0f5nVCcR06GX8Qikz0COtT
melodic rap,5zctI4wO9XSKS8XwcnqEHk
rap conscient,5zctI4wO9XSKS8XwcnqEHk
vapor trap,5zctI4wO9XSKS8XwcnqEHk
melodic rap,3uJx5SnOM59Li7lCxA3b29
reggaeton,3RtNN1VnooWEn3KQk03DUL
trap latino,3RtNN1VnooWEn3KQk03DUL
urbano latino,3RtNN1VnooWEn3KQk03DUL
movie tunes,4vdAAzZBUKbsrvHi6UR7B7
german dance,0u6GtibW46tFX7koQ6uNJZ
pop dance,0u6GtibW46tFX7koQ6uNJZ
pop edm,0u6GtibW46tFX7koQ6uNJZ
tropical house,0u6GtibW46tFX7koQ6uNJZ
uk dance,0u6GtibW46tFX7koQ6uNJZ
contemporary country,3FfvYsEGaIb52QPXhg4DcH
country,3FfvYsEGaIb52QPXhg4DcH
country road,3FfvYsEGaIb52QPXhg4DcH
modern country rock,3FfvYsEGaIb52QPXhg4DcH
kansas city hip hop,6UBA15slIuadJ8h2lPRPos
latino comedy,26nStRV6Waedt17W4Uhx6l
asbury park indie,3pIwImfumJioKb0zHHP61x
alternative hip hop,3AA28KZvwAUcZuOKwyblJQ
modern rock,3AA28KZvwAUcZuOKwyblJQ
rock,3AA28KZvwAUcZuOKwyblJQ
cali rap,35jCvzv4P88FtaqOVXezKk
dark trap,7kjqkL4lIUyxO4HLzpRYo9
cali rap,0doHBzLLsQPvw51PMryi0k
westcoast flow,0doHBzLLsQPvw51PMryi0k
conscious hip hop,6l3HvQ5sa6mXTsMTB19rO5
hip hop,6l3HvQ5sa6mXTsMTB19rO5
north carolina hip hop,6l3HvQ5sa6mXTsMTB19rO5
rap,6l3HvQ5sa6mXTsMTB19rO5
pop rap,2RDOrhPqAM4jzTRCEb19qX
rap,2RDOrhPqAM4jzTRCEb19qX
trap,2RDOrhPqAM4jzTRCEb19qX
weirdcore,2jwC7uml6QVgLBfx1Hbtek
dark trap,7502fDxg339jvGV08Jd4R0
ohio hip hop,7502fDxg339jvGV08Jd4R0
rage rap,3gBZUcNeVumkeeJ19CY2sX
corrido,0OpXeanba0vYnyoft00BP6
corridos tumbados,0OpXeanba0vYnyoft00BP6
sad sierreno,0OpXeanba0vYnyoft00BP6
sierreno,0OpXeanba0vYnyoft00BP6
black americana,0C86lmpnwiyLDUiyo4d0P1
detroit hip hop,0B3kMiB21aPQlKumGDr4c7
scam rap,0B3kMiB21aPQlKumGDr4c7
reggaeton,2R21vXR83lH98kGeO99Y66
reggaeton flow,2R21vXR83lH98kGeO99Y66
trap boricua,2R21vXR83lH98kGeO99Y66
trap latino,2R21vXR83lH98kGeO99Y66
urbano latino,2R21vXR83lH98kGeO99Y66
cloud rap,2kCcBybjl3SAtIcwdWpUe3
emo rap,2kCcBybjl3SAtIcwdWpUe3
lgbtq+ hip hop,2kCcBybjl3SAtIcwdWpUe3
modern alternative pop,26cMerAxjx9GedFt0lMDjm
indie rock,7o96HO2zrujyATtVsqGhh3
pov: indie,7o96HO2zrujyATtVsqGhh3
florida drill,0Njy6yR9LykNKYg9yE23QN
florida rap,0Njy6yR9LykNKYg9yE23QN
rock drums,4DW34vji6G9GgGY0k2mic7
alberta country,3TyeX0lk4B7k56ukfzEE0z
contemporary country,3TyeX0lk4B7k56ukfzEE0z
country pop,3TyeX0lk4B7k56ukfzEE0z
philly drill,4l1ovhN5c3t3b7G6KQcXHE
viral rap,1m7LSAMIB1BErIHYSOn32W
alternative r&b,1vaQ6v3pOFxAIrFoPrAcom
dmv rap,1vaQ6v3pOFxAIrFoPrAcom
dance pop,31TPClRtHm23RisEBtV3X7
pop,31TPClRtHm23RisEBtV3X7
chill phonk,0XFgyr4jwM0MGeZZW0VzA5
drift phonk,0XFgyr4jwM0MGeZZW0VzA5
detroit hip hop,6AUl0ykLLpvTktob97x9hO
detroit trap,6AUl0ykLLpvTktob97x9hO
rap,6AUl0ykLLpvTktob97x9hO
southern hip hop,6AUl0ykLLpvTktob97x9hO
trap,6AUl0ykLLpvTktob97x9hO
dance pop,6DgP9otnZw5z6daOntINxp
pop dance,6DgP9otnZw5z6daOntINxp
tropical house,6DgP9otnZw5z6daOntINxp
uk dance,6DgP9otnZw5z6daOntINxp
brooklyn drill,6Vy1VMVCyTgbcmA1iz0QFg
reggaeton,1fux65HMCBvfJHqlBc4Nno
reggaeton flow,1fux65HMCBvfJHqlBc4Nno
trap latino,1fux65HMCBvfJHqlBc4Nno
urbano latino,1fux65HMCBvfJHqlBc4Nno
alternative country,2kWeFaiHBskk8oqky3KHcR
new americana,2kWeFaiHBskk8oqky3KHcR
outlaw country,2kWeFaiHBskk8oqky3KHcR
canadian contemporary r&b,4HzKw8XcD0piJmDrrPRCYk
anime drill,6DDdZ3Ezd3Sd2q5yf3z6vJ
anime rap,6DDdZ3Ezd3Sd2q5yf3z6vJ
mariachi,0XwVARXT135rw8lyw1EeWP
musica mexicana,0XwVARXT135rw8lyw1EeWP
nueva musica mexicana,0XwVARXT135rw8lyw1EeWP
ranchera,0XwVARXT135rw8lyw1EeWP
pop,2kRfqPViCqYdSGhYSM9R0Q
