album_artists,album_id,album_artists_id
Lil Tecca,7nTvm6EgmFWPLMLxj6aksS,4Ga1P7PMIsmqEZqhYZQgDo
Calma Interiore,3dwBW5p65buVtiTmr2a0Wl,1OmJlIsNDkAVfdkmHbvQFM
Sturgill Simpson,5CigVuEyiAYaNYx2M2w4hh,3vDpQbGnzRbRVirXlfQagB
Brent Faiyaz,2M3IBMpOszCjnxwG1sWOqT,3tlXnStJ1fFhdScmQeLpuG
Avery Anna,0HZiTcB82OPdvbJ2Hny6bK,5rjz63sgMaAUAyBMyCUK5D
Ryan Mack,2TrwVayZ9oD42PkEI9Nk5Q,5LGo1zHegJTWzqVXgeNplt
Elle King,6F6ZYE96lTFgzWotepEDhZ,3bhu7P5PfngueRHiB9hjcx
Miranda Lambert,6F6ZYE96lTFgzWotepEDhZ,66lH4jAE7pqPlOlzUKbwA0
Olivia Rodrigo,6s84u2TUpR3wdUv4NgKA2j,1McMsnEElThX1knmY4oliG
Lil Nas X,622NFw5Yk0OReMJ2XWcXUh,7jVv8c5Fj3E9VhNjxT4snq
Jack Harlow,622NFw5Yk0OReMJ2XWcXUh,2LIk90788K0zvyj2JJVwkJ
Zeph,6qf1Qjmib5fOTb18Ju6uA9,502gYHkFCtLzBIcU4ctPLd
Lana Del Rey,6QeosPQpJckkW0Obir5RT8,00FQb4jTyendYWaN8pK0wa
Chris Young,4WyhB7bn1Dy3w7GBWUAO1a,4BYxqVkZyFjtik7crYLg5Q
Doja Cat,1nAQbHeOWTfQzbOoFrvndW,5cj0lLjcoR7YOSnhnX0Po5
$uicideboy$,3dgsCZMswt6TWbsKcMgoO2,1VPmR4DJC1PlOtd0IADAO0
Luna Li,0qecSxB8NZ4ga9s9FqkboY,4ZAk3yVJdtf1CFnTiG08U3
The Weeknd,5L5evi5tJPh8WaEFAQp7Tp,1Xyo4u8uXC1ZmMpatF05PJ
Baby Keem,3HqmX8hGcbbQZODgayNEYx,5SXuuuRpukkTvsLuUknva1
Kendrick Lamar,3HqmX8hGcbbQZODgayNEYx,2YZyLoL8N0Wb9xBt1NhZWg
VALORANT,4O7Fn6jEB5xN1HXjMALCHp,3wrFoI9EVjWg6m8xXeWr5t
Grabbitz,4O7Fn6jEB5xN1HXjMALCHp,4fv1OFJywZ7DHCz3mVQQ45
The Wombats,1UglarHubZKdQNBzRLF7dt,0Ya43ZKWHTKkAbkoJJkwIB
Oliver Nelson,1UglarHubZKdQNBzRLF7dt,4QAp87iZerUP9PKxtLhmW1
Lil Durk,021fiBoLY6KwQmgIvByEtG,3hcs9uc56yIGFCSy9leWe7
Morgan Wallen,021fiBoLY6KwQmgIvByEtG,4oUHIQIBe0LHzYfvXNW4QM
Bee Gees,2iTmTEm55PIjLdYjDCKh96,1LZEQNv7sE11VDY3SdxQeN
SG Lewis,2iTmTEm55PIjLdYjDCKh96,0GG2cWaonE4JPrjcCCQ1EG
Nelly,1a7BlXLCqjTxQh6X8L9JBL,2gBjLmx6zQnFGQJCAQpRgw
Japanese Breakfast,1uD1kdwTWH1DZQZqGKz6rY,7MoIc5s9KXolCBH1fy9kkw
Hensonn,3Q8XfnyXY1KUqnfjkyGwWa,0snouHYzOWSgxRBYMQsa3H
Tory Lanez,5Gm2XKBgnlzd6qTi7LE1z2,2jku7tDXc6XoB6MO2hFuqg
Drip-Drop,3C4JU2iVIEI5F8B59b7upA,0iDx4sYtJ0FfXi5tdGGXTA
Galantis,6kBuGNoOGE7uiPhN82dcJ1,4sTQVOfp9vEMCemLw50sbu
David Guetta,6kBuGNoOGE7uiPhN82dcJ1,1Cs0zKBU1kc0i8ypK3B9ai
Little Mix,6kBuGNoOGE7uiPhN82dcJ1,3e7awlrlDSwF3iM0WBjGMp
"Tyler, The Creator",45ba6QAtNrdv6Ke4MFOKk9,4V8LLVI7PbaPR0K2TGSxFF
Ed Sheeran,531c37GGv5IvddCvBv3sWT,6eUKZXaKkcviH0Ku9w2n3V
Nature Recordings,1SXdfBOoIPb094UtbsLjvP,4xE3NbWDeC7BEIlzQIjG5H
Rain Recorders,1SXdfBOoIPb094UtbsLjvP,5GNSiWmGlKoycbxC8htQaH
YOUNGX777,7l72jwIz37QsEP1RzSNG5O,6JFaTYyfO9VRWnlC3ypYJh
KAROL G,5CS8E6JVACItYto4OOJoPW,790FomKkXshlbRYZFtlgla
Noah Kahan,0b693AisoJYg4Ilj10LkYG,2RQXRUsr4IW1f3mKyKsy4B
Big Scarr,3p89sh1IV385sHS85PHe8w,579LsvZcRVKtToYjS0tkKz
Taylor Swift,4hDok0OAJd57SGIT8xuWJH,06HL4z0CvFAxyc27GXpf02
Dylan Scott,3497MUjpGLcslVVb9ZeteM,78YqeIji3mgAS2K1Maca6x
Riton,39qsmsNRXjVaFqTZj9af0j,7i9j813KFoSBMldGqlh2Z1
Nightcrawlers,39qsmsNRXjVaFqTZj9af0j,1gALaWbNDnwS2ECV09sn2A
Mufasa & Hypeman,39qsmsNRXjVaFqTZj9af0j,4L2dV3zY7RmkeiNO035Fi0
Falling into Pink,4B143uGP1Wwhb5xO95nvaS,6GpFiBAVovOVJfK7OTWnxN
$uicideboy$,6mSqysiE0NE7TbFosoJGTv,1VPmR4DJC1PlOtd0IADAO0
Dayglow,0brMHlMYz5t58uT1Q4bkdF,6eJa3zG1QZLRB3xgRuyxbm
Cochren & Co.,3Us0eofAYq7tRuaH7A56i0,50hkKRxo0g8Ck4JqlwoJr4
Giveon,5cAd6WOG1zVNQ2KDCOLtuf,4fxd5Ee7UefO4CUXgwJ7IP
Bo Burnham,35qVMfUfBN6q2xzm9rZn5a,2Waw2sSbqvAwK8NwACNjVo
Lil Baby,0SO86DCFiwaTqchBpujace,5f7VJjfbwm532GiveGC0ZK
EST Gee,0SO86DCFiwaTqchBpujace,4FlG0V0jhLO4qGpayFOphj
GRAVECHILL,44NnM38oAf0i0gWqkVVA1x,1EnZjgGD81emhSdq6adEKt
Fuerza Regida,1UtMaTZl4kau9NSFqc8wHp,0ys2OFYzWYB5hRDLCsBqxt
Stray Kids,558tpdCejjVQNFAumRAeQj,2dIgFjalVxs4ThymZ67YCE
Kay Flock,5DMfgmlbRD0HeUi5QQgOAD,2AMeiDbfU2vonrTkpXDKUu
Spiritbox,6cZ39G1mahxDAGfoPzDllb,4MzJMcHQBl9SIYSjwWn8QW
Holding Absence,4qY3S2Iz6VpAa2EzhWkrpo,2tl280wIokrLjabzrSKTgU
Quin Nfn,4pZal8ISuVy34AOkGGbiZ6,3M1quhETLChtt9NHKVaajX
Summer Walker,4lPqFAvgmG97pxyxQsyCQx,57LYzLEk2LcFghVwuWbcuS
Gigi Perez,3hdw3AH6dkRpONWlJnotZn,1iCnM8foFssWlPRLfAbIwo
Old Dominion,1yjrtwm2ru1qPGBPBUDE0x,6y8XlgIV8BLlIg1tT1R10i
Ed Sheeran,32iAEBstCjauDhyKpGjTuq,6eUKZXaKkcviH0Ku9w2n3V
OneRepublic,2YSlIS6gM38w7ZJNj8F3s6,5Pwc4xIPtQLFEnJriah9YJ
Matt Sassari,1jbRY71konakrKvDUiW7Rp,21dVknSLCsK37cWozWDZZS
EKKSTACY,6tdl27ojBwZ5ZexzZOP4mG,0ynzbXwyCzxicMKHBoOkSH
YoungBoy Never Broke Again,4ssppGN0Qy4OeJTUDr1Etd,7wlFDEWiM5OoIAt8RSli8b
Billie Eilish,2kzPJWrTjVKEYWWhowXLnz,6qqNVTkY8uBg9cP3Jd7DAH
LeeHi,1DKgZeAYrjslAPZVMe6EFt,7cVZApDoQZpS447nHTsNqu
Celeste,3bqEvlGHE4amqPGZtdMnep,49HlOY4gkHqsYG9GCuhkcc
Rauw Alejandro,3zjKITMp5FHj5aqtWWXrxH,1mcTU81TzQhprhouKaTkpq
girl in red,69p42ovQdwmYPLUsAQpeNn,3uwAm6vQy7kWPS2bciKWx9
Twenty One Pilots,0Q5XBpCYFgUWiG9DUWyAmJ,3YQKmKGau1PzlVlkL1iodx
Rain Inc,4Xnlm5GHBeoAGA6SUHrDFr,39xSFVoeHPX87DYQWe6z3y
Justin Bieber,0w1dwXfG5z6Xjjgj524JkD,1uNFoZAHBGtllmzznpCI3s
Mac Miller,5SKnXCvB4fcGSZu32o3LRY,4LLpKhyESsyAXpc4laK94U
sharkboy,4UP2s4n7nyzHPYpNh7qfH4,7eEiDNxx0ZlaXHkn74qOrM
Pooh Shiesty,4Dn7V8EU84yPMe03MsefyU,5F1aAS1duwlzExnPs3l2Xe
Lyn Lapid,4uLn2Ci7bNaHSZ0tBHYlxt,4pfy05cNNTacuOQ6SiSu4v
Jordana,4l58JlPq72gOA4veRxboVR,5Bw9kFNhy019e4IBCJZlzw
TV Girl,4l58JlPq72gOA4veRxboVR,0Y6dVaC9DZtPNH4591M42W
Cody Johnson,3og8X1LYiVq3nPdMxpM9Wb,6zLBxLdl60ekBLpawtT63I
Calibre 50,6kPeskyrkdkWT3xFYx9kvb,4jogXSSvlyMkODGSZ2wc2P
Santa Fe Klan,6kPeskyrkdkWT3xFYx9kvb,4tm8CEdm4pkQsEh4jIr9Yp
Beto Sierra,6kPeskyrkdkWT3xFYx9kvb,6kPf6aO5cAHU2RJUDN1UUy
Chlöe,4N8qhDeqx8AHoEhMnYEC2Y,1FtBEIWAwvw5ymBen5GICR
NEIKED,2wcv0lHk5fUYyNGKugGa7q,5H6xmHXjsq98NLbEjuE29f
Mae Muller,2wcv0lHk5fUYyNGKugGa7q,1BEUkE2CSUgHTLSBMZdnFB
Logan Mize,6f2fSCVZvFScRgppc1MTVv,7tje8UB3cuR1ZfeJx2U38T
Ian Munsick,5uQt9PVJIZvYjOL43EkOId,7HjGPPtdNuHcK8crc7iNkn
Emmy Meli,4zxSM7n57ny7FztFtjSj7n,71szvmFWd7TUa7b6XmXj9k
Trippie Redd,1FsFHXroF1ILBdVyBRMt3A,6Xgp2XMz1fhVYe7i6yNAax
Playboi Carti,1FsFHXroF1ILBdVyBRMt3A,699OTQXzgjhIYAHMy9RyPD
Luci4,4OyzQQJHEfKXRfyN4QyLR7,1CbA4z6JauNQnHzOErDQL6
Don Toliver,2WmJ5wp5wKBlIJE6FDAIBJ,4Gso3d4CscCijv0lmajZWs
SEVENTEEN,2PIReru2w5i4JXOzeZnamd,7nqOGRxlXj7N2JYbgNEjYH
late night drive home,0mPKxIXNf7okZAFkCTMZlV,1muzcpVFKmKSrT7rVNAwBB
MadeinTYO,2Zd7deeqEMClIaUCo19aIc,5SyGEPymt1G2uto47tVWvZ
Lil Baby,6CvBb1XqN0igtQrWrbXD80,5f7VJjfbwm532GiveGC0ZK
Lil Durk,6CvBb1XqN0igtQrWrbXD80,3hcs9uc56yIGFCSy9leWe7
Carly Pearce,5lwUnuV4PJekfTcYIbkq6a,4sIl4BTo9l9KqEi0Y3RE72
Rick Flemm,0c6lcJKUnuBj8qtwZDgXpw,3Z7sI9OvtPJDAtjrZQKIAE
Taylor Swift,6AeF9IkXFpHz5H3wUNX3L3,06HL4z0CvFAxyc27GXpf02
The Frequency Shifters,4y50i4pFfW9v9vAvxuLFBw,7MbxdnkfBJ2STy1K8VzbzJ
Clinton Kane,56meo2KJ9tRlaGUHSGfTpP,7okSU80WTrn4LXlyXYbX3P
Matt Maltese,4eyBviSES0CZjUaipdnHku,12j6dJrPXanCBwY599pZxf
ATB,7F9yYqHRtIZnEGF2tANI4b,7jZM5w05mGhw6wTB1okhD9
Topic,7F9yYqHRtIZnEGF2tANI4b,0u6GtibW46tFX7koQ6uNJZ
A7S,7F9yYqHRtIZnEGF2tANI4b,5Wg2b4Mp42gicxEeDNawf7
Little Circuits,3hFObbQaeADDqmUJM6BXlQ,1UyzP6admqk7jIIgedlD4B
DaBaby,6N9oICOUm4QT2YpWdKwUlu,4r63FhuTkUYltbVAg5TQnk
Nardo Wick,6SEeNB2xGW1kmysKSvWYqC,0Njy6yR9LykNKYg9yE23QN
Future,6SEeNB2xGW1kmysKSvWYqC,1RyvyyTE3xzB2ZywiAwp0i
Lil Baby,6SEeNB2xGW1kmysKSvWYqC,5f7VJjfbwm532GiveGC0ZK
Morgan Wallen,6JlCkqkqobGirPsaleJpFr,4oUHIQIBe0LHzYfvXNW4QM
YoungBoy Never Broke Again,2oyN9nzl627l8ZeovPo46F,7wlFDEWiM5OoIAt8RSli8b
Birdman,2oyN9nzl627l8ZeovPo46F,35sCXuy5gN6Or69rZ9vqBs
Maroon 5,5x7JzoE4A3DwwU6FPt8qws,04gDigrS5kc9YWfZHwBETP
Rebzyyx,3uW306euM0l6tAJpae90LS,7GcVOOrldYLwxGrCkELOno
Sanctus Real,5YFrFIwYuNxdYIA0I0qFy1,6QgOGgahvXBHEEzpjbDsOj
KANKAN,35UOSWUudVMViGWMUXiNQC,7tFehEdzjjoeiwUExR89qs
ERNEST,5gdgH8d7W2KwkK03Ea0vpi,4GGfAshSkqoxpZdoaHm7ky
Morgan Wallen,5gdgH8d7W2KwkK03Ea0vpi,4oUHIQIBe0LHzYfvXNW4QM
Skylar Grey,2ZaFqYD9a3U6qJhyS2LDRf,4utLUGcTvOJFr6aqIJtYWV
Polo G,2ZaFqYD9a3U6qJhyS2LDRf,6AgTAQt8XS6jRWi4sX7w49
Eminem,2ZaFqYD9a3U6qJhyS2LDRf,7dGJo4pcD2V6oG8kP0tJRR
JP Saxe,538BxdI7oOQykSkEtyjhUD,66W9LaWS0DPdL7Sz8iYGYe
Pacific Rain,5hy25TSUbMLRjGzyQp0FMR,1bgpRrszIfYOXgzXcR02jP
Taylor Swift,0XCoR1j5Sa2su9uDS9AScR,06HL4z0CvFAxyc27GXpf02
Elton John,7wHczdY0ek3FHnfVhk10om,3PhoLpVuITZKcymswpck5b
Sam Hunt,3i5LIueVgxjgCu1TIZOraP,2kucQ9jQwuD8jWdtR9Ef38
Megan Thee Stallion,7gEGuvkVs79hY4tG7OYnzx,181bsRPaVXVlUKXrxwZfHK
Lana Del Rey,2wwCc6fcyhp1tfY3J6Javr,00FQb4jTyendYWaN8pK0wa
Epiphonema,4U0en0trmZzCyst9IvCvDA,7zVXfjqG8yM5gVp8WLab5s
Alta Elegancia,5uL2IYw4ub2PuWRIESxwzd,7EOpIcFOVG2PedJgVbCHJ2
DannyLux,5uL2IYw4ub2PuWRIESxwzd,6ElqtIfQsAkEYypgfJIjeK
Mora,5r8T7S23cVDSd7a045h4N5,0Q8NcsJwoCbZOHHW63su5S
Alesso,5itVTi6rI3MlOcWBxROxd9,4AVFqumd2ogHFlRbKIjp1t
Katy Perry,5itVTi6rI3MlOcWBxROxd9,6jJ0s89eD6GaHleKKya26X
Snoh Aalegra,28wKxlJocWCrrxUgYC2zEQ,1A9o3Ljt67pFZ89YtPPL5X
Stellar,0zwSEVp17wHbivhkBSHJY6,5yw4tA8D5uG7tT3NaDvq10
DVRST,3G0b8ob9anYQl8a1t3GpOF,0XFgyr4jwM0MGeZZW0VzA5
Mike Sherm,1ecaLnHZm8kr5Eu63Xw6UU,3tqosLbNFNekyZyO2KJ6qd
SZA,1hJUh5y1ggqqGsCivnRmHw,7tYKF4w9nC0nq9CsPZTHyP
Feid,7LlTjovytMWtPVHm7cJku2,2LRoIwlKmHjgvigdNGBHNo
KAROL G,7LlTjovytMWtPVHm7cJku2,790FomKkXshlbRYZFtlgla
Nardo Wick,5aSofcF0U90UxJaDr62r6X,0Njy6yR9LykNKYg9yE23QN
Lil Durk,5aSofcF0U90UxJaDr62r6X,3hcs9uc56yIGFCSy9leWe7
21 Savage,5aSofcF0U90UxJaDr62r6X,1URnnhqYAYcrqrcwql10ft
Chase Matthew,01mFXTbIelBrBEs8Hw3QbI,7HTLVyjNf0VRxfIgNcfRRH
Rauw Alejandro,2Nt6MDJXfoxQ22tIQgWXIh,1mcTU81TzQhprhouKaTkpq
Claire Rosinkranz,2uXE0PE2nWgjXDV6nZi1l0,3V0ZQW0dNuVaFtbVYgSI24
Drake,5LuoozUhs2pl3glZeAJl89,3TVXtAsR1Inumwj472S9r4
Latto,58MbYehGOl5NAOdfWY5aHa,3MdXrJWsbVzdn6fe5JYkSQ
Saweetie,0DqDdZGSQkWQiE0TzBqeLA,6cK3NBO6uP7hh0oyuVELFl
Everywhere Brown Noise,5vkFV8CLrYIXm5ag9bwdto,4r6joVLgbTD7M07z1KIooA
Jameson Rodgers,00rNMpiSdqmVWMmQsahNTo,5pyVHz7lcfqKoV9BflFYwN
Nessa Barrett,1KBoH5xsMCXPuVsZMORvtO,7pwufEBGfggjoI8twqlsmQ
jxdn,1KBoH5xsMCXPuVsZMORvtO,6Y64EaNqpqcZYTgs4c76gF
INTERWORLD,3apQZbgVql9mHJlp43jk5D,5hKGLu4Ik88FzWcTPhWNTN
Sleepy Hallow,38nZLvJx8A9p4YYpTG5iFP,6EPlBSH2RSiettczlz7ihV
Giveon,1otOJAtgvO5VCBL4Gykrrd,4fxd5Ee7UefO4CUXgwJ7IP
Grupo Marca Registrada,2Jj4mjzEDaXp9X3AHpo5Gu,1gW6pz5n1aK249L0GvfQCC
Eslabon Armado,4LBe254NURiRmej6BSdQLn,0XeEobZplHxzM9QzFQWLiR
Rod Wave,7q5xGp0tEnJ8s1ZumqiRSk,45TgXXqMDdF8BkjA83OM7z
TWICE,00vb6sViDbJLmLLchfbRh4,7n2Ycct7Beij7Dj7meI4X0
Anitta,6UsualeqgzPnb8cfaQ5nL7,7FNnA9vBm6EKceENgCGRMb
DannyLux,4TXZgt2GxZONIMcxAhVH9w,6ElqtIfQsAkEYypgfJIjeK
Ingrid Andress,2vb8B3MYGjfYlGch4KlEfe,0jPnVIasXzBYjrlpO5irii
Sam Hunt,2vb8B3MYGjfYlGch4KlEfe,2kucQ9jQwuD8jWdtR9Ef38
OneRepublic,4d0a5uamW9NWRc1KXFeErI,5Pwc4xIPtQLFEnJriah9YJ
Jenevieve,2VG4oj0kGjOydr6j8deI7Z,0dUYLC7DLjeS8gIh8cz2Pq
Fred again..,6o86bV7TAt5x4exc2qLDqC,4oLeXFyACqeem2VImYeBFe
Morgan Wallen,6LBPsXUjVuNe9ywLY4xgvX,4oUHIQIBe0LHzYfvXNW4QM
Yung Bleu,2VUhkRrg5dEJIGewOBOc7J,3KNIG74xSTc3dj0TRy7pGX
SleazyWorld Go,4Qku5Zl0Smuzw2ZbupxtaV,7FOQfJbC3e4GNoheojERnF
Joyner Lucas,48ahZJLcagb8VTgRAuv6WQ,6C1ohJrd5VydigQtaGy5Wa
Lil Baby,48ahZJLcagb8VTgRAuv6WQ,5f7VJjfbwm532GiveGC0ZK
Yeat,7EO5zGsZP0HHxEhSLGw2aj,3qiHUAX7zY4Qnjx8TNUzVx
Mora,4MCZWUKxkvdMITh4KapBKX,0Q8NcsJwoCbZOHHW63su5S
Bad Bunny,4MCZWUKxkvdMITh4KapBKX,4q3ewBCX7sLwd24euuV69X
Sech,4MCZWUKxkvdMITh4KapBKX,77ziqFxp5gaInVrF2lj4ht
Rebzyyx,4aGM4L8ks2bc51kAKcVA9V,7GcVOOrldYLwxGrCkELOno
hoshie star,4aGM4L8ks2bc51kAKcVA9V,0LWHFUzXPTl9BDdJHDE001
Ryan Castro,407qOoTCcCGtc6DP2Wm0zi,7j6DKwmjbxvpQO8h914uEz
TOMORROW X TOGETHER,5Zdr9vactwnJH4Vpe9Mid9,0ghlgldX5Dd6720Q3qFyQB
Kxllswxtch,3yKGB4IYu6MeLkhFJFn9eI,2VDZoCBGjxbHJbnzSX5nP6
Connor Price,0RCxiP3V5WEl9LY3KS9mxP,5zixe6AbgXPqt4c1uSl94L
NLE Choppa,7MJhmpSt8rHsk44vyrBQvh,0ErzCpIMyLcjPiwT4elrtZ
Hotel Ugly,2EhxiHgVM7Xp3zw59TuSsT,35WVTyRnKAoaGExqgktVyb
Mad Tsai,09h4w3F8jXAQnbYmGYktRR,5C2iFRY2UldL2hv9THw4aB
Natanael Cano,4TATXEH2tnZVTqlyURoWUR,0elWFr7TW8piilVRYJUe4P
Morgan Wade,1PuZ5juin9Mpt3Tyiygzio,4eYE8Z6cfEHEdG22lTyucP
Doja Cat,1OnzqJTL9bwe4kvaLxRYxt,5cj0lLjcoR7YOSnhnX0Po5
SZA,1OnzqJTL9bwe4kvaLxRYxt,7tYKF4w9nC0nq9CsPZTHyP
Megan Thee Stallion,6B26OzQRObxAp1tbf8jeTq,181bsRPaVXVlUKXrxwZfHK
Taylor Swift,5hxKw2PurC0i1VVJMAntDU,06HL4z0CvFAxyc27GXpf02
Money Man,7gVVCqQnGgybY3OTdkJuKY,3Rx4PJ7SP6unkOk5elPUK7
Kevin Gates,6wO4VuzPpcIfh4W8AOjUPI,1gPhS1zisyXr5dHTYZyiMe
Taylor Swift,2MbdQUj7tAaaBBhUwJE3KG,06HL4z0CvFAxyc27GXpf02
dyl dion,6P5mONYxeYoklwHZa8VLFx,6oqHT4S7trO98T8NkbQJ4h
Brett Young,2JJ2v7A5nR6HaYxyO2T0PX,0fiWOxhsBsQQvFDtxUQWo0
Various Artists,5Zm6BtWH4CgLV83H2nWBsL,0LyfQWJT6nXafLPZqxe9Of
Lucky Daye,3myUd2MqJKr3rfUrAf41Us,5Vuvs6Py2JRU7WiFDVsI7J
Masego,3myUd2MqJKr3rfUrAf41Us,3ycxRkcZ67ALN3GQJ57Vig
Alex Isley,3myUd2MqJKr3rfUrAf41Us,7E2ioKxoxI2J94tUkIx6As
tana,5XOo1c28e4YMxp4uLh70qS,1xgl9yxqIVq8PEEMai38uV
Slump6s,5XOo1c28e4YMxp4uLh70qS,63ELR8SMfqu8EH9eXqCt9j
Luke Combs,6bpCbQ5GTNZ9IE1nvJ0zQA,718COspgdWOnwOFpJHRZHS
DaBaby,6PwnWA19E1JThqWMdRrj6l,4r63FhuTkUYltbVAg5TQnk
Lil Wayne,6PwnWA19E1JThqWMdRrj6l,55Aa2cqylxrFIXC767Z865
Eslabon Armado,3SF8e5ewF7PaqWw6rPnfEg,0XeEobZplHxzM9QzFQWLiR
Justin Bieber,5dGWwsZ9iB2Xc3UKR0gif2,1uNFoZAHBGtllmzznpCI3s
LDNE,7jNlQ6ps2bh1OzROWHL08Z,5hkcGbdTv8nC62vVT7RJmZ
Alex Favela,7jNlQ6ps2bh1OzROWHL08Z,5TcnuUD5MHBfd1cO4kweWD
Thunder In Paradise,0LmoB3rBXBGCdEDquHXKmA,2oWN3OXJUk1mh7CAhkJeqX
Post Malone,6fgSKdHloRioPrZ9oJC7FH,246dkjvS1zLTtiykXe5h60
The Weeknd,6fgSKdHloRioPrZ9oJC7FH,1Xyo4u8uXC1ZmMpatF05PJ
Polo Gonzalez,3v0EO4EsCPW8nZiqwbVVZH,0OpXeanba0vYnyoft00BP6
Internet Money,1arPptaPtDyBisMtMBe2q6,6MPCFvOQv5cIGfw3jODMF0
Gunna,1arPptaPtDyBisMtMBe2q6,2hlmm7s2ICUX0LVIhVFlZQ
Juice WRLD,4BUBmfexqfuvnaVT7ZnFiR,4MCBfE4596Uoi2O4DtmEMz
Justin Bieber,51kijm0sjZz0yOa3kVBPUU,1uNFoZAHBGtllmzznpCI3s
Benson Boone,4NTDxbwbo2rMGMm6U9UAEP,22wbnEMDvgVIAGdFeek6ET
Taylor Swift,4eZKjfeKPSwd6NYsmlKjuR,06HL4z0CvFAxyc27GXpf02
Joy Williams,4eZKjfeKPSwd6NYsmlKjuR,4TCXgdDPm10ensLNCVnIYa
John Paul White,4eZKjfeKPSwd6NYsmlKjuR,1yDI9pWnlrJmi9kZn3gkCb
Taylor Swift,6x9s2ObPdpATZgrwxsk9c0,06HL4z0CvFAxyc27GXpf02
ZillaKami,5RongMpRt5jcdZ7gpAKtWn,4G1zP5i0r57g1c1CxrPhfM
Caskets,1Rty2CL0UZeJWeCcCiXmhg,2XIbOWDT5vZPW7jNyzdfcK
Ken Carson,0VotmXUwQt1UHyFH4VVrvt,3gBZUcNeVumkeeJ19CY2sX
Oliver Tree,5vP0fNictdWyU48o83Q7ob,6TLwD7HPWuiOzvXEa3oCNe
Sniper Gang,0kxA9Bc8pamypR5GYXmeti,2Pv9ZGQqEflbdavLk6rr0t
Syko Bob,0kxA9Bc8pamypR5GYXmeti,0y33MPw94ln3pVCaRYAfE8
SNAPKATT,0kxA9Bc8pamypR5GYXmeti,4Q6CxLeEfgULmUCUEVxApw
Sleepy Hallow,0DiZ7mmFppDNbEtoRPvSGf,6EPlBSH2RSiettczlz7ihV
Tory Lanez,0ccEYmcKK8UKt5zZ0lGgJ7,2jku7tDXc6XoB6MO2hFuqg
Jason Derulo,76f2Wq7QxiHImxzsYwiXWW,07YZf4WDAMNwqr4jfgOZ8y
Summrs,6mNYZNJ4a0tzSS3nPVnkO2,5L15t6I0PQS9SBXbiklPEN
Chance Peña,5LjSnB8XhGUTQ47WAzdXJb,4lhUHpVOXmkEBGGHV71QCh
Polo G,7KSf6p0G0mZd7j60etVTwT,6AgTAQt8XS6jRWi4sX7w49
KSLV Noh,7jeIigTciBnw9zadRsYqIC,2ElMqlv5py0QFIVXUff627
DVRST,12zL1YZJeADPb6hPdD9Mqm,0XFgyr4jwM0MGeZZW0VzA5
Stephen Sanchez,18CtLoAMTr7F8ngtuM6D8i,5XKFrudbV4IiuE5WuTPRmT
Kelsea Ballerini,5c5S9cyjHKBQRm1DGU1E8J,3RqBeV12Tt7A8xH3zBDDUF
LANY,5c5S9cyjHKBQRm1DGU1E8J,49tQo2QULno7gxHutgccqF
Nessa Barrett,3dv1xXXFHlv3WNSNsSZ93d,7pwufEBGfggjoI8twqlsmQ
Streaming Waves,2QFjS8IsDZd1sUdGZ4rnDS,7qj3R7pI5z0H1AxH5X4oK8
Thomas Rhett,3W2BTPUHJX51hweWPNRenv,6x2LnllRG5uGarZMsD4iO8
IVE,1XMYvsHRt52sMi6wittWqI,6RHTUrRF63xao58xh9FXYJ
V,4210mSQ3r10AsJMZEYAH5l,3JsHnjpbhX4SnySpvpa9DK
KillBunk,7IvJgDRcimWThDEVCGpzPB,7FGjkq9WfrRmBFL64ST0p9
Bailey Zimmerman,4GhGSIS6nha0XoeSQHRyq8,3win9vGIxFfBRag9S63wwf
Jeremy Zucker,0A9eIFTz09ciHqCHJNYyf2,3gIRvgZssIb9aiirIg0nI3
Chelsea Cutler,0A9eIFTz09ciHqCHJNYyf2,5JMLG56F1X5mFmWNmS0iAp
Lil Tjay,5x8HOMCMbODsMSJtMtNXF7,6jGMq4yGs7aQzuGsMgVgZR
Fivio Foreign,5x8HOMCMbODsMSJtMtNXF7,14CHVeJGrR5xgUGQFV5BVM
Kay Flock,5x8HOMCMbODsMSJtMtNXF7,2AMeiDbfU2vonrTkpXDKUu
Becky Hill,6DHfD3rZapWFmEKX1FNNZF,4EPJlUEBy49EX1wuFOvtjK
David Guetta,6DHfD3rZapWFmEKX1FNNZF,1Cs0zKBU1kc0i8ypK3B9ai
STAYC,7HGjNJBj1NQGNwCzFD2LHj,01XYiBYaoMJcNhPokrg0l0
SeptembersRich,5wNvYNyHCzjuanmvzM2wC8,2AXsnwUyL9eMUy3y0ly2si
The Kid LAROI,6Aqt69riJ3JPLxIEI8EkzT,2tIP7SsRs7vjIcLrU85W8J
Miley Cyrus,6Aqt69riJ3JPLxIEI8EkzT,5YGY8feqx7naU7z4HrwZM6
Madison Beer,5lVImnUah94yoxXy2H1qo7,2kRfqPViCqYdSGhYSM9R0Q
Yeat,1x55Z0fYARLdeJVjG2UESs,3qiHUAX7zY4Qnjx8TNUzVx
Selena Gomez,2jGa3OwXatFYQAIS7OV7k9,0C8ZW7ezQVs4URX5aX7Kqx
Lil Peep,4p3WczKLm6G2DHv2NnoCFk,2kCcBybjl3SAtIcwdWpUe3
Lil Tracy,4p3WczKLm6G2DHv2NnoCFk,5g63iWaMJ2UrkZMkCC8dMi
Öwnboss,4l9wMVL4XAM5jPMXP5RAbL,37czgDRfGMvgRiUKHvnnhj
Sevek,4l9wMVL4XAM5jPMXP5RAbL,0aOIluXr131XqrXFwFCFGT
Polo G,2rLqUcipEjIKK9rma5OTN8,6AgTAQt8XS6jRWi4sX7w49
Majid Jordan,2ZdYh11KscDPsVKtxQY0ev,4HzKw8XcD0piJmDrrPRCYk
Lin-Manuel Miranda,25L8ck3KGcmCo3901ztPzR,4aXXDj9aZnlshx7mzj3W1N
Germaine Franco,25L8ck3KGcmCo3901ztPzR,5NTEjLv3GEX1Vx0ITx9Pxe
Encanto - Cast,25L8ck3KGcmCo3901ztPzR,3xLU748QxpTmIVaiNXXg0P
DaBaby,6kaYDcX9dNmJE5OU71IUby,4r63FhuTkUYltbVAg5TQnk
Elevation Worship,1lsf7hKaOd3r214nvwmtwg,3YCKuqpv9nCsIhJ2v8SMix
Maverick City Music,1lsf7hKaOd3r214nvwmtwg,58r1rB5t3VF5X6yXGPequV
Baby Keem,7n23fjZTviIUnHyvZGQjni,5SXuuuRpukkTvsLuUknva1
Roddy Ricch,2WFC0XUBROo4X2vxLwtB4u,757aE44tKEUQEqRuT6GnEB
Manny Laurenko,72wry9m70h3pKzXODfTkou,6gpLXhxeNFNiz38dyNqJ1C
Elton John,4y1qhmoZxvSyymJ1wZCtLE,3PhoLpVuITZKcymswpck5b
NF,7eQGtkzCgrIWDOe76E9F8t,6fOMl44jA4Sp5b9PpYCkzz
Lizzo,7jMo8dhMIorHoLlzTisjJy,56oDRnqbIiwx4mymNEv7dS
Cardi B,7jMo8dhMIorHoLlzTisjJy,4kYSro6naA4h99UJvo89HB
Peso Pluma,1OFfEo5jIQpvjQXD8OFcsx,12GqGscKJx3aE4t07u7eVZ
Meek Mill,0q6qOUfC4ikWtv62KCnoip,20sxb77xiYeusSH8cVdatc
Tech N9ne,0g81USzuFuid3QkYfxeMXM,6UBA15slIuadJ8h2lPRPos
Grupo Firme,1Aiov6IELpNAdCHMzbz6Ml,1dKdetem2xEmjgvyymzytS
NIKI,2HPj0XZe9WduSsyKTQqgVa,2kxP07DLgs4xlWz8YHlvfh
KANKAN,3hi8gSzAJT4KGaJrylnccp,7tFehEdzjjoeiwUExR89qs
22december,1EEKcUdS6QxuVMBFcK224N,5qOORCmdl34SsKnB8o4aaF
Shady Moon,1EEKcUdS6QxuVMBFcK224N,2urobxol2zYHXOUJXDh8n4
Greta Van Fleet,7kjLKy9JLbwM9F7eDQEnd2,4NpFxQe2UvRCAjto3JqlSl
John Mayer,2JmfwvRDitJlTUoLCkp61z,0hEurMDQu99nJRq8pTxO14
Boldy James,5leBUcbk6qAb5cDHYuVwBO,4fpwOzxFRMVGfd197dKIdY
The Alchemist,5leBUcbk6qAb5cDHYuVwBO,0eVyjRhzZKke2KFYTcDkeu
TOMORROW X TOGETHER,2CjIfWoFITACUOlWGB7os5,0ghlgldX5Dd6720Q3qFyQB
Moneybagg Yo,5ffogo3K3fYibGWa93IzUe,3tJoFztHeIJkJWMrx0td2f
OneRepublic,0SrskI3mHcu5MzKeZNv2f6,5Pwc4xIPtQLFEnJriah9YJ
Niko Moon,5WvmRAsjmB3uPLoFeCioC5,6Rw7DRa1dzChBvxGPCpOxU
Maluma,0R1Ygba9KBj95maQnUvZm5,1r4hJ1h58CWwUQe3MxPuau
Lil Nas X,6pOiDiuDQqrmo5DbG0ZubR,7jVv8c5Fj3E9VhNjxT4snq
Yeat,05QOSu1AEcQxM5jvZFuann,3qiHUAX7zY4Qnjx8TNUzVx
Dua Lipa,0JeyP8r2hBxYIoxXv11XiX,6M2wZ9GZgrQXHCFfjv46we
Aimer,1gfSftIuafqkGu28ely5z6,0bAsR2unSRpn6BQPEnNlZm
Tems,6nuNgD841boUffjDiI8et4,687cZJR45JO7jhk1LHIbgq
Brent Faiyaz,6nuNgD841boUffjDiI8et4,3tlXnStJ1fFhdScmQeLpuG
Joyner Lucas,1VKFaHoIvkZTzsSRad2jDZ,6C1ohJrd5VydigQtaGy5Wa
J. Cole,1VKFaHoIvkZTzsSRad2jDZ,6l3HvQ5sa6mXTsMTB19rO5
YOASOBI,1xhO0GSoezdPJcSuNe1ySv,64tJ2EAv1R6UaZqc4iOCyj
ACRAZE,58cd90Jkrovggh556JPN9L,4pnp4w9g30yLfVIAFnZMRd
Slush Puppy,1LyS8xc10xqZS5BewUxH9c,58eJhHRICp87T2IFcP0bYh
Royal & the Serpent,1LyS8xc10xqZS5BewUxH9c,64EHXDoln95lnccszdPum0
Elton John,5D8Rdb09BkmHscEGSWAlA6,3PhoLpVuITZKcymswpck5b
Dua Lipa,5D8Rdb09BkmHscEGSWAlA6,6M2wZ9GZgrQXHCFfjv46we
PNAU,5D8Rdb09BkmHscEGSWAlA6,6n28c9qs9hNGriNa72b26u
Tai Verdes,6E8lxwX7KMAO9nCx4A5tAR,2kCO8LXN1usaOPL3iEE28I
Goth Babe,2G6xRZxWrt9mBXgHclg2i4,7o96HO2zrujyATtVsqGhh3
Rx Papi,1KJbUGHHOEQfz3MZM9Qk9E,56gMovAlFdnmrDk2BcfUlJ
Gud,1KJbUGHHOEQfz3MZM9Qk9E,3lyW79oolCj6PAaLUqnze5
Ryan Hurd,0vlxtyaep2FkkVidYC49PA,7lDVEkjIURPMyUYwoQRrpw
Grupo Los de la O,2diC6yg6Uf2W5eodLX8sMY,1glBi4zyzqaSQoy8ReU0rz
J. Worra,1i9flcfwW08i5ynf4YZHsb,4q0N3EI67tVnAeeaXbNQIj
Leo Stannard,1i9flcfwW08i5ynf4YZHsb,37fzXndf2fxVrk7qarhyo0
BoyWithUke,4cmu24lnj0NI8lHG6vra6h,1Cd373x8qzC7SNUg5IToqp
Drivotra,1Sp4OvpqqGqGsJbiFj3ICO,11662aaOqDYv2EBHSxJPJV
Ice Spice,5N6REUhO5E2MviBC6thktg,3LZZPxNDGDFVSIPqf4JuEf
PinkPantheress,5q84FQfWp3Q7XnoMlzLRD3,78rUTD7y6Cy67W1RVzYs7t
Miranda Lambert,30ECcjA3lMZPRpdJDyHAnT,66lH4jAE7pqPlOlzUKbwA0
Hotel Ugly,6vNXl3IqWlhMUxPKv3R969,35WVTyRnKAoaGExqgktVyb
WILLOW,4ar4zcVlbYDYKgq5wEdq0T,3rWZHrfrsPBxVy692yAIxF
Travis Barker,4ar4zcVlbYDYKgq5wEdq0T,4exLIFE8sISLr28sqG1qNX
Nathan Evans,1AK6peN1DwvYRXN19cqWoP,1PKErrAhYFdfrDymGHRQRo
Elvie Shane,3ajAv3GaQivcQyU5JuE8eY,2eIB6vFotL2su94z3pUC1j
Normani,16maAu5lqvFBSEEHyB5GzV,2cWZOOzeOm4WmBJRnD5R7I
Cardi B,16maAu5lqvFBSEEHyB5GzV,4kYSro6naA4h99UJvo89HB
BTS,5ExDI42RCtISkQXAgv8dtZ,3Nrfpe0tUJi4K4DXYWgMUX
Jason Joshua,6DdM7MRFC9G9BAGANWKQvp,47RTTEHKmO94V6qGq5xhbn
Jhené Aiko,6zp8MKrhIwSdZojADmIDim,5ZS223C6JyBfXasXxrRqOk
Sam Barber,06mk4vdbCFKD3K3sIEpEd6,08GfvCW09pv2QP4y9sle2a
Sleepy Hallow,0ZjOFfItjIA9YbzhERRIBr,6EPlBSH2RSiettczlz7ihV
Sheff G,0ZjOFfItjIA9YbzhERRIBr,1tG7s7S4sq2eFFW0QZyLbm
CYPARISS,6F2YyORz7NH8jzGutSh4q2,1GzMtNyLiP1oM7yW0DyRhP
Tones And I,1AZjTOqvw2ZogWZxnDlhEN,2NjfBq1NflQcKSeiDooVjY
Riovaz,1imBqh217L161tQk9OUeWK,1bhZt10yZVCJfp3HaNxJv8
DannyLux,6obhr3xfkuIYkwvEukc2y2,6ElqtIfQsAkEYypgfJIjeK
Ryan Hurd,5QUwCi1lbk0kZ5k87fRNbK,7lDVEkjIURPMyUYwoQRrpw
Maren Morris,5QUwCi1lbk0kZ5k87fRNbK,6WY7D3jk8zTrHtmkqqo5GI
Justin Moore,1rW4SdSGRziYMzyteohUwP,30e8DmahrEamvLbFRPdWmk
Ski Mask The Slump God,60Od32zDXklGhsYo6ADaPG,2rhFzFmezpnW82MNqEKVry
Austin Farwell,5abrKr37SdeemQnTuKewVq,3gfeKrOBLlmoaUXfGJzmS5
KA$HDAMI,5OPlgjfJT4M8WNZNtOvUGB,4YEl33ar2WlUSF94Yh9CCf
benny blanco,7jainWomsRbTs5dGUOP21C,5CiGnKThu5ctn9pBxv7DGa
Surf Curse,5WjaIWthUR3AjA0UYG3jR5,1gl0S9pS0Zw0qfa14rDD3D
Lil Peep,4UDIkdymlERIIdW744hTmY,2kCcBybjl3SAtIcwdWpUe3
PinkPantheress,65YAjLCn7Jp33nJpOxIPMe,78rUTD7y6Cy67W1RVzYs7t
Chri$tian Gate$,5KVfexccg4jLnnmbHfJZn0,0OEYE03fBF2VoTBxGuaUxL
Kali Uchis,5h23sIlF1FvjdIdcJofXlI,1U1el3k54VvEUzo3ybLPlM
SZA,5h23sIlF1FvjdIdcJofXlI,7tYKF4w9nC0nq9CsPZTHyP
The Alchemist,44qqs0b21hn7gAsuTioQkT,0eVyjRhzZKke2KFYTcDkeu
42 Dugg,4zJiUubJvgUJNq0BVD9Mvs,45gHcnDnMC15sgx3VL7ROG
Young Stoner Life,3ihwKkIMJWmmp1huNH0iWC,1xr2G8Hlx4QWmT9HaUbmoO
Young Thug,3ihwKkIMJWmmp1huNH0iWC,50co4Is1HCEo8bhOyUWKpn
Gunna,3ihwKkIMJWmmp1huNH0iWC,2hlmm7s2ICUX0LVIhVFlZQ
BigXthaPlug,4I7Z9WobmkfZ6lK4nilKJt,6qxpnaukVayrQn6ViNvu9I
Alina Baraz,0bfXZQxSJElGATQnCvFSMc,6hfwwpXqZPRC9CsKI7qtv1
Soldier Kidd,5VjgH8wgFP70tarZ6iJChd,7BA072InWOjB1X7MZGOloy
vaultboy,0VtWoMZIJp2kyJcbzBJxLO,0K87f3owemzI8NUCoEIXOB
LUCKI,0pTj7z7TG1Uu8LT1upuwep,5tQMB0cuNXdCtzovGt55uD
Russell Dickerson,6w0l7fLsiJTgVAgoxMzBIu,1E2AEtxaFaJtH0lO7kgNKw
Jake Scott,6w0l7fLsiJTgVAgoxMzBIu,0DxPHf2flBAcV2SnZPg3SV
Nivel Codiciado,6IPrta7kcyyOWTQIJZWz5J,5aHKxMwIrPVwy4m6FTOiXK
Rauw Alejandro,3w1Tr9F91XMcsmBJQ8hS7H,1mcTU81TzQhprhouKaTkpq
Chencho Corleone,3w1Tr9F91XMcsmBJQ8hS7H,37230BxxYs9ksS7OkZw3IU
JELEEL!,4IGyRFgzpVUXtcFdhUGiLP,1FX1BFU0DbHRYgKP83pA0d
Amaarae,4q4rHdKxyCzxuQrPcdjPyC,21UPYSRWFKwtqvSAnFnSvS
Kali Uchis,4q4rHdKxyCzxuQrPcdjPyC,1U1el3k54VvEUzo3ybLPlM
Roddy Ricch,1eVrpJbHRLBbioB9sb5b94,757aE44tKEUQEqRuT6GnEB
Surfaces,0ghwCnjmc0QPPccZfYQuXc,4ETSs924pXMzjIeD6E9b4u
Eyedress,0QB8JzlX70ame6G972aEF1,3XxNRirzbjfLdDli06zMaB
Gracie Abrams,6VnfHoGb1PKxRPmjNBmeMf,4tuJ0bMpJh08umKkEXKUI5
Jax,0EKm3aZ46GWhE31rdKY5oj,7DQYAz99eM3Y5PkP9WtUew
Stellar,4mR99Q1wGLHgzGyCW4UfGT,5yw4tA8D5uG7tT3NaDvq10
Black Gryph0n,3o5Dz1PLFlYXplnsp5zZxh,4ET82ZtSfAK4utfjDauImD
Baasik,3o5Dz1PLFlYXplnsp5zZxh,3bSyv1vO8ye6PKyWcJeVbI
Jelly Roll,4aWPCLZWr9gG0ucLIMJavx,19k8AgwwTSxeaxkOuCQEJs
J. Cole,4JAvwK4APPArjIsOdGoJXX,6l3HvQ5sa6mXTsMTB19rO5
Kordhell,3mBLmOCKHY1MAOD8fYmffg,2W6WP4pHQTFlbr2z9S4n54
Mind’s Eye,57sbdNZpBOb1g2NrqcJ1CT,4o6dCIkmONTJL0ByDDUNYd
Joe P,4KTZrjVFSMS2TqNAGVxMfJ,3pIwImfumJioKb0zHHP61x
Danielle Bradbery,4uWN7YSR2HKkNkrlY9HiQP,5iqStkZi6QmG8sgQZQrfGN
Distantic,78f5Iz6Gwjlys2vvmhC3hL,6zA19zdA3bkCzHnAfcwFag
Lambo4oe,3c4oSWcwEGxKYIvl9PsnKP,4UrIphY7uGLwD0rRd6NIi9
Moneybagg Yo,24TL4BB4I6PlLw4Qfc1FVG,3tJoFztHeIJkJWMrx0td2f
Lauren Daigle,3nG6F5yVPJubWNP5dp24b2,40LHVA5BTQp9RxHOQ9JPYj
Nicki Minaj,2upw5IrzeqKApIQZyx5o6r,0hCNtLu0JehylgoiP8L4Gh
BoyWithUke,3PDjhTtjrjMLcNXjnfykz7,1Cd373x8qzC7SNUg5IToqp
Treaty Oak Revival,21fAzUzwhkiSEHCzhtSC2x,3444S3C4U9Ts86BnCtSPRV
Hisohkah,0aqGz4Uth6nswnJifY4Cdv,72y6MZHIPEyS64ACSCtIq6
Goth Babe,584aNZB5CF6IXG90Ch28KC,7o96HO2zrujyATtVsqGhh3
Dijon,4E691gbRgo2Zb6ToII2DWO,0knGpCTbmG4ctl1wzYRZs4
Junior H,0o1pUhqBO6zq1t0PiWVDSf,7Gi6gjaWy3DxyilpF1a8Is
Natanael Cano,0o1pUhqBO6zq1t0PiWVDSf,0elWFr7TW8piilVRYJUe4P
Tones And I,5DVaT8HXcp9bbJh7p4dSpf,2NjfBq1NflQcKSeiDooVjY
CORPSE,5kcBHP5GH7fsOJLwVfXmx3,7yntSJ6uojO3z6GFUVwhAW
Night Lovell,5kcBHP5GH7fsOJLwVfXmx3,2y246nnP9pQT0E6v3ZMMOO
Relaxcation,4oQiUHa2cBZiio6H7ONJXE,1Iww3Y4gDbNvjkqnjUzIZu
Luis R Conriquez,5WWAwbRCM3CyiZNO9rsfWS,0pePYDrJGk8gqMRbXrLJC8
Memo Boy,0a0ftVkZr4K1QoOXcZF0V1,2jwC7uml6QVgLBfx1Hbtek
Lil Maru,26l2ZJWYc3vRHc7dDuT2r8,6tfVJrqicGpxRbz7q6NJ0L
PinkPantheress,6N4ySRXQsXl6g9mCr7QPFx,78rUTD7y6Cy67W1RVzYs7t
Cardi B,5BNrcvfbLyADks4RXPW7VP,4kYSro6naA4h99UJvo89HB
Jason Aldean,2cydSJJLXu2TtP9VoOnGn4,3FfvYsEGaIb52QPXhg4DcH
Adio,6SeFBqjQUAF0s2JVaoU8eJ,1u9z4r9MRMjVc4t2bI2z4W
Rainded,6GsRwYmzOWbrMDXtBUmkCN,0fHeyixPnac66k5oBPclVW
Justin Moore,1b6svBmo0eVcAIfhOSmf71,30e8DmahrEamvLbFRPdWmk
Ashe,5eCmZVM5Kspu2B1cyVdSqq,6P5NO5hzJbuOqSdyPB7SJM
Carin Leon,0GjbNjkZ7Bp8rvzU6y8L4w,66ihevNkSYNzRAl44dx6jJ
Majestic,6PzYuR9c0CYCPJTnqylPhd,6QMABvTzixnxzsLYyhqRxI
Boney M.,6PzYuR9c0CYCPJTnqylPhd,54R6Y0I7jGUCveDTtI21nb
Ryan Castro,3upu3TUmDtq90LfWIxlQCC,7j6DKwmjbxvpQO8h914uEz
Feid,3upu3TUmDtq90LfWIxlQCC,2LRoIwlKmHjgvigdNGBHNo
Luci4,3D9xKfDgJXpGCpaupEg74q,1CbA4z6JauNQnHzOErDQL6
Laura Les,2iguPTaSTwtx4MiAkj6w5O,3sklFG9fuDAq3vbIZlkNH6
Nature Of Sweden,0dk1131P27XQgkbt8bbkiU,7kgwMm8d2igABad4wfEKti
Jordan Davis,2y9DFhTWC7QQJMvygK0TzO,77kULmXAQ6vWer7IIHdGzI
Scotty McCreery,0R9QjGSDl6EX4yWu3Rr1eU,6ZV6lGY0prbqpTD0Md8i29
Luci4,7wfrRI6BAK3b973nWm8mza,1CbA4z6JauNQnHzOErDQL6
Christian Nodal,2KfndxPOnsZsAWAllEsBfc,0XwVARXT135rw8lyw1EeWP
Banda MS de Sergio Lizárraga,2KfndxPOnsZsAWAllEsBfc,2C6i0I5RiGzDKN9IAF8reh
Neoni,2npzGBEPDOfVLN8ajYm3pZ,38wxcfNEqMwuPniHvplin5
Marshmello,66JuK41D3LpkbX3HCTGcQk,64KEffDW9EtZ1y2vBYgq8T
Jonas Brothers,66JuK41D3LpkbX3HCTGcQk,7gOdHgIoIKoe4i9Tta6qdD
Shouse,2HYufzr6XUqSurRZdY0D9w,2TcGJdSOiOvITBzhvfX8XB
David Guetta,2HYufzr6XUqSurRZdY0D9w,1Cs0zKBU1kc0i8ypK3B9ai
bbno$,1YrACh9xDRGpjrkdWz4MfP,41X1TR6hrK8Q2ZCpp2EqCz
Rich Brian,1YrACh9xDRGpjrkdWz4MfP,2IDLDx25HU1nQMKde4n61a
1nonly,3dlb9Ln4sYzsJEppql4uy4,3ZHU5AKrUmIPnCFfr82QER
Bleed The Wicked Menace,4BOqtqeAHmUv4phMH35S4g,36lCD1wpgG2iZFY57owCNi
YBN Nahmir,6mBVdi3OYfVGmMiT4jXkYz,3gGUMEwIX6XodWsYEvKSal
21 Savage,6mBVdi3OYfVGmMiT4jXkYz,1URnnhqYAYcrqrcwql10ft
Young Slo-Be,1PAmNh4VorpJrt4QgfEaHS,1pWm8RcyiWZehSnb38i4fM
siouxxie sixxsta,1hfRW8Q9CbSzVaKCbaFMxB,0OO76E5lRfeyBI3fkA73Dr
Tiësto,2TvfE8CY37OQIPVGcWYpEA,2o5jDhtHVPhrJdv3cEQ99Z
KAROL G,2TvfE8CY37OQIPVGcWYpEA,790FomKkXshlbRYZFtlgla
Masked Wolf,7vus4Q8r5DS2Dl1JClxEsA,1uU7g3DNSbsu0QjSEqZtEd
Los Gemelos De Sinaloa,5Z16tpUTnDDwejC6Dvad5r,1Zkxm1dM3HI3QkTmxUEVQA
PJ Harding,6gaOMLivdMhiFaTuPqTmgj,1RryIbDjpwt00AKkSpCGvP
Noah Cyrus,6gaOMLivdMhiFaTuPqTmgj,55fhWPvDiMpLnE4ZzNXZyW
Gabby Barrett,0AFaIppKjr2lO1pCjx1wK5,6Iz3eq2aQGFf7TbGT2iahL
Adele,21jF5jlMtzo94wbxmJ18aa,4dpARuHxo51G3z768sgnrY
Sodikken,1GuNa6xVjgJIPS0VNll8TR,1MUV2xrrCkG9mhZyVUDGEy
PinkPantheress,3tY6ZOPhcl9B5HVVhs7GkC,78rUTD7y6Cy67W1RVzYs7t
347aidan,3OFuRXFkPOzEZbFp3Os28q,0bBz5bRBkExaej2HxtVfCw
Rod Wave,2RrZgDND03MLu6pRJdTkz5,45TgXXqMDdF8BkjA83OM7z
Cochise,3OE8gkPLqI9zr3hlEz6ruQ,46HzS7yz0c9udVwtbHk1sx
$NOT,3OE8gkPLqI9zr3hlEz6ruQ,5IbEL2xjRtKsunfmsahLuO
Baby Keem,3r46DPIQeBQbjvjjV5mXGg,5SXuuuRpukkTvsLuUknva1
ame,2Iyw159svPU1i8iNnHDIne,7htQnykNfk2Bu39bSw7owz
Bella Poarch,5YKqfiQdPYWJ0kZ5pttY5o,26cMerAxjx9GedFt0lMDjm
mike.,2phcfZd44niczjY0xybcS6,5G9kmDLg3OeUyj8KVBLzbu
Juice WRLD,7aObAFaIOcczMSDnfXz5z6,4MCBfE4596Uoi2O4DtmEMz
Jenna Raine,6RQzi0RPigwT6Y75lVTtYv,3aHe9rMa5HFTjXHw8tEz0A
Lost Frequencies,5YrOK7zze6egKg9a8WRcnD,7f5Zgnp2spUuuzKplmRkt7
Calum Scott,5YrOK7zze6egKg9a8WRcnD,6ydoSd3N2mwgwBHtF6K7eX
Ashley Kutcher,6rdVcCcUOkf0UbuEm7i5Tu,1Zi1c8sWZTy5rDiN3lAuEj
Coldplay,06mXfvDsRZNfnsGZvX2zpb,4gzpq5DPGxSnKTe4SA8HAU
Jasiah,5UthVBNdNdHyqHmSKUlegX,7502fDxg339jvGV08Jd4R0
Maverick City Music,5cqTGnTR7shuPCA2FqyFtR,58r1rB5t3VF5X6yXGPequV
UPPERROOM,5cqTGnTR7shuPCA2FqyFtR,107CG0UhUl9GJnPwF83N63
Q,6Q3iHNU0fOwOxoCvyteue0,22vqVhfPJab5kkU9txDGX3
Feid,0kI46dzlikgAVpJ6LdkbJE,2LRoIwlKmHjgvigdNGBHNo
Lil Tjay,3MEKpJ7wSSp6Z661ThjrUJ,6jGMq4yGs7aQzuGsMgVgZR
Atlus,205UoabL8LIgfrjHi0uvUw,7pEVNuJRlpDXlsrcq32yHp
TWICE,5052Ip89wdW8EGdpjEpNeq,7n2Ycct7Beij7Dj7meI4X0
Zinan,5Pd9BAdq82WtSRll6W9zHC,53Ogdlq3YW29r02FV64tYH
Tornillo,1N1BtWoCxBjmLwTTMFRgaG,5OGraDcSkO4oTWthkm77WL
pluvia,4yhdOzyz5ih5L6YA7kOnAK,2L0WmgzvOHv3xAbc3NY3K6
Shady Moon,1F7sDdTBfac69FjehSaCc9,2urobxol2zYHXOUJXDh8n4
Clairo,32ium7Cxb1Xwp2MLzH2459,3l0CmX0FuQjFxr8SK7Vqag
DESTIN CONRAD,4cGY0jqWYTCIPwQRXHgKvy,4jwROPSUkTkohLCRiyjiZZ
Gerardo Ortiz,0rDFeKay5JBgF7fFIUWYca,4J13m9IZh03PEhoxAxRhXO
ROSÉ,5BQcoDfcZ8aBcikYX9B7Ob,3eVa5w3URK5duf6eyVDbu9
Peso Pluma,3zTdYxlP3AQMBvbLtJQeBE,12GqGscKJx3aE4t07u7eVZ
Juice WRLD,5hUFZjxtqYvxm9FGUhHCdE,4MCBfE4596Uoi2O4DtmEMz
Young Thug,5hUFZjxtqYvxm9FGUhHCdE,50co4Is1HCEo8bhOyUWKpn
Moneybagg Yo,527JxbrqUTevhf0mgQlMWB,3tJoFztHeIJkJWMrx0td2f
DJ Snake,3fG4IID2LEPJ7iBSsnVvuG,540vIaP2JwjQb9dm3aArA4
Future,3fG4IID2LEPJ7iBSsnVvuG,1RyvyyTE3xzB2ZywiAwp0i
TileKid,2oWrvVt4fIMO5DEHXSUrhS,7HaSqpaqnOWSaqvezpdhX4
LISA,66OYt73mqan1hWa78BhfPd,5L1lO4eRHmJ7a0Q6csE5cT
Troye Sivan,44CdsgXhU5R2esprq0tf43,3WGpXCj9YhhfX11TToZcXP
Kanye West,5CnpZV3q5BcESefcB3WJmz,5K4W6rqBFWDnAN6FQUkS6x
StarBoi3,5gH9EDMWWiLEplNCLb1r7l,2WgfkM8S11vg4kxLgDY3F5
PlayaPhonk,4NlCk3xPB0LE5Ab9UwSK7A,1SwmXTElW9TlkK2Rydgb4D
Tito Torbellino Jr,1MyVogY0FXlgs1qtDGk7OK,0dXXFVCw0LKzmHFrTLUaQJ
Justin Morales,0gXdxNdLAdxnqITRqOaMYX,5D7x9esAF6twPxuOqSMkeO
Grupo Firme,7mJxDGu1Ch9awEssKwiqg3,1dKdetem2xEmjgvyymzytS
Grupo Recluta,7mJxDGu1Ch9awEssKwiqg3,2Dlvgi70UoJJicfKgoW5Vo
Monsooners,3B7qr4tEfAr6vqxG8KREW4,5BnvoIO9j362IcN5NkZ9Tq
Sleepy Mood,0oI1JYlTYpbR1ewBStl7Qs,3HkwYBXLxmRKfWOkaknVQ7
Luke Combs,2bnuOCorMF9NzCFQegmfnC,718COspgdWOnwOFpJHRZHS
Ariana Grande,74vajFwEwXJ61OW1DKSPEa,66CXWjxzNUsdJxJ2JdwvnR
Aventura,23zzZlUiABIg4ftZbJ7peK,1qto4hHid1P71emI6Fd8xi
Bad Bunny,23zzZlUiABIg4ftZbJ7peK,4q3ewBCX7sLwd24euuV69X
LPB Poody,2XtDT9YT729iLxWjuTMtrR,0wHeZY93Ede0g1jXaWsiFS
Gabry Ponte,35Q09Y0b7ZxOoCdF7sBiGf,5ENS85nZShljwNgg4wFD7D
LUM!X,35Q09Y0b7ZxOoCdF7sBiGf,0TKFPt9w0AAEnhB9bd0pLy
Prezioso,35Q09Y0b7ZxOoCdF7sBiGf,3iMzbvXlgNUpoFccD60bvr
Phil Wickham,51IGu0d5eyVVO3wAxIm2Ep,5d1JhBfyb58upMXCZOdbQu
ASTN,6EOyWmHnLJptnyjB8xrYT5,7zkwepHPyac6tCYl0fL0co
Kane Brown,3VCaKLIlIDrfKvurZcTmBl,3oSJ7TBVCWMDMiYjXNiCKE
Taylor Swift,6AORtDjduMM3bupSWzbTSG,06HL4z0CvFAxyc27GXpf02
Gracie Abrams,7l2g05NyprwonSFIs2y8at,4tuJ0bMpJh08umKkEXKUI5
Koby Laver,5dLs93ATW8WYVlszbtKKRa,639xerhpqwPMYay6bkjz75
Laufey,2YkyuQGoMV2FlG7mFprnRf,7gW0r5CkdEUMm42w9XpyZO
Philharmonia Orchestra,2YkyuQGoMV2FlG7mFprnRf,09KZU0NsS7jRa5p0SflmGY
Del Water Gap,22ljnmjYzy4TS5tCtaRIUE,0xPoVNPnxIIUS1vrxAYV00
Cardi B,0Fe4Uj7GkgA1uDGGk8s92C,4kYSro6naA4h99UJvo89HB
TALK,4ks1Xkpt67UXbJamJFZ8et,6mx5dgNlLjrDDMyFsgrW87
Mareux,2JnZQM70jbT0J1Xq0qgl24,7riQPkkGZBnTh9ve5qIhYo
Grupo Firme,754Bhr4Ck2WcFAvHWlykmp,1dKdetem2xEmjgvyymzytS
Lenin Ramírez,754Bhr4Ck2WcFAvHWlykmp,3hTffafUYLLgO4yuPAxb5U
Kay Flock,7N2DIKOu4lxVAqcLX8ZOqp,2AMeiDbfU2vonrTkpXDKUu
Lil Nas X,2Hjcfw8zHN4dJDZJGOzLd6,7jVv8c5Fj3E9VhNjxT4snq
ENHYPEN,4LGYBcRsteiXjcPD4QQvxv,5t5FqBwTcgKTaWmfEbwQY9
Maroon 5,1pCA38N6MkLlthXtAOvZTU,04gDigrS5kc9YWfZHwBETP
Regard,6cWawCk4DohREQA42eEOe1,4ofCBoyEiGSePFAG500xev
Troye Sivan,6cWawCk4DohREQA42eEOe1,3WGpXCj9YhhfX11TToZcXP
Tate McRae,6cWawCk4DohREQA42eEOe1,45dkTj5sMRSjrmBSBeiHym
Alta Elegancia,2CPwUEgvViKF6S7LAchZAZ,7EOpIcFOVG2PedJgVbCHJ2
Parker McCollum,6uiblZVOgKdhYp96cSCtqu,0Z8XVUAOBPM4x12wKnFHEQ
Lucy Bennett,6hw4US0vWulw2mwHkI6W2B,2gpFIVZUCq1gf8RALTZaWj
The Kid LAROI,4QLAtpLNUsHEYrcHXmMIZZ,2tIP7SsRs7vjIcLrU85W8J
Justin Bieber,4QLAtpLNUsHEYrcHXmMIZZ,1uNFoZAHBGtllmzznpCI3s
Lainey Wilson,3I0SEplNpqsPfnLVZsNPif,6tPHARSq45lQ8BSALCfkFC
BigXthaPlug,5mfu4PYgYHbDBUvfCcAMVy,6qxpnaukVayrQn6ViNvu9I
SXMPRA,5XyrJDyXLimURWjVboM1tC,14uo609t1MvRGZcskySt9R
El Alfa,2WG76KEpCWL8c790ZIEXk7,2oQX8QiMXOyuqbcZEFsZfm
CJ,2WG76KEpCWL8c790ZIEXk7,7arQA31aZVS8yS6zUveWzb
Chael Produciendo,2WG76KEpCWL8c790ZIEXk7,2iI5KWXLjw1tqLQsdjuo0e
KAROL G,3NRAio2j75NpNvs8KcIgtc,790FomKkXshlbRYZFtlgla
Nivel Codiciado,2vR2wBrb5I4UKOVyMxxVz8,5aHKxMwIrPVwy4m6FTOiXK
José Mejía,2vR2wBrb5I4UKOVyMxxVz8,111WEufNVhB1lRCVHAqEve
Young Thug,7IKkHmEk4It4cRdOYanyvW,50co4Is1HCEo8bhOyUWKpn
Savasana,5BlMYaGM6uoxCXfzHkZida,5EvA844VMdq61U5M4Ds0Fk
MEDUZA,27rVuwJ0g0eKRpnvEhQl3G,0xRXCcSX89eobfrshSVdyu
Hozier,27rVuwJ0g0eKRpnvEhQl3G,2FXC3k01G6Gw61bmprjgqS
MC ORSEN,4ASsNh1WHAjrGKh5jp0Q4F,2DXPtOc14uPVvK7qggj2a3
ITZY,4U7rGOkJgtxs27H9L93Xli,2KC9Qb60EaY0kW4eH68vr3
Lily Meola,71c88ePh8VRMXLmLdDEGzf,5WC6EbIrTO76x30w5LtzS6
Farruko,2A5ksnhz7YWbRLvFMjX1j1,329e4yvIujISKGKz1BZZbO
Cico P,27gsXWvDKDGRRaEiqxGuP2,3jAZsSIIA8HLjxR99biJyx
Andy Grammer,3ciVcxQykTNkAznZzpDOJK,2oX42qP5ineK3hrhBECLmj
GAYLE,23M1xUF2RoRSvXtpwQP4rJ,2VSHKHBTiXWplO8lxcnUC9
Lostboycrow,1RYBqAoMBjelC8bI6UJX2O,5PxCTrv3Y1xVACfngpt7D2
Shawn Mendes,4nProAxFavzKkbaRQ2Otyk,7n2wHs1TKAczGzO7Dd2rGr
Tainy,4nProAxFavzKkbaRQ2Otyk,0GM7qgcRCORpGnfcN2tCiB
Post Malone,4tokbQaFXRrq8keVGBD9vb,246dkjvS1zLTtiykXe5h60
Marca MP,07TMPBekE9j6Q1ae126ysU,44mEtidu0VdRkIqO4IbkNa
Brent Faiyaz,6ymw9w3tGhxVGBskQAhsvm,3tlXnStJ1fFhdScmQeLpuG
DJ Dahi,6ymw9w3tGhxVGBskQAhsvm,5BozIJTTNCufaZpjhy2der
Blessd,50SdnzlrXUMadt9JYeaJSh,1TA5sGRlKUJXBN4ZyJuDIX
DJ Scheme,33O2GXSm43GLTmYQSTxDoL,1m7LSAMIB1BErIHYSOn32W
Nardo Wick,338LPt19lJ2GiGmxDSOAtR,0Njy6yR9LykNKYg9yE23QN
Sierra Ferrell,5ZI0k3IynnC5C9QKMmY7cB,3oVcF3VdpMuvMvLLyHPT4t
GAYLE,6tUQPKlpR4x1gjrXTtOImI,2VSHKHBTiXWplO8lxcnUC9
El Fantasma,1e35jCMYgVC4dOt1YykB6v,0my6Pg4I28dVcZLSpAkqhv
Cody Johnson,5MzgI1Hzjkf1Dj7xW7d1GL,6zLBxLdl60ekBLpawtT63I
The Neighbourhood,6GzXN4CWv0p5jIMKRU0ZBZ,77SW9BnxLY8rJ0RciFqkHh
Papa Roach,3VXjXfZCtUllbqHKAYLSzC,4RddZ3iHvSpGV4dvATac9X
Jeris Johnson,3VXjXfZCtUllbqHKAYLSzC,2hmePXeTr2b7cdRAtRjvPq
PlayaPhonk,1TphjjWjHo2s2nFeZWrThI,1SwmXTElW9TlkK2Rydgb4D
Blueface,1DJ4bBATfVNTZ3Y0JlX9oi,3Fl1V19tmjt57oBdxXKAjJ
Og Bobby Billions,1DJ4bBATfVNTZ3Y0JlX9oi,6bS1ddLkqrK5Jl6GyKK4j2
Mitchell Tenpenny,3XoK5Dz1cSeeRi5bbO2Gbt,1p6CdzJRoicjRcSdWoB9Qc
cloudcity,0YXwzkrl8DQFvjXbcTdeSe,3GLqH1P5kbxsIWqCwOwaB8
EST Gee,1RsqFdvHFKN9VGpBmJtUku,4FlG0V0jhLO4qGpayFOphj
Meryl Stream,6vJEQDkD0nvKBuEgWiigVh,7wU4Xw4xqmBzfy2TIej8qa
Migos,3uyOwJu4r3yroAkFywNFM3,6oMuImdp5ZcFhWP0ESe6mG
Chayce Beckham,4UoCxroyE9PTk016nnqKiK,5ujvZU2thXjZgFKPUt1rDt
grentperez,0m3xqY9mNxOakhzLMipjKl,73BLwSX6gsNeVzS7DgI4xe
Gaea Antoniou,09qRQwHteDmqgCTEe2HcYl,3L8lia6SiogIvkEl2qQ32d
Cl4pers,7nHMe9rUda5n7GwppbV4lV,7J2iS8AJGjC7om2vgBXdDJ
Joel Corry,5wJb3DBSoSMKYJA8TrNKi8,6DgP9otnZw5z6daOntINxp
Jax Jones,5wJb3DBSoSMKYJA8TrNKi8,4Q6nIcaBED8qUel8bBx6Cr
Charli XCX,5wJb3DBSoSMKYJA8TrNKi8,25uiPmTg16RbhZWAqwLBy5
Taylor Swift,6kZ42qRrzov54LcAk4onW9,06HL4z0CvFAxyc27GXpf02
Hotel Ugly,4QOjBDPM9AbaxFzV9khrca,35WVTyRnKAoaGExqgktVyb
Colby Acuff,6h3QqAyUznHmGJj90J3WZl,2L9DVKDXY3W8uRl5TwLbMC
Edgardo Nuñez,0e6v7RAfsLk2UHr5gvDitO,0mA4dkNGiN4fqTBi2SLlAv
Surfaces,5PrhnVNOKoJC2aLLfabxuB,4ETSs924pXMzjIeD6E9b4u
Tono,5CAI53hmKfuMEiDuWIUg2F,4TBU1LUldUubb3RaqmLLN7
Tokischa,6rFyXU9FiGytyYqfbwYO09,2p4aN0Uxkk3iT3HK0cJ2cJ
ROSALÍA,6rFyXU9FiGytyYqfbwYO09,7ltDVBr6mKbRvohxheJ9h1
Grupo Firme,5cyWGgkGniYOaNkKrPOy1p,1dKdetem2xEmjgvyymzytS
Maluma,5cyWGgkGniYOaNkKrPOy1p,1r4hJ1h58CWwUQe3MxPuau
YBN Nahmir,7neQoxL2lAY27Xa7FMQj4y,3gGUMEwIX6XodWsYEvKSal
Brooke Maxwell,63JLhZdWWlSldDCyScZ3wB,0ZMoJIyiDeIMJOqt7Pu74b
Jacob Richmond,63JLhZdWWlSldDCyScZ3wB,4ejCEsiLoioHxdLmYNvIAY
The Rare Occasions,4Uf8BVznefnd2xZm2nRFUx,1QfpRUtH14JLoY6F6AYmwt
Taylor Swift,6IZm7NfvWyXp952VF36Z5F,06HL4z0CvFAxyc27GXpf02
The Weeknd,2fyOpT5c9kxR8zbDh6UtXh,1Xyo4u8uXC1ZmMpatF05PJ
Ariana Grande,2fyOpT5c9kxR8zbDh6UtXh,66CXWjxzNUsdJxJ2JdwvnR
Goth Babe,3T0gMffhvjVW4DQi6PUj1L,7o96HO2zrujyATtVsqGhh3
Mitchell Tenpenny,50zMs3AwxduoOoQoN17955,1p6CdzJRoicjRcSdWoB9Qc
Key Glock,7snqOEQEtKqxJw3NTGml6i,0RESbWvOMyua0yuyVrztJ5
Sonder,0HaY1bBhaYUEXBOSva6Pf7,2ICR2m4hOBPhaYiZB3rnLW
Jorja Smith,0HaY1bBhaYUEXBOSva6Pf7,1CoZyIx7UvdxT5c8UkMzHd
bbno$,6iMshsixZe8oMteQdln5kp,41X1TR6hrK8Q2ZCpp2EqCz
Dormir Dan,3uBJcpWWkUjf67rmvtJ4Fc,2B8ofgf0e96eyGnXfYNtST
Jnr Choi,70uNWLPkbci5L1bZI1Mzp6,1Z25ZlGHqqlr3o1UGQOfNn
Sam Tompkins,70uNWLPkbci5L1bZI1Mzp6,04uu8U3I1h26Fp2NBkPTRZ
Griff,6CR4ozv4yOdaA3f6PPQepA,5RJFJWYgtgWktosLrUDzff
Edicion Especial,38P4ol8xZRrL4DqxxWKMAo,7DkseLyOZrdRjCuoWFtqFi
DJ Khaled,5kE2OAuUYGBqqzscqgBXXf,0QHgL1lAIqAw0HtD7YldmP
Wale the Sage,4aGT0S4pchi25g6mtEbZ5j,4alndwWPbM9ApMYLjg19oD
BIA,7swo0lVREzeFmLpCTKAkzs,6veh5zbFpm31XsPdjBgPER
Nicki Minaj,7swo0lVREzeFmLpCTKAkzs,0hCNtLu0JehylgoiP8L4Gh
Pooh Shiesty,2UwJ4Nt10VStLczYefhcEV,5F1aAS1duwlzExnPs3l2Xe
Marc Seguí,2Ke07jWpOWaNVYpNMmXt7C,5FQ8tBUtIamA2hRtatrYUF
Rauw Alejandro,2Ke07jWpOWaNVYpNMmXt7C,1mcTU81TzQhprhouKaTkpq
Pol Granch,2Ke07jWpOWaNVYpNMmXt7C,1aMt4A5jrQHxDYyC7rXgV0
Chief Keef,1sujvm6paInfm8fYnNdjIy,15iVAtD3s3FsQR4w1v6M0P
BoyWithUke,0NzheutoSuzfMlENTnHTQl,1Cd373x8qzC7SNUg5IToqp
Drake,3SpBlxme9WbeQdI9kx7KAV,3TVXtAsR1Inumwj472S9r4
Meek Mill,3cLQ49Ll3nGRkw3HSSk92K,20sxb77xiYeusSH8cVdatc
Sarah Cothran,0RiimwsSMUsxrBu0RsyuRH,3kft86DbqCNr7rjq3pEj0G
NLE Choppa,24t0q0pqu7y9udfr89qf42,0ErzCpIMyLcjPiwT4elrtZ
IU,01dPJcwyht77brL4JQiR8R,3HqSLMAZ3g3d5poNaI7GOU
Erick B,1toqZv5ko57peyVVpYJFvo,7vp0b6TMlF5PF9eIeSzadf
Saweetie,28Yv9BE6ZI6dccK0sxbEq4,6cK3NBO6uP7hh0oyuVELFl
Doja Cat,28Yv9BE6ZI6dccK0sxbEq4,5cj0lLjcoR7YOSnhnX0Po5
Key Glock,3lMWNCoEQzdbb9lSZa5gv9,0RESbWvOMyua0yuyVrztJ5
Machine Gun Kelly,2y8j3djW8ZswvAbEcPBBti,6TIYQ3jFPwQSRmorSezPxX
CORPSE,2y8j3djW8ZswvAbEcPBBti,7yntSJ6uojO3z6GFUVwhAW
Faye Webster,424bxvpYyNDM2DFFibeKs0,5szilpXHcwOqnyKLqGco5j
DigBar,53fwPwnhRo2WpC45mQahUL,3Kb7e8b1tSd7TLa3cy7HUV
Conjunto Rienda Real,1NsJ6u8jcjsyZi9igmkbqw,5N3AyFVEE8vJa7AZEl7nD3
Travis Scott,3SdFuYwyWoq7kuaHdTDcyD,0Y5tJX1MQlPlqiwlOH1tJY
HVME,3SdFuYwyWoq7kuaHdTDcyD,2o08sCWF5yyo2G4DCiT7T9
Shawn Mendes,3sDud6BapENewYxlL8VH8r,7n2wHs1TKAczGzO7Dd2rGr
Jack Harlow,4K3SQSfKMXLcVnyUSFELZw,2LIk90788K0zvyj2JJVwkJ
Pooh Shiesty,4K3SQSfKMXLcVnyUSFELZw,5F1aAS1duwlzExnPs3l2Xe
24kGoldn,270o30h7cAlEhBnbuSpFZq,6fWVd57NKTalqvmjRd2t8Z
Ashnikko,438ToDoVaJH5aTIXXrlDyI,3PyJHH2wyfQK3WZrk9rpmP
The Kid LAROI,576UTio7xgY7YUxrHMzxeI,2tIP7SsRs7vjIcLrU85W8J
Lil Peep,2D5tHTr2nSi97CTDsPoDAa,2kCcBybjl3SAtIcwdWpUe3
Lil Tracy,2D5tHTr2nSi97CTDsPoDAa,5g63iWaMJ2UrkZMkCC8dMi
KAYTRANADA,4BwfoXhDqTfiGS6pZueR9g,6qgnBH6iDM91ipVXv28OMu
Bruno Mars,4VZ7jhV0wHpoNPCB7Vmiml,0du5cEVh5yTK9QJze8zA0C
Anderson .Paak,4VZ7jhV0wHpoNPCB7Vmiml,3jK9MiCrA42lLAdMGUZpwa
Silk Sonic,4VZ7jhV0wHpoNPCB7Vmiml,6PvvGcCY2XtUcSRld1Wilr
Tems,0x2ntwkM3GoLVAPjAOPrWv,687cZJR45JO7jhk1LHIbgq
jxdn,11xZPFzFKdaLz2BTS1d48T,6Y64EaNqpqcZYTgs4c76gF
EKKSTACY,2momrvUqAMigmBoOOKuavE,0ynzbXwyCzxicMKHBoOkSH
BONES,62fU5P80Fv7suhcIt568tB,5v2WhpA59TJSdPh7LCx1lN
J Balvin,11GmvpYnbgK0rSryPaV5BP,1vyhD5VmyZ7KMfW5gqLgo5
Rod Wave,15BnishwaiZhh0ZY3fnxMN,45TgXXqMDdF8BkjA83OM7z
Sleep Token,4SD2UxRO9OgeSCQK0PN7cC,2n2RSaZqBuUUukhbLlpnE6
Jhayco,3AwzfcsXeljU7JkG5GQn8Y,6nVcHLIgY5pE2YCl8ubca1
Mike Dimes,4tnNsvUsbJAoI9FESgvkOJ,6rIaHuCIUu32uj2CjlEBN3
Masked Wolf,6qNMYsx5OUFDXWAoct9Pge,1uU7g3DNSbsu0QjSEqZtEd
Flows of Sleep,6GuGhvQs5EpSxr6wQd71Bd,1MAazf048soVcELWMYehho
Yng Lvcas,0CPD6yP11H86RohYYNBD76,1NNRWkhwmcXRimFYSBpB1y
Cochise,2wq6cnNKGy6tP5c5ow5Uo8,46HzS7yz0c9udVwtbHk1sx
Calibre 50,4CK4qIkDBB1Knqwzkm12RZ,4jogXSSvlyMkODGSZ2wc2P
The Noisy Outdoors,6ZKRu38HcgmoIaJwj61XgD,6ipASreqbHk6a7aR2xo9BW
Sadie Jean,7vHnOZjiqPEgDP6BkmEp2Z,0sMAHzxguan2KpnKFZPW2d
Bizarrap,4b2xHCwmoOeGHbo15dtqfb,716NhGYqD1jl2wI1Qkgq36
Eladio Carrion,4b2xHCwmoOeGHbo15dtqfb,5XJDexmWFLWOkjOEjOVX3e
Ezekiel,2myOeDsuEGTSUhmkRQMH0v,4qUoZ6ErhTYFhAI0W1iI9q
Tai Verdes,6MGSAlP80JS800sXlYroNG,2kCO8LXN1usaOPL3iEE28I
Imagine Dragons,1bTgKomQYSkKYPD9UI9W4b,53XhwfbYqKCa1cC15pYq2q
JID,1bTgKomQYSkKYPD9UI9W4b,6U3ybJ9UHNKEdsH7ktGBZ7
Arcane,1bTgKomQYSkKYPD9UI9W4b,57nPqD7z62gDdq37US9XJR
Bad Bunny,6VSOIs13DaSG2IPilNviX5,4q3ewBCX7sLwd24euuV69X
keshi,3boOG8cQ8szHDizPKUyBFD,3pc0bOVB5whxmD50W79wwO
Peso Pluma,6USJaTtVIy0YH5hhzOWVHe,12GqGscKJx3aE4t07u7eVZ
Rvssian,3752EkZZ1wjEzZ1MRd9rsV,1fctva4kpRbg2k3v7kwRuS
Rauw Alejandro,3752EkZZ1wjEzZ1MRd9rsV,1mcTU81TzQhprhouKaTkpq
Chris Brown,3752EkZZ1wjEzZ1MRd9rsV,7bXgB6jMjp9ATFy66eO08Z
Drakeo the Ruler,2bY51cinHBlscXIoLUsDYa,0p4ViyfJUTW0IT4SCBLexf
Pink Sweat$,74UvOvL6L4tZbYFtY759ZG,1W7FNibLa0O0b572tB2w7t
Kane Brown,0jpQZkMeWh9yysxyTSCywk,3oSJ7TBVCWMDMiYjXNiCKE
blackbear,0jpQZkMeWh9yysxyTSCywk,2cFrymmkijnjDg9SS92EPM
Eminem,0H1ASykMKIX8PYfqxbxBar,7dGJo4pcD2V6oG8kP0tJRR
Jack Harlow,0H1ASykMKIX8PYfqxbxBar,2LIk90788K0zvyj2JJVwkJ
Cordae,0H1ASykMKIX8PYfqxbxBar,0huGjMyP507tBCARyzSkrv
Wacotron,4Wj7RdGgmcNbNghdgUVQXi,4CAL0nDGvLhUfQEpwSLnUz
Lloyd Vaan,7Jgwg8nxsehAXjIYYsdanE,3HFWqhd60hrJB8fpyjrTLu
Gabby Barrett,07ta8NK5ZipBOVSQgbGxtd,6Iz3eq2aQGFf7TbGT2iahL
Conan Gray,03HTFr18vhLwCLFq6kWHIw,4Uc8Dsxct0oMqx0P6i60ea
Eric Church,4MRgsu0MBuBHzMhTLBgnNz,2IvkS5MXK0vPGnwyJsrEyV
Cochise,3QXYqRVyBQfNK3MDn82hVF,46HzS7yz0c9udVwtbHk1sx
MAX,4TENiEyNNnHbRixbSa0XKg,1bqxdqvUtPWZri43cKHac8
Ali Gatie,4TENiEyNNnHbRixbSa0XKg,4rTv3Ejc7hKMtmoBOK1B4T
DJ Snake,2TGtXG18s21Q1jnY2TC39M,540vIaP2JwjQb9dm3aArA4
Ozuna,2TGtXG18s21Q1jnY2TC39M,1i8SpTcr7yvPOmcqrbnVXY
LISA,2TGtXG18s21Q1jnY2TC39M,5L1lO4eRHmJ7a0Q6csE5cT
beabadoobee,6EBrUVVsjIQD8N0c63mqjv,35l9BRT7MXmM8bv2WDQiyB
DaBaby,2u1Wc12FWm7X2ueUHCHxJC,4r63FhuTkUYltbVAg5TQnk
Trippie Redd,4sS5IjHR0YOJQdSTQ8whWz,6Xgp2XMz1fhVYe7i6yNAax
Pi’erre Bourne,2i5NyX1puwpGt7tmaP5sEg,3x3jSlhyv5CiCZDZlaTq0M
Fuerza Regida,4n05Mdr8HuetVr4V6TWnWI,0ys2OFYzWYB5hRDLCsBqxt
Remi Wolf,7tJ8Wtej161vR0uCbGDiDR,0NB5HROxc8dDBXpkIi1v3d
Liquid Planet Recordings,2UzTbwe7H4pgyenZB8s8bR,6jdXzmcf0crcLQOkn58oLQ
Fuerza Regida,55ALbKLzliLSlrbVRcWft9,0ys2OFYzWYB5hRDLCsBqxt
Luis R Conriquez,55ALbKLzliLSlrbVRcWft9,0pePYDrJGk8gqMRbXrLJC8
Calle 24,55ALbKLzliLSlrbVRcWft9,6dLuQ5qXxIuWc5urxfIiZR
Montana99,4DZWXg7CmxlSFgIt83wTYr,4b3DUSYA69Wfn0AmgD0Zaj
Tiësto,278z9UXJaMNDH9Bel9uAxV,2o5jDhtHVPhrJdv3cEQ99Z
Ava Max,278z9UXJaMNDH9Bel9uAxV,4npEfmQ6YuiwW1GpUmaq3F
El Fantasma,1c53AOH8tvbZb1mY3jpAHq,0my6Pg4I28dVcZLSpAkqhv
Grupo Ensamble,59DJY70HuReCmWs6EzRoNA,4qDQBPUMcJUH7BQ9dfJnfI
El Tiburon Mayor,59DJY70HuReCmWs6EzRoNA,16mcbsKWKfaPgtPLXACWC4
Big Red Machine,3YbMxdapL6mvSQjosFkc0T,7gXy60xRcwYujBFoYHnR2O
Taylor Swift,4j2syEjl3h1To8KbRgvmJn,06HL4z0CvFAxyc27GXpf02
Gera MX,3Jv8XjzlQel3avRbOzysXB,2hejA1Dkf8v8R0koF44FvW
Christian Nodal,3Jv8XjzlQel3avRbOzysXB,0XwVARXT135rw8lyw1EeWP
Royal Rain,4zi0Wh076joFe9HESotzxP,2C32BFATM0fyN4FFTl3fHe
CORPSE,3Hz3XGYtM6rcRIPBJVAury,7yntSJ6uojO3z6GFUVwhAW
Bruno Mars,1YgekJJTEueWDaMr7BYqPk,0du5cEVh5yTK9QJze8zA0C
Anderson .Paak,1YgekJJTEueWDaMr7BYqPk,3jK9MiCrA42lLAdMGUZpwa
Silk Sonic,1YgekJJTEueWDaMr7BYqPk,6PvvGcCY2XtUcSRld1Wilr
Russ,4rznzfuokCVEOo5amWNx7c,1z7b1Pr1rSlvWRzsW3HOrS
Eladio Carrion,4JaYe7HIddzNaF3rUgJzHI,5XJDexmWFLWOkjOEjOVX3e
Nio Garcia,1jTRS4KS666BesH1GUHyEV,5hdhHgpxyniooUiQVaPxQ0
J Balvin,1jTRS4KS666BesH1GUHyEV,1vyhD5VmyZ7KMfW5gqLgo5
Bad Bunny,1jTRS4KS666BesH1GUHyEV,4q3ewBCX7sLwd24euuV69X
Luke Combs,1KUJKWXmE95TPXxeJecop9,718COspgdWOnwOFpJHRZHS
Billy Strings,1KUJKWXmE95TPXxeJecop9,1ZN1c1qWEGZNX1pGeKCPpf
Vance Joy,6zQCdokfVne8dFU5Z5BpS3,10exVja0key0uqUkk6LJRT
Nicky Youre,0VaHnwzDug4AcDkejYDUl5,7qmpXeNz2ojlMl2EEfkeLs
dazy,0VaHnwzDug4AcDkejYDUl5,38PzLQE4GW8o7A18oGhi0x
Chayce Beckham,2iooIm9txIXCow2rvSg7Aa,5ujvZU2thXjZgFKPUt1rDt
Imagine Dragons,2Y9Kal9IDz6JphsCfY6GzG,53XhwfbYqKCa1cC15pYq2q
Arcane,2Y9Kal9IDz6JphsCfY6GzG,57nPqD7z62gDdq37US9XJR
League of Legends,2Y9Kal9IDz6JphsCfY6GzG,47mIJdHORyRerp4os813jD
framed,3PgoWZSSEFdI0f5gektpdn,6qW2MCeqjNlMwiLl0JPbuZ
A Boogie Wit da Hoodie,1VxVQAgekwkFo8yoXvFZ8o,31W5EY0aAly4Qieq6OFu6I
99zed,4TxQPPeud0bVH3RcoHCzcT,7kjqkL4lIUyxO4HLzpRYo9
Saliva Grey,4TxQPPeud0bVH3RcoHCzcT,1a7xjqgtH0LtzVv80S9kVx
SpotemGottem,01rBH68wmywHjXgati7fzd,3Y2MLcrD3ZQXRXmtn4fZQx
NLE Choppa,01rBH68wmywHjXgati7fzd,0ErzCpIMyLcjPiwT4elrtZ
Egzod,5fNgtPuw6QFGW7M9FdOX5x,3exvMmrLV6o4R42YnG3Id6
Maestro Chives,5fNgtPuw6QFGW7M9FdOX5x,1HD6q5dxREv64GOc3H7vBs
Kaito Shoma,04QDTmdKMoDHqqFaHEoDVP,3Tv1UzQAvn0v0hKTxisXnR
DJ Paul,04QDTmdKMoDHqqFaHEoDVP,2ledyuziz6YjLK5Dw483Oc
Kingpin Skinny Pimp,04QDTmdKMoDHqqFaHEoDVP,5kkVPwCLmdkqaSQpptZtXj
LUCKI,0BA1h18jGi9tQ4iUAacLMG,5tQMB0cuNXdCtzovGt55uD
F1LTHY,0BA1h18jGi9tQ4iUAacLMG,6NmvwMFvNRQmWdW5N1nxsC
Dan + Shay,7L8IHgiomfEpxOm61vgPTm,7z5WFjZAIYejWy0NI5lv4T
che,4IZknU9lFykJaudWhINIDl,5A7T1LAGJg5NXySBoIKUmF
Laufey,7pooeoqY4uJkTaW70qxm3z,7gW0r5CkdEUMm42w9XpyZO
Various Artists,3WCLzYOlSmLD2cy1RXdwUd,0LyfQWJT6nXafLPZqxe9Of
Isaiah Rashad,6TQ8nqw43uUOWu7Yqp58ko,6aaMZ3fcfLv4tEbmY7bjRM
Chase Matthew,1uNypcb5QCqYQ70tg6LV5q,7HTLVyjNf0VRxfIgNcfRRH
Cafuné,2dEf6lN5qYFQQy3Jd3ScHG,581C5Qwl87TskfBEzuoisu
Larry Fleet,7AzZB0UHZtWu7Ya8yQN3iW,6MWr1SmTaCU5BJzOZxwJEw
Los Del Limit,7hnH4pDgMDP4veSuZ7Uxlz,4pQxRQ2bUyVpk89wzztCLw
Måneskin,7KF1Ain9mYYlg5M46g0i4A,0lAWpj5szCSwM4rUMHYmrr
Lovejoy,43yKUvEVZ2dTy2vOrozS2j,33tFkBLsl6f8TjKkV0uF0C
AJR,1y2AzG31F4CuCKQ1rpIzaI,6s22t5Y3prQHyaHWUN1R1C
DDG,4TzzpYnIMI8opSO9koKKVG,0WK3H9OErSn5zKOkOV5egm
OG Parker,4TzzpYnIMI8opSO9koKKVG,5hhgghBFkLDdMn93GW4x3I
Coldplay,39McjovZ3M6n5SFtNmWTdp,4gzpq5DPGxSnKTe4SA8HAU
BTS,39McjovZ3M6n5SFtNmWTdp,3Nrfpe0tUJi4K4DXYWgMUX
Warren Zeiders,3467Wn1M2kESux2YS9Rczi,7kplJl06UmldxLKseURAYi
Bailey Zimmerman,5jmp7q0hmtB7vlacGfTdAB,3win9vGIxFfBRag9S63wwf
Billie Eilish,0JGOiO34nwfUdDrD612dOp,6qqNVTkY8uBg9cP3Jd7DAH
Zach Bryan,6K77XaXUfKyBHyow6u7XPl,40ZNYROS4zLfyyBSs2PGe2
Blake Shelton,0s1A44tg1Y21SLHDylmugR,1UTPBmNbXNTittyMJrNkvw
Flatland Cavalry,7mbvRPQce4Lg8NpQkpOzxX,4SfGzWmeoNPKIOmiyc7Pav
Florida Georgia Line,6dfdmMDGw988CzNEFdnIcY,3b8QkneNDz4JHKKKlLgYZg
FL Dusa,3AocIGXpIRlNgd2BSoETUH,1l39BupEDqsioWGVDXluVG
Kevin Gates,3AocIGXpIRlNgd2BSoETUH,1gPhS1zisyXr5dHTYZyiMe
Three Peels,7zV4TOfILpmyaArpIZqzkO,550PiaxNneb0AaqPp7sWWS
Lola Brooke,00WvhKa7aS4GRBHsRy2vRS,2Ggj5XNlIb4Lnbqe307FyB
Billy B,00WvhKa7aS4GRBHsRy2vRS,3P2dL1jA3FykjGry2EcZEf
mazie,7uzmNefPoRgc5Pi9DS00CC,4adSXA1GDOxNG7Zw89YHyz
Ivan Cornejo,4DmITPOATTsiWEWtJrPqkk,6PH3FLQAxtqYy46Zv08bpV
Only The Family,7HCh4HQHDNZkXphOzb6ugT,3IaKn0ExWTMPqa0mscUYw3
Tainy,4589OIFRZp41qbsp7TWFCx,0GM7qgcRCORpGnfcN2tCiB
Bad Bunny,4589OIFRZp41qbsp7TWFCx,4q3ewBCX7sLwd24euuV69X
Julieta Venegas,4589OIFRZp41qbsp7TWFCx,2QWIScpFDNxmS6ZEMIUvgm
Parmalee,33TRcgk13pDfnELf22G8wN,4TshyQDihSYXSWqvclXl3I
Lovejoy,5nlhLmWKBfIzkCxwVRAFd2,33tFkBLsl6f8TjKkV0uF0C
Travis Scott,5FB5E1fwFeVqpz2CCzRSve,0Y5tJX1MQlPlqiwlOH1tJY
Peso Pluma,0e4cbWt2IcUYPXn7jCQXt0,12GqGscKJx3aE4t07u7eVZ
KSLV Noh,0bwtv7A8S0PMvgobvukQO7,2ElMqlv5py0QFIVXUff627
Wilderado,4jPnb0rdxEawWMlO8RfzJP,1Tp7C6LzxZe9Mix6rn4zbI
Ruth B.,0W26SC6AcPdqk1Hz5hfWnj,2WzaAvm2bBCf4pEhyuDgCY
Hotel Ugly,7iMzKbqiM22sVThqjOWqPl,35WVTyRnKAoaGExqgktVyb
bbno$,1LeB4us5kQb6xoSXM1kws8,41X1TR6hrK8Q2ZCpp2EqCz
Diamond Pistols,1LeB4us5kQb6xoSXM1kws8,1OzGBMZ8rp73R6DWx0IUr5
Rio Romeo,66kse7y7d7ycufUwpUr184,22y08IZx7u6SWpsfap1Cub
Grupo Firme,2F58yhcgZckSuL5pDXqEi8,1dKdetem2xEmjgvyymzytS
Grupo Recluta,2F58yhcgZckSuL5pDXqEi8,2Dlvgi70UoJJicfKgoW5Vo
La Santa Grifa,7x0UG4rToHvR7HkzqGN06a,1oH2B8tcHn4Gpl2bmmyd4A
Dierks Bentley,5MCXOrCsU3R1xQ3kLI4oXM,7x8nK0m0cP2ksQf0mjWdPS
Ethel Cain,0gAyvJCgGfm5AqcRvAV3Ob,0avMDS4HyoCEP6RqZJWpY2
Adele,224jZ4sUX7OhAuMwaxp86S,4dpARuHxo51G3z768sgnrY
Hot Freaks,1yXAYcuyEvKKc8SKJVnmyM,0wGzciem2JUvglxX6Hr3E9
La Fiera de Ojinaga,4GnznPcGs85z1yeeWA5Gyi,6qm0DFounuQWwu6IF0ZGH2
Smiley,2ioMOjxtndeNFrssEFnIjF,6jeg7JBX9J9097esK752iR
Russ,6QYK9rRB1nJ1ZnhEiOKT1J,1z7b1Pr1rSlvWRzsW3HOrS
A Dreaming Machine,59rZF6CVD9k11WPzt8eC5G,7rybj6DFBE9HYjDsD4ILuA
